NVIDIA RTX A6000,dna_r10.4.1_e8.2_400bps_fast@v4.3.0,64,2.89127e+07,1223282688
NVIDIA RTX A6000,dna_r10.4.1_e8.2_400bps_fast@v4.3.0,128,5.38287e+07,1374493696
NVIDIA RTX A6000,dna_r10.4.1_e8.2_400bps_fast@v4.3.0,192,7.27034e+07,1518170112
NVIDIA RTX A6000,dna_r10.4.1_e8.2_400bps_fast@v4.3.0,256,9.13759e+07,1666501120
NVIDIA RTX A6000,dna_r10.4.1_e8.2_400bps_fast@v4.3.0,320,1.06944e+08,1819134464
NVIDIA RTX A6000,dna_r10.4.1_e8.2_400bps_fast@v4.3.0,384,1.06502e+08,1958971392
NVIDIA RTX A6000,dna_r10.4.1_e8.2_400bps_fast@v4.3.0,448,1.15963e+08,2105206784
NVIDIA RTX A6000,dna_r10.4.1_e8.2_400bps_fast@v4.3.0,512,1.24693e+08,2263773696
NVIDIA RTX A6000,dna_r10.4.1_e8.2_400bps_fast@v4.3.0,576,1.34296e+08,2399773184
NVIDIA RTX A6000,dna_r10.4.1_e8.2_400bps_fast@v4.3.0,640,1.40451e+08,2548105216
NVIDIA RTX A6000,dna_r10.4.1_e8.2_400bps_fast@v4.3.0,704,1.33495e+08,2707529728
NVIDIA RTX A6000,dna_r10.4.1_e8.2_400bps_fast@v4.3.0,768,1.38514e+08,2840574464
NVIDIA RTX A6000,dna_r10.4.1_e8.2_400bps_fast@v4.3.0,832,1.44329e+08,2987097600
NVIDIA RTX A6000,dna_r10.4.1_e8.2_400bps_fast@v4.3.0,896,1.47735e+08,3137064960
NVIDIA RTX A6000,dna_r10.4.1_e8.2_400bps_fast@v4.3.0,960,1.5259e+08,3283474432
NVIDIA RTX A6000,dna_r10.4.1_e8.2_400bps_fast@v4.3.0,1024,1.47194e+08,3428610560
NVIDIA RTX A6000,dna_r10.4.1_e8.2_400bps_fast@v4.3.0,1088,1.49684e+08,3575943680
NVIDIA RTX A6000,dna_r10.4.1_e8.2_400bps_fast@v4.3.0,1152,1.52771e+08,3722254336
NVIDIA RTX A6000,dna_r10.4.1_e8.2_400bps_fast@v4.3.0,1216,1.57413e+08,3872929280
NVIDIA RTX A6000,dna_r10.4.1_e8.2_400bps_fast@v4.3.0,1280,1.57124e+08,4016744960
NVIDIA RTX A6000,dna_r10.4.1_e8.2_400bps_fast@v4.3.0,1344,1.62794e+08,4190637568
NVIDIA RTX A6000,dna_r10.4.1_e8.2_400bps_fast@v4.3.0,1408,1.49056e+08,4311638016
NVIDIA RTX A6000,dna_r10.4.1_e8.2_400bps_fast@v4.3.0,1472,1.49402e+08,4461605888
NVIDIA RTX A6000,dna_r10.4.1_e8.2_400bps_fast@v4.3.0,1536,1.52707e+08,4605280768
NVIDIA RTX A6000,dna_r10.4.1_e8.2_400bps_fast@v4.3.0,1600,1.5367e+08,4755248640
NVIDIA RTX A6000,dna_r10.4.1_e8.2_400bps_fast@v4.3.0,1664,1.5846e+08,4898924544
NVIDIA RTX A6000,dna_r10.4.1_e8.2_400bps_fast@v4.3.0,1728,1.54961e+08,5047607296
NVIDIA RTX A6000,dna_r10.4.1_e8.2_400bps_fast@v4.3.0,1792,1.53839e+08,5194730496
NVIDIA RTX A6000,dna_r10.4.1_e8.2_400bps_fast@v4.3.0,1856,1.58491e+08,5378186752
NVIDIA RTX A6000,dna_r10.4.1_e8.2_400bps_fast@v4.3.0,1920,1.61221e+08,5490405376
NVIDIA RTX A6000,dna_r10.4.1_e8.2_400bps_fast@v4.3.0,1984,1.62615e+08,5673746432
NVIDIA RTX A6000,dna_r10.4.1_e8.2_400bps_fast@v4.3.0,2048,1.54632e+08,5783474688
NVIDIA RTX A6000,dna_r10.4.1_e8.2_400bps_fast@v4.3.0,2112,1.60298e+08,5930418688
NVIDIA RTX A6000,dna_r10.4.1_e8.2_400bps_fast@v4.3.0,2176,1.61283e+08,6075765248
NVIDIA RTX A6000,dna_r10.4.1_e8.2_400bps_fast@v4.3.0,2240,1.6017e+08,6224142336
NVIDIA RTX A6000,dna_r10.4.1_e8.2_400bps_fast@v4.3.0,2304,1.65791e+08,6369275392
NVIDIA RTX A6000,dna_r10.4.1_e8.2_400bps_fast@v4.3.0,2368,1.61345e+08,6517493248
NVIDIA RTX A6000,dna_r10.4.1_e8.2_400bps_fast@v4.3.0,2432,1.59661e+08,6666394112
NVIDIA RTX A6000,dna_r10.4.1_e8.2_400bps_fast@v4.3.0,2496,1.6444e+08,6859201536
NVIDIA RTX A6000,dna_r10.4.1_e8.2_400bps_fast@v4.3.0,2560,1.67401e+08,6958621184
NVIDIA RTX A6000,dna_r10.4.1_e8.2_400bps_fast@v4.3.0,2624,1.66246e+08,7106491904
NVIDIA RTX A6000,dna_r10.4.1_e8.2_400bps_fast@v4.3.0,2688,1.64823e+08,7251118592
NVIDIA RTX A6000,dna_r10.4.1_e8.2_400bps_fast@v4.3.0,2752,1.60025e+08,7402509824
NVIDIA RTX A6000,dna_r10.4.1_e8.2_400bps_fast@v4.3.0,2816,1.63604e+08,7545119232
NVIDIA RTX A6000,dna_r10.4.1_e8.2_400bps_fast@v4.3.0,2880,1.59804e+08,7694349824
NVIDIA RTX A6000,dna_r10.4.1_e8.2_400bps_fast@v4.3.0,2944,1.62677e+08,7841648640
NVIDIA RTX A6000,dna_r10.4.1_e8.2_400bps_fast@v4.3.0,3008,1.60715e+08,7988336128
NVIDIA RTX A6000,dna_r10.4.1_e8.2_400bps_fast@v4.3.0,3072,1.58242e+08,8133681664
NVIDIA RTX A6000,dna_r10.4.1_e8.2_400bps_fast@v4.3.0,3136,1.61462e+08,8279028224
NVIDIA RTX A6000,dna_r10.4.1_e8.2_400bps_fast@v4.3.0,3200,1.66363e+08,8428404736
NVIDIA RTX A6000,dna_r10.4.1_e8.2_400bps_fast@v4.3.0,3264,1.62952e+08,8577732608
NVIDIA RTX A6000,dna_r10.4.1_e8.2_400bps_fast@v4.3.0,3328,1.65433e+08,8721646080
NVIDIA RTX A6000,dna_r10.4.1_e8.2_400bps_fast@v4.3.0,3392,1.61548e+08,8868802048
NVIDIA RTX A6000,dna_r10.4.1_e8.2_400bps_fast@v4.3.0,3456,1.66521e+08,9012051456
NVIDIA RTX A6000,dna_r10.4.1_e8.2_400bps_fast@v4.3.0,3520,1.66869e+08,9161995264
NVIDIA RTX A6000,dna_r10.4.1_e8.2_400bps_fast@v4.3.0,3584,1.61583e+08,9311787520
NVIDIA RTX A6000,dna_r10.4.1_e8.2_400bps_fast@v4.3.0,3648,1.65751e+08,9457761792
NVIDIA RTX A6000,dna_r10.4.1_e8.2_400bps_fast@v4.3.0,3712,1.63506e+08,9604565504
NVIDIA RTX A6000,dna_r10.4.1_e8.2_400bps_fast@v4.3.0,3776,1.5751e+08,9747187712
NVIDIA RTX A6000,dna_r10.4.1_e8.2_400bps_fast@v4.3.0,3840,1.66922e+08,9897150976
NVIDIA RTX A6000,dna_r10.4.1_e8.2_400bps_fast@v4.3.0,3904,1.62303e+08,10045021696
NVIDIA RTX A6000,dna_r10.4.1_e8.2_400bps_fast@v4.3.0,3968,1.66421e+08,10191599104
NVIDIA RTX A6000,dna_r10.4.1_e8.2_400bps_fast@v4.3.0,4032,1.59032e+08,10338584064
NVIDIA RTX A6000,dna_r10.4.1_e8.2_400bps_fast@v4.3.0,4096,1.61855e+08,10489582080
NVIDIA RTX A6000,dna_r10.4.1_e8.2_400bps_fast@v4.3.0,4160,1.65037e+08,10644774400
NVIDIA RTX A6000,dna_r10.4.1_e8.2_400bps_fast@v4.3.0,4224,1.57632e+08,10781372928
NVIDIA RTX A6000,dna_r10.4.1_e8.2_400bps_fast@v4.3.0,4288,1.61141e+08,10924622336
NVIDIA RTX A6000,dna_r10.4.1_e8.2_400bps_fast@v4.3.0,4352,1.63563e+08,11072065024
NVIDIA RTX A6000,dna_r10.4.1_e8.2_400bps_fast@v4.3.0,4416,1.65567e+08,11223600640
NVIDIA RTX A6000,dna_r10.4.1_e8.2_400bps_fast@v4.3.0,4480,1.62549e+08,11368307200
NVIDIA RTX A6000,dna_r10.4.1_e8.2_400bps_fast@v4.3.0,4544,1.62178e+08,11515110912
NVIDIA RTX A6000,dna_r10.4.1_e8.2_400bps_fast@v4.3.0,4608,1.66742e+08,11659817472
NVIDIA RTX A6000,dna_r10.4.1_e8.2_400bps_fast@v4.3.0,4672,1.66264e+08,11809282560
NVIDIA RTX A6000,dna_r10.4.1_e8.2_400bps_fast@v4.3.0,4736,1.61471e+08,11956726272
NVIDIA RTX A6000,dna_r10.4.1_e8.2_400bps_fast@v4.3.0,4800,1.6278e+08,12102072832
NVIDIA RTX A6000,dna_r10.4.1_e8.2_400bps_fast@v4.3.0,4864,1.6617e+08,12251226624
NVIDIA RTX A6000,dna_r10.4.1_e8.2_400bps_fast@v4.3.0,4928,1.67055e+08,12395933184
NVIDIA RTX A6000,dna_r10.4.1_e8.2_400bps_fast@v4.3.0,4992,1.69224e+08,12542736896
NVIDIA RTX A6000,dna_r10.4.1_e8.2_400bps_fast@v4.3.0,5056,1.6105e+08,12691846656
NVIDIA RTX A6000,dna_r10.4.1_e8.2_400bps_fast@v4.3.0,5120,1.62815e+08,12835095040
NVIDIA RTX A6000,dna_r10.4.1_e8.2_400bps_fast@v4.3.0,5184,1.64556e+08,12984635904
NVIDIA RTX A6000,dna_r10.4.1_e8.2_400bps_fast@v4.3.0,5248,1.66833e+08,13134146048
NVIDIA RTX A6000,dna_r10.4.1_e8.2_400bps_fast@v4.3.0,5312,1.61851e+08,13278852608
NVIDIA RTX A6000,dna_r10.4.1_e8.2_400bps_fast@v4.3.0,5376,1.60309e+08,13425656320
NVIDIA RTX A6000,dna_r10.4.1_e8.2_400bps_fast@v4.3.0,5440,1.6188e+08,13570362880
NVIDIA RTX A6000,dna_r10.4.1_e8.2_400bps_fast@v4.3.0,5504,1.64384e+08,13723458048
NVIDIA RTX A6000,dna_r10.4.1_e8.2_400bps_fast@v4.3.0,5568,1.65823e+08,13870261760
NVIDIA RTX A6000,dna_r10.4.1_e8.2_400bps_fast@v4.3.0,5632,1.60704e+08,14014968320
NVIDIA RTX A6000,dna_r10.4.1_e8.2_400bps_fast@v4.3.0,5696,1.59855e+08,14161772032
NVIDIA RTX A6000,dna_r10.4.1_e8.2_400bps_fast@v4.3.0,5760,1.623e+08,14306478592
NVIDIA RTX A6000,dna_r10.4.1_e8.2_400bps_fast@v4.3.0,5824,1.62569e+08,14453282304
NVIDIA RTX A6000,dna_r10.4.1_e8.2_400bps_fast@v4.3.0,5888,1.63427e+08,14606377472
NVIDIA RTX A6000,dna_r10.4.1_e8.2_400bps_fast@v4.3.0,5952,1.65239e+08,14748986880
NVIDIA RTX A6000,dna_r10.4.1_e8.2_400bps_fast@v4.3.0,6016,1.6713e+08,14899984896
NVIDIA RTX A6000,dna_r10.4.1_e8.2_400bps_fast@v4.3.0,6080,1.60411e+08,15040497152
NVIDIA RTX A6000,dna_r10.4.1_e8.2_400bps_fast@v4.3.0,6144,1.58362e+08,15189398016
NVIDIA RTX A6000,dna_r10.4.1_e8.2_400bps_fast@v4.3.0,6208,1.60474e+08,15336201728
NVIDIA RTX A6000,dna_r10.4.1_e8.2_400bps_fast@v4.3.0,6272,1.50641e+08,15528039424
NVIDIA RTX A6000,dna_r10.4.1_e8.2_400bps_fast@v4.3.0,6336,1.63418e+08,15634003456
NVIDIA RTX A6000,dna_r10.4.1_e8.2_400bps_fast@v4.3.0,6400,1.6346e+08,15780807168
NVIDIA RTX A6000,dna_r10.4.1_e8.2_400bps_fast@v4.3.0,6464,1.52006e+08,15925513728
NVIDIA RTX A6000,dna_r10.4.1_e8.2_400bps_fast@v4.3.0,6528,1.55081e+08,16072317440
NVIDIA RTX A6000,dna_r10.4.1_e8.2_400bps_fast@v4.3.0,6592,1.55881e+08,16217024000
NVIDIA RTX A6000,dna_r10.4.1_e8.2_400bps_fast@v4.3.0,6656,1.52616e+08,16365924864
NVIDIA RTX A6000,dna_r10.4.1_e8.2_400bps_fast@v4.3.0,6720,1.60569e+08,16516922880
NVIDIA RTX A6000,dna_r10.4.1_e8.2_400bps_fast@v4.3.0,6784,1.51792e+08,16659532288
NVIDIA RTX A6000,dna_r10.4.1_e8.2_400bps_fast@v4.3.0,6848,1.63289e+08,16808433152
NVIDIA RTX A6000,dna_r10.4.1_e8.2_400bps_fast@v4.3.0,6912,1.67604e+08,16951042560
NVIDIA RTX A6000,dna_r10.4.1_e8.2_400bps_fast@v4.3.0,6976,1.6929e+08,17102040576
NVIDIA RTX A6000,dna_r10.4.1_e8.2_400bps_fast@v4.3.0,7040,1.67228e+08,17246747136
NVIDIA RTX A6000,dna_r10.4.1_e8.2_400bps_fast@v4.3.0,7104,1.57626e+08,17391453696
NVIDIA RTX A6000,dna_r10.4.1_e8.2_400bps_fast@v4.3.0,7168,1.58291e+08,17542451712
NVIDIA RTX A6000,dna_r10.4.1_e8.2_400bps_fast@v4.3.0,7232,1.61543e+08,17687158272
NVIDIA RTX A6000,dna_r10.4.1_e8.2_400bps_fast@v4.3.0,7296,1.60793e+08,17838156288
NVIDIA RTX A6000,dna_r10.4.1_e8.2_400bps_fast@v4.3.0,7360,1.62198e+08,17982862848
NVIDIA RTX A6000,dna_r10.4.1_e8.2_400bps_fast@v4.3.0,7424,1.6265e+08,18127569408
NVIDIA RTX A6000,dna_r10.4.1_e8.2_400bps_fast@v4.3.0,7488,1.63055e+08,18274373120
NVIDIA RTX A6000,dna_r10.4.1_e8.2_400bps_fast@v4.3.0,7552,1.65285e+08,18421176832
NVIDIA RTX A6000,dna_r10.4.1_e8.2_400bps_fast@v4.3.0,7616,1.56506e+08,18572174848
NVIDIA RTX A6000,dna_r10.4.1_e8.2_400bps_fast@v4.3.0,7680,1.60623e+08,18721075712
NVIDIA RTX A6000,dna_r10.4.1_e8.2_400bps_fast@v4.3.0,7744,1.54712e+08,18861587968
NVIDIA RTX A6000,dna_r10.4.1_e8.2_400bps_fast@v4.3.0,7808,1.55596e+08,19010488832
NVIDIA RTX A6000,dna_r10.4.1_e8.2_400bps_fast@v4.3.0,7872,1.61674e+08,19159389696
NVIDIA RTX A6000,dna_r10.4.1_e8.2_400bps_fast@v4.3.0,7936,1.58885e+08,19304096256
NVIDIA RTX A6000,dna_r10.4.1_e8.2_400bps_fast@v4.3.0,8000,1.54251e+08,19455094272
NVIDIA RTX A6000,dna_r10.4.1_e8.2_400bps_fast@v4.3.0,8064,1.65257e+08,19597703680
NVIDIA RTX A6000,dna_r10.4.1_e8.2_400bps_fast@v4.3.0,8128,1.58561e+08,19744507392
NVIDIA RTX A6000,dna_r10.4.1_e8.2_400bps_fast@v4.3.0,8192,1.5056e+08,19895505408
NVIDIA RTX A6000,dna_r10.4.1_e8.2_400bps_fast@v4.3.0,8256,1.5404e+08,20040211968
NVIDIA RTX A6000,dna_r10.4.1_e8.2_400bps_fast@v4.3.0,8320,1.54941e+08,20153461248
NVIDIA RTX A6000,dna_r10.4.1_e8.2_400bps_fast@v4.3.0,8384,1.57424e+08,20262516224
NVIDIA RTX A6000,dna_r10.4.1_e8.2_400bps_fast@v4.3.0,8448,1.55681e+08,20379959808
NVIDIA RTX A6000,dna_r10.4.1_e8.2_400bps_fast@v4.3.0,8512,1.57807e+08,20497403392
NVIDIA RTX A6000,dna_r10.4.1_e8.2_400bps_fast@v4.3.0,8576,1.60097e+08,20606458368
NVIDIA RTX A6000,dna_r10.4.1_e8.2_400bps_fast@v4.3.0,8640,1.46211e+08,20721804800
NVIDIA RTX A6000,dna_r10.4.1_e8.2_400bps_fast@v4.3.0,8704,1.60018e+08,20960883200
NVIDIA RTX A6000,dna_r10.4.1_e8.2_400bps_fast@v4.3.0,8768,1.6551e+08,20944109056
NVIDIA RTX A6000,dna_r10.4.1_e8.2_400bps_fast@v4.3.0,8832,1.57523e+08,21063649792
NVIDIA RTX A6000,dna_r10.4.1_e8.2_400bps_fast@v4.3.0,8896,1.61734e+08,21174801920
NVIDIA RTX A6000,dna_r10.4.1_e8.2_400bps_fast@v4.3.0,8960,1.66094e+08,21288051200
NVIDIA RTX A6000,dna_r10.4.1_e8.2_400bps_fast@v4.3.0,9024,1.58317e+08,21403397632
NVIDIA RTX A6000,dna_r10.4.1_e8.2_400bps_fast@v4.3.0,9088,1.55952e+08,21510355456
NVIDIA RTX A6000,dna_r10.4.1_e8.2_400bps_fast@v4.3.0,9152,1.55851e+08,21627799040
NVIDIA RTX A6000,dna_r10.4.1_e8.2_400bps_fast@v4.3.0,9216,1.54167e+08,21738951168
NVIDIA RTX A6000,dna_r10.4.1_e8.2_400bps_fast@v4.3.0,9280,1.62975e+08,21856394752
NVIDIA RTX A6000,dna_r10.4.1_e8.2_400bps_fast@v4.3.0,9344,1.68359e+08,21971741184
NVIDIA RTX A6000,dna_r10.4.1_e8.2_400bps_fast@v4.3.0,9408,1.61507e+08,22078699008
NVIDIA RTX A6000,dna_r10.4.1_e8.2_400bps_fast@v4.3.0,9472,1.55979e+08,22196142592
NVIDIA RTX A6000,dna_r10.4.1_e8.2_400bps_fast@v4.3.0,9536,1.54511e+08,22305197568
NVIDIA RTX A6000,dna_r10.4.1_e8.2_400bps_fast@v4.3.0,9600,1.56941e+08,22420544000
NVIDIA RTX A6000,dna_r10.4.1_e8.2_400bps_fast@v4.3.0,9664,1.46824e+08,22537987584
NVIDIA RTX A6000,dna_r10.4.1_e8.2_400bps_fast@v4.3.0,9728,1.63992e+08,22647042560
NVIDIA RTX A6000,dna_r10.4.1_e8.2_400bps_fast@v4.3.0,9792,1.5748e+08,22762388992
NVIDIA RTX A6000,dna_r10.4.1_e8.2_400bps_fast@v4.3.0,9856,1.57799e+08,22873541120
NVIDIA RTX A6000,dna_r10.4.1_e8.2_400bps_fast@v4.3.0,9920,1.57133e+08,22986790400
NVIDIA RTX A6000,dna_r10.4.1_e8.2_400bps_fast@v4.3.0,9984,1.55815e+08,23102136832
NVIDIA RTX A6000,dna_r10.4.1_e8.2_400bps_fast@v4.3.0,10048,1.52584e+08,23211191808
NVIDIA RTX A6000,dna_r10.4.1_e8.2_400bps_fast@v4.3.0,10112,1.55201e+08,23330732544
NVIDIA RTX A6000,dna_r10.4.1_e8.2_400bps_fast@v4.3.0,10176,1.38503e+08,23446078976
NVIDIA RTX A6000,dna_r10.4.1_e8.2_400bps_fast@v4.3.0,10240,1.5017e+08,23555133952
NVIDIA RTX A6000,dna_r10.4.1_e8.2_400bps_fast@v5.0.0,64,2.88671e+07,1223282688
NVIDIA RTX A6000,dna_r10.4.1_e8.2_400bps_fast@v5.0.0,128,5.37269e+07,1371934720
NVIDIA RTX A6000,dna_r10.4.1_e8.2_400bps_fast@v5.0.0,192,7.38925e+07,1518170112
NVIDIA RTX A6000,dna_r10.4.1_e8.2_400bps_fast@v5.0.0,256,9.18746e+07,1666501120
NVIDIA RTX A6000,dna_r10.4.1_e8.2_400bps_fast@v5.0.0,320,1.06614e+08,1812736512
NVIDIA RTX A6000,dna_r10.4.1_e8.2_400bps_fast@v5.0.0,384,1.05713e+08,1958971392
NVIDIA RTX A6000,dna_r10.4.1_e8.2_400bps_fast@v5.0.0,448,1.15212e+08,2105206784
NVIDIA RTX A6000,dna_r10.4.1_e8.2_400bps_fast@v5.0.0,512,1.24875e+08,2253537792
NVIDIA RTX A6000,dna_r10.4.1_e8.2_400bps_fast@v5.0.0,576,1.33419e+08,2399773184
NVIDIA RTX A6000,dna_r10.4.1_e8.2_400bps_fast@v5.0.0,640,1.40452e+08,2560900096
NVIDIA RTX A6000,dna_r10.4.1_e8.2_400bps_fast@v5.0.0,704,1.33054e+08,2693454848
NVIDIA RTX A6000,dna_r10.4.1_e8.2_400bps_fast@v5.0.0,768,1.37648e+08,2840574464
NVIDIA RTX A6000,dna_r10.4.1_e8.2_400bps_fast@v5.0.0,832,1.42838e+08,2987097600
NVIDIA RTX A6000,dna_r10.4.1_e8.2_400bps_fast@v5.0.0,896,1.47862e+08,3137064960
NVIDIA RTX A6000,dna_r10.4.1_e8.2_400bps_fast@v5.0.0,960,1.50503e+08,3283474432
NVIDIA RTX A6000,dna_r10.4.1_e8.2_400bps_fast@v5.0.0,1024,1.42929e+08,3428610560
NVIDIA RTX A6000,dna_r10.4.1_e8.2_400bps_fast@v5.0.0,1088,1.50047e+08,3575943680
NVIDIA RTX A6000,dna_r10.4.1_e8.2_400bps_fast@v5.0.0,1152,1.54112e+08,3722254336
NVIDIA RTX A6000,dna_r10.4.1_e8.2_400bps_fast@v5.0.0,1216,1.55598e+08,3872929280
NVIDIA RTX A6000,dna_r10.4.1_e8.2_400bps_fast@v5.0.0,1280,1.60122e+08,4042334720
NVIDIA RTX A6000,dna_r10.4.1_e8.2_400bps_fast@v5.0.0,1344,1.62874e+08,4163767808
NVIDIA RTX A6000,dna_r10.4.1_e8.2_400bps_fast@v5.0.0,1408,1.43868e+08,4311638016
NVIDIA RTX A6000,dna_r10.4.1_e8.2_400bps_fast@v5.0.0,1472,1.46574e+08,4461605888
NVIDIA RTX A6000,dna_r10.4.1_e8.2_400bps_fast@v5.0.0,1536,1.48733e+08,4605280768
NVIDIA RTX A6000,dna_r10.4.1_e8.2_400bps_fast@v5.0.0,1600,1.49542e+08,4755248640
NVIDIA RTX A6000,dna_r10.4.1_e8.2_400bps_fast@v5.0.0,1664,1.53329e+08,4898924544
NVIDIA RTX A6000,dna_r10.4.1_e8.2_400bps_fast@v5.0.0,1728,1.47804e+08,5047607296
NVIDIA RTX A6000,dna_r10.4.1_e8.2_400bps_fast@v5.0.0,1792,1.5357e+08,5232479232
NVIDIA RTX A6000,dna_r10.4.1_e8.2_400bps_fast@v5.0.0,1856,1.5487e+08,5378393600
NVIDIA RTX A6000,dna_r10.4.1_e8.2_400bps_fast@v5.0.0,1920,1.56737e+08,5490405376
NVIDIA RTX A6000,dna_r10.4.1_e8.2_400bps_fast@v5.0.0,1984,1.5764e+08,5634081792
NVIDIA RTX A6000,dna_r10.4.1_e8.2_400bps_fast@v5.0.0,2048,1.5229e+08,5783474688
NVIDIA RTX A6000,dna_r10.4.1_e8.2_400bps_fast@v5.0.0,2112,1.51968e+08,5930418688
NVIDIA RTX A6000,dna_r10.4.1_e8.2_400bps_fast@v5.0.0,2176,1.59909e+08,6075765248
NVIDIA RTX A6000,dna_r10.4.1_e8.2_400bps_fast@v5.0.0,2240,1.60192e+08,6270279680
NVIDIA RTX A6000,dna_r10.4.1_e8.2_400bps_fast@v5.0.0,2304,1.61658e+08,6369275392
NVIDIA RTX A6000,dna_r10.4.1_e8.2_400bps_fast@v5.0.0,2368,1.5854e+08,6516745728
NVIDIA RTX A6000,dna_r10.4.1_e8.2_400bps_fast@v5.0.0,2432,1.607e+08,6666394112
NVIDIA RTX A6000,dna_r10.4.1_e8.2_400bps_fast@v5.0.0,2496,1.58725e+08,6809003520
NVIDIA RTX A6000,dna_r10.4.1_e8.2_400bps_fast@v5.0.0,2560,1.6427e+08,7009800704
NVIDIA RTX A6000,dna_r10.4.1_e8.2_400bps_fast@v5.0.0,2624,1.63297e+08,7106491904
NVIDIA RTX A6000,dna_r10.4.1_e8.2_400bps_fast@v5.0.0,2688,1.67247e+08,7251118592
NVIDIA RTX A6000,dna_r10.4.1_e8.2_400bps_fast@v5.0.0,2752,1.54961e+08,7402509824
NVIDIA RTX A6000,dna_r10.4.1_e8.2_400bps_fast@v5.0.0,2816,1.58365e+08,7545119232
NVIDIA RTX A6000,dna_r10.4.1_e8.2_400bps_fast@v5.0.0,2880,1.54895e+08,7694349824
NVIDIA RTX A6000,dna_r10.4.1_e8.2_400bps_fast@v5.0.0,2944,1.57816e+08,7904563200
NVIDIA RTX A6000,dna_r10.4.1_e8.2_400bps_fast@v5.0.0,3008,1.63392e+08,7988336128
NVIDIA RTX A6000,dna_r10.4.1_e8.2_400bps_fast@v5.0.0,3072,1.59014e+08,8133681664
NVIDIA RTX A6000,dna_r10.4.1_e8.2_400bps_fast@v5.0.0,3136,1.57664e+08,8279028224
NVIDIA RTX A6000,dna_r10.4.1_e8.2_400bps_fast@v5.0.0,3200,1.58788e+08,8428404736
NVIDIA RTX A6000,dna_r10.4.1_e8.2_400bps_fast@v5.0.0,3264,1.61931e+08,8577732608
NVIDIA RTX A6000,dna_r10.4.1_e8.2_400bps_fast@v5.0.0,3328,1.60422e+08,8721646080
NVIDIA RTX A6000,dna_r10.4.1_e8.2_400bps_fast@v5.0.0,3392,1.62912e+08,8868802048
NVIDIA RTX A6000,dna_r10.4.1_e8.2_400bps_fast@v5.0.0,3456,1.58967e+08,9012051456
NVIDIA RTX A6000,dna_r10.4.1_e8.2_400bps_fast@v5.0.0,3520,1.62567e+08,9161995264
NVIDIA RTX A6000,dna_r10.4.1_e8.2_400bps_fast@v5.0.0,3584,1.65014e+08,9311787520
NVIDIA RTX A6000,dna_r10.4.1_e8.2_400bps_fast@v5.0.0,3648,1.61095e+08,9457761792
NVIDIA RTX A6000,dna_r10.4.1_e8.2_400bps_fast@v5.0.0,3712,1.63513e+08,9604565504
NVIDIA RTX A6000,dna_r10.4.1_e8.2_400bps_fast@v5.0.0,3776,1.5953e+08,9747187712
NVIDIA RTX A6000,dna_r10.4.1_e8.2_400bps_fast@v5.0.0,3840,1.60277e+08,9897150976
NVIDIA RTX A6000,dna_r10.4.1_e8.2_400bps_fast@v5.0.0,3904,1.62195e+08,10045021696
NVIDIA RTX A6000,dna_r10.4.1_e8.2_400bps_fast@v5.0.0,3968,1.64071e+08,10191599104
NVIDIA RTX A6000,dna_r10.4.1_e8.2_400bps_fast@v5.0.0,4032,1.59921e+08,10338584064
NVIDIA RTX A6000,dna_r10.4.1_e8.2_400bps_fast@v5.0.0,4096,1.56121e+08,10489582080
NVIDIA RTX A6000,dna_r10.4.1_e8.2_400bps_fast@v5.0.0,4160,1.56693e+08,10632191488
NVIDIA RTX A6000,dna_r10.4.1_e8.2_400bps_fast@v5.0.0,4224,1.58831e+08,10781372928
NVIDIA RTX A6000,dna_r10.4.1_e8.2_400bps_fast@v5.0.0,4288,1.61143e+08,10924622336
NVIDIA RTX A6000,dna_r10.4.1_e8.2_400bps_fast@v5.0.0,4352,1.55478e+08,11072065024
NVIDIA RTX A6000,dna_r10.4.1_e8.2_400bps_fast@v5.0.0,4416,1.60104e+08,11223600640
NVIDIA RTX A6000,dna_r10.4.1_e8.2_400bps_fast@v5.0.0,4480,1.62224e+08,11368307200
NVIDIA RTX A6000,dna_r10.4.1_e8.2_400bps_fast@v5.0.0,4544,1.6463e+08,11515110912
NVIDIA RTX A6000,dna_r10.4.1_e8.2_400bps_fast@v5.0.0,4608,1.55551e+08,11659817472
NVIDIA RTX A6000,dna_r10.4.1_e8.2_400bps_fast@v5.0.0,4672,1.57791e+08,11809282560
NVIDIA RTX A6000,dna_r10.4.1_e8.2_400bps_fast@v5.0.0,4736,1.58754e+08,11956726272
NVIDIA RTX A6000,dna_r10.4.1_e8.2_400bps_fast@v5.0.0,4800,1.6101e+08,12102072832
NVIDIA RTX A6000,dna_r10.4.1_e8.2_400bps_fast@v5.0.0,4864,1.57396e+08,12251226624
NVIDIA RTX A6000,dna_r10.4.1_e8.2_400bps_fast@v5.0.0,4928,1.59267e+08,12395933184
NVIDIA RTX A6000,dna_r10.4.1_e8.2_400bps_fast@v5.0.0,4992,1.61232e+08,12542736896
NVIDIA RTX A6000,dna_r10.4.1_e8.2_400bps_fast@v5.0.0,5056,1.61507e+08,12691846656
NVIDIA RTX A6000,dna_r10.4.1_e8.2_400bps_fast@v5.0.0,5120,1.64995e+08,12835095040
NVIDIA RTX A6000,dna_r10.4.1_e8.2_400bps_fast@v5.0.0,5184,1.5509e+08,12984635904
NVIDIA RTX A6000,dna_r10.4.1_e8.2_400bps_fast@v5.0.0,5248,1.5715e+08,13134146048
NVIDIA RTX A6000,dna_r10.4.1_e8.2_400bps_fast@v5.0.0,5312,1.62679e+08,13278852608
NVIDIA RTX A6000,dna_r10.4.1_e8.2_400bps_fast@v5.0.0,5376,1.61129e+08,13425656320
NVIDIA RTX A6000,dna_r10.4.1_e8.2_400bps_fast@v5.0.0,5440,1.51663e+08,13570362880
NVIDIA RTX A6000,dna_r10.4.1_e8.2_400bps_fast@v5.0.0,5504,1.54012e+08,13723458048
NVIDIA RTX A6000,dna_r10.4.1_e8.2_400bps_fast@v5.0.0,5568,1.60031e+08,13870261760
NVIDIA RTX A6000,dna_r10.4.1_e8.2_400bps_fast@v5.0.0,5632,1.44624e+08,14014968320
NVIDIA RTX A6000,dna_r10.4.1_e8.2_400bps_fast@v5.0.0,5696,1.56403e+08,14161772032
NVIDIA RTX A6000,dna_r10.4.1_e8.2_400bps_fast@v5.0.0,5760,1.61759e+08,14306478592
NVIDIA RTX A6000,dna_r10.4.1_e8.2_400bps_fast@v5.0.0,5824,1.52137e+08,14453282304
NVIDIA RTX A6000,dna_r10.4.1_e8.2_400bps_fast@v5.0.0,5888,1.56168e+08,14606377472
NVIDIA RTX A6000,dna_r10.4.1_e8.2_400bps_fast@v5.0.0,5952,1.54831e+08,14748986880
NVIDIA RTX A6000,dna_r10.4.1_e8.2_400bps_fast@v5.0.0,6016,1.58329e+08,14899984896
NVIDIA RTX A6000,dna_r10.4.1_e8.2_400bps_fast@v5.0.0,6080,1.588e+08,15040497152
NVIDIA RTX A6000,dna_r10.4.1_e8.2_400bps_fast@v5.0.0,6144,1.60057e+08,15189398016
NVIDIA RTX A6000,dna_r10.4.1_e8.2_400bps_fast@v5.0.0,6208,1.53076e+08,15336201728
NVIDIA RTX A6000,dna_r10.4.1_e8.2_400bps_fast@v5.0.0,6272,1.51957e+08,15480908288
NVIDIA RTX A6000,dna_r10.4.1_e8.2_400bps_fast@v5.0.0,6336,1.5261e+08,15634003456
NVIDIA RTX A6000,dna_r10.4.1_e8.2_400bps_fast@v5.0.0,6400,1.53903e+08,15780807168
NVIDIA RTX A6000,dna_r10.4.1_e8.2_400bps_fast@v5.0.0,6464,1.54759e+08,15925513728
NVIDIA RTX A6000,dna_r10.4.1_e8.2_400bps_fast@v5.0.0,6528,1.56364e+08,16072317440
NVIDIA RTX A6000,dna_r10.4.1_e8.2_400bps_fast@v5.0.0,6592,1.56103e+08,16217024000
NVIDIA RTX A6000,dna_r10.4.1_e8.2_400bps_fast@v5.0.0,6656,1.62956e+08,16365924864
NVIDIA RTX A6000,dna_r10.4.1_e8.2_400bps_fast@v5.0.0,6720,1.61251e+08,16516922880
NVIDIA RTX A6000,dna_r10.4.1_e8.2_400bps_fast@v5.0.0,6784,1.52335e+08,16659532288
NVIDIA RTX A6000,dna_r10.4.1_e8.2_400bps_fast@v5.0.0,6848,1.55142e+08,16808433152
NVIDIA RTX A6000,dna_r10.4.1_e8.2_400bps_fast@v5.0.0,6912,1.56182e+08,16951042560
NVIDIA RTX A6000,dna_r10.4.1_e8.2_400bps_fast@v5.0.0,6976,1.57745e+08,17102040576
NVIDIA RTX A6000,dna_r10.4.1_e8.2_400bps_fast@v5.0.0,7040,1.56687e+08,17246747136
NVIDIA RTX A6000,dna_r10.4.1_e8.2_400bps_fast@v5.0.0,7104,1.45649e+08,17391453696
NVIDIA RTX A6000,dna_r10.4.1_e8.2_400bps_fast@v5.0.0,7168,1.45564e+08,17542451712
NVIDIA RTX A6000,dna_r10.4.1_e8.2_400bps_fast@v5.0.0,7232,1.44725e+08,17687158272
NVIDIA RTX A6000,dna_r10.4.1_e8.2_400bps_fast@v5.0.0,7296,1.512e+08,17838156288
NVIDIA RTX A6000,dna_r10.4.1_e8.2_400bps_fast@v5.0.0,7360,1.40017e+08,17982862848
NVIDIA RTX A6000,dna_r10.4.1_e8.2_400bps_fast@v5.0.0,7424,1.48949e+08,18127569408
NVIDIA RTX A6000,dna_r10.4.1_e8.2_400bps_fast@v5.0.0,7488,1.5493e+08,18274373120
NVIDIA RTX A6000,dna_r10.4.1_e8.2_400bps_fast@v5.0.0,7552,1.51587e+08,18421176832
NVIDIA RTX A6000,dna_r10.4.1_e8.2_400bps_fast@v5.0.0,7616,1.48035e+08,18572174848
NVIDIA RTX A6000,dna_r10.4.1_e8.2_400bps_fast@v5.0.0,7680,1.54911e+08,18721075712
NVIDIA RTX A6000,dna_r10.4.1_e8.2_400bps_fast@v5.0.0,7744,1.55035e+08,18861587968
NVIDIA RTX A6000,dna_r10.4.1_e8.2_400bps_fast@v5.0.0,7808,1.40994e+08,19010488832
NVIDIA RTX A6000,dna_r10.4.1_e8.2_400bps_fast@v5.0.0,7872,1.47977e+08,19159389696
NVIDIA RTX A6000,dna_r10.4.1_e8.2_400bps_fast@v5.0.0,7936,1.49242e+08,19304096256
NVIDIA RTX A6000,dna_r10.4.1_e8.2_400bps_fast@v5.0.0,8000,1.64004e+08,19455094272
NVIDIA RTX A6000,dna_r10.4.1_e8.2_400bps_fast@v5.0.0,8064,1.50597e+08,19597703680
NVIDIA RTX A6000,dna_r10.4.1_e8.2_400bps_fast@v5.0.0,8128,1.43786e+08,19744507392
NVIDIA RTX A6000,dna_r10.4.1_e8.2_400bps_fast@v5.0.0,8192,1.42765e+08,19895505408
NVIDIA RTX A6000,dna_r10.4.1_e8.2_400bps_fast@v5.0.0,8256,1.54019e+08,20040211968
NVIDIA RTX A6000,dna_r10.4.1_e8.2_400bps_fast@v5.0.0,8320,1.37137e+08,20153461248
NVIDIA RTX A6000,dna_r10.4.1_e8.2_400bps_fast@v5.0.0,8384,1.58397e+08,20262516224
NVIDIA RTX A6000,dna_r10.4.1_e8.2_400bps_fast@v5.0.0,8448,1.56293e+08,20379959808
NVIDIA RTX A6000,dna_r10.4.1_e8.2_400bps_fast@v5.0.0,8512,1.58701e+08,20497403392
NVIDIA RTX A6000,dna_r10.4.1_e8.2_400bps_fast@v5.0.0,8576,1.50681e+08,20606458368
NVIDIA RTX A6000,dna_r10.4.1_e8.2_400bps_fast@v5.0.0,8640,1.60609e+08,20721804800
NVIDIA RTX A6000,dna_r10.4.1_e8.2_400bps_fast@v5.0.0,8704,1.61749e+08,20828762624
NVIDIA RTX A6000,dna_r10.4.1_e8.2_400bps_fast@v5.0.0,8768,1.51955e+08,20944109056
NVIDIA RTX A6000,dna_r10.4.1_e8.2_400bps_fast@v5.0.0,8832,1.63801e+08,21063649792
NVIDIA RTX A6000,dna_r10.4.1_e8.2_400bps_fast@v5.0.0,8896,1.49571e+08,21174801920
NVIDIA RTX A6000,dna_r10.4.1_e8.2_400bps_fast@v5.0.0,8960,1.50565e+08,21288051200
NVIDIA RTX A6000,dna_r10.4.1_e8.2_400bps_fast@v5.0.0,9024,1.5535e+08,21403397632
NVIDIA RTX A6000,dna_r10.4.1_e8.2_400bps_fast@v5.0.0,9088,1.48411e+08,21510355456
NVIDIA RTX A6000,dna_r10.4.1_e8.2_400bps_fast@v5.0.0,9152,1.532e+08,21627799040
NVIDIA RTX A6000,dna_r10.4.1_e8.2_400bps_fast@v5.0.0,9216,1.49865e+08,21738951168
NVIDIA RTX A6000,dna_r10.4.1_e8.2_400bps_fast@v5.0.0,9280,1.58629e+08,21856394752
NVIDIA RTX A6000,dna_r10.4.1_e8.2_400bps_fast@v5.0.0,9344,1.61394e+08,21971741184
NVIDIA RTX A6000,dna_r10.4.1_e8.2_400bps_fast@v5.0.0,9408,1.59672e+08,22078699008
NVIDIA RTX A6000,dna_r10.4.1_e8.2_400bps_fast@v5.0.0,9472,1.58196e+08,22196142592
NVIDIA RTX A6000,dna_r10.4.1_e8.2_400bps_fast@v5.0.0,9536,1.42291e+08,22305197568
NVIDIA RTX A6000,dna_r10.4.1_e8.2_400bps_fast@v5.0.0,9600,1.53397e+08,22420544000
NVIDIA RTX A6000,dna_r10.4.1_e8.2_400bps_fast@v5.0.0,9664,1.56634e+08,22537987584
NVIDIA RTX A6000,dna_r10.4.1_e8.2_400bps_fast@v5.0.0,9728,1.58708e+08,22647042560
NVIDIA RTX A6000,dna_r10.4.1_e8.2_400bps_fast@v5.0.0,9792,1.52539e+08,22762388992
NVIDIA RTX A6000,dna_r10.4.1_e8.2_400bps_fast@v5.0.0,9856,1.51276e+08,22873541120
NVIDIA RTX A6000,dna_r10.4.1_e8.2_400bps_fast@v5.0.0,9920,1.55543e+08,22986790400
NVIDIA RTX A6000,dna_r10.4.1_e8.2_400bps_fast@v5.0.0,9984,1.50235e+08,23102136832
NVIDIA RTX A6000,dna_r10.4.1_e8.2_400bps_fast@v5.0.0,10048,1.55958e+08,23211191808
NVIDIA RTX A6000,dna_r10.4.1_e8.2_400bps_fast@v5.0.0,10112,1.5957e+08,23330732544
NVIDIA RTX A6000,dna_r10.4.1_e8.2_400bps_fast@v5.0.0,10176,1.44801e+08,23446078976
NVIDIA RTX A6000,dna_r10.4.1_e8.2_400bps_fast@v5.0.0,10240,1.56267e+08,23555133952
NVIDIA RTX A6000,dna_r10.4.1_e8.2_400bps_fast@v5.2.0,64,2.75825e+07,1223602688
NVIDIA RTX A6000,dna_r10.4.1_e8.2_400bps_fast@v5.2.0,128,5.08323e+07,1371934720
NVIDIA RTX A6000,dna_r10.4.1_e8.2_400bps_fast@v5.2.0,192,7.11367e+07,1518170112
NVIDIA RTX A6000,dna_r10.4.1_e8.2_400bps_fast@v5.2.0,256,8.83385e+07,1666501120
NVIDIA RTX A6000,dna_r10.4.1_e8.2_400bps_fast@v5.2.0,320,1.03633e+08,1812736512
NVIDIA RTX A6000,dna_r10.4.1_e8.2_400bps_fast@v5.2.0,384,1.04048e+08,1958971392
NVIDIA RTX A6000,dna_r10.4.1_e8.2_400bps_fast@v5.2.0,448,1.11886e+08,2105206784
NVIDIA RTX A6000,dna_r10.4.1_e8.2_400bps_fast@v5.2.0,512,1.25393e+08,2253537792
NVIDIA RTX A6000,dna_r10.4.1_e8.2_400bps_fast@v5.2.0,576,1.28236e+08,2399773184
NVIDIA RTX A6000,dna_r10.4.1_e8.2_400bps_fast@v5.2.0,640,1.35406e+08,2548105216
NVIDIA RTX A6000,dna_r10.4.1_e8.2_400bps_fast@v5.2.0,704,1.2925e+08,2693454848
NVIDIA RTX A6000,dna_r10.4.1_e8.2_400bps_fast@v5.2.0,768,1.33484e+08,2840574464
NVIDIA RTX A6000,dna_r10.4.1_e8.2_400bps_fast@v5.2.0,832,1.39158e+08,2987097600
NVIDIA RTX A6000,dna_r10.4.1_e8.2_400bps_fast@v5.2.0,896,1.44952e+08,3137064960
NVIDIA RTX A6000,dna_r10.4.1_e8.2_400bps_fast@v5.2.0,960,1.49072e+08,3283474432
NVIDIA RTX A6000,dna_r10.4.1_e8.2_400bps_fast@v5.2.0,1024,1.42292e+08,3428610560
NVIDIA RTX A6000,dna_r10.4.1_e8.2_400bps_fast@v5.2.0,1088,1.465e+08,3575943680
NVIDIA RTX A6000,dna_r10.4.1_e8.2_400bps_fast@v5.2.0,1152,1.49066e+08,3722254336
NVIDIA RTX A6000,dna_r10.4.1_e8.2_400bps_fast@v5.2.0,1216,1.52461e+08,3872929280
NVIDIA RTX A6000,dna_r10.4.1_e8.2_400bps_fast@v5.2.0,1280,1.55199e+08,4016744960
NVIDIA RTX A6000,dna_r10.4.1_e8.2_400bps_fast@v5.2.0,1344,1.60198e+08,4163767808
NVIDIA RTX A6000,dna_r10.4.1_e8.2_400bps_fast@v5.2.0,1408,1.40221e+08,4311638016
NVIDIA RTX A6000,dna_r10.4.1_e8.2_400bps_fast@v5.2.0,1472,1.43464e+08,4461605888
NVIDIA RTX A6000,dna_r10.4.1_e8.2_400bps_fast@v5.2.0,1536,1.4395e+08,4605280768
NVIDIA RTX A6000,dna_r10.4.1_e8.2_400bps_fast@v5.2.0,1600,1.43638e+08,4755248640
NVIDIA RTX A6000,dna_r10.4.1_e8.2_400bps_fast@v5.2.0,1664,1.51827e+08,4898924544
NVIDIA RTX A6000,dna_r10.4.1_e8.2_400bps_fast@v5.2.0,1728,1.47783e+08,5047607296
NVIDIA RTX A6000,dna_r10.4.1_e8.2_400bps_fast@v5.2.0,1792,1.49623e+08,5194730496
NVIDIA RTX A6000,dna_r10.4.1_e8.2_400bps_fast@v5.2.0,1856,1.51408e+08,5340644864
NVIDIA RTX A6000,dna_r10.4.1_e8.2_400bps_fast@v5.2.0,1920,1.52922e+08,5490405376
NVIDIA RTX A6000,dna_r10.4.1_e8.2_400bps_fast@v5.2.0,1984,1.57298e+08,5634081792
NVIDIA RTX A6000,dna_r10.4.1_e8.2_400bps_fast@v5.2.0,2048,1.51157e+08,5783474688
NVIDIA RTX A6000,dna_r10.4.1_e8.2_400bps_fast@v5.2.0,2112,1.51161e+08,5930418688
NVIDIA RTX A6000,dna_r10.4.1_e8.2_400bps_fast@v5.2.0,2176,1.55351e+08,6075594752
NVIDIA RTX A6000,dna_r10.4.1_e8.2_400bps_fast@v5.2.0,2240,1.56757e+08,6223465472
NVIDIA RTX A6000,dna_r10.4.1_e8.2_400bps_fast@v5.2.0,2304,1.5596e+08,6369275392
NVIDIA RTX A6000,dna_r10.4.1_e8.2_400bps_fast@v5.2.0,2368,1.56241e+08,6516745728
NVIDIA RTX A6000,dna_r10.4.1_e8.2_400bps_fast@v5.2.0,2432,1.54722e+08,6716725760
NVIDIA RTX A6000,dna_r10.4.1_e8.2_400bps_fast@v5.2.0,2496,1.58544e+08,6809003520
NVIDIA RTX A6000,dna_r10.4.1_e8.2_400bps_fast@v5.2.0,2560,1.57007e+08,6958621184
NVIDIA RTX A6000,dna_r10.4.1_e8.2_400bps_fast@v5.2.0,2624,1.61816e+08,7106491904
NVIDIA RTX A6000,dna_r10.4.1_e8.2_400bps_fast@v5.2.0,2688,1.59773e+08,7251118592
NVIDIA RTX A6000,dna_r10.4.1_e8.2_400bps_fast@v5.2.0,2752,1.53234e+08,7402509824
NVIDIA RTX A6000,dna_r10.4.1_e8.2_400bps_fast@v5.2.0,2816,1.53167e+08,7545119232
NVIDIA RTX A6000,dna_r10.4.1_e8.2_400bps_fast@v5.2.0,2880,1.54661e+08,7694349824
NVIDIA RTX A6000,dna_r10.4.1_e8.2_400bps_fast@v5.2.0,2944,1.58092e+08,7841648640
NVIDIA RTX A6000,dna_r10.4.1_e8.2_400bps_fast@v5.2.0,3008,1.55869e+08,7988336128
NVIDIA RTX A6000,dna_r10.4.1_e8.2_400bps_fast@v5.2.0,3072,1.52955e+08,8133681664
NVIDIA RTX A6000,dna_r10.4.1_e8.2_400bps_fast@v5.2.0,3136,1.5557e+08,8341942784
NVIDIA RTX A6000,dna_r10.4.1_e8.2_400bps_fast@v5.2.0,3200,1.60374e+08,8428404736
NVIDIA RTX A6000,dna_r10.4.1_e8.2_400bps_fast@v5.2.0,3264,1.57807e+08,8577732608
NVIDIA RTX A6000,dna_r10.4.1_e8.2_400bps_fast@v5.2.0,3328,1.58673e+08,8721646080
NVIDIA RTX A6000,dna_r10.4.1_e8.2_400bps_fast@v5.2.0,3392,1.56687e+08,8868802048
NVIDIA RTX A6000,dna_r10.4.1_e8.2_400bps_fast@v5.2.0,3456,1.5935e+08,9083354624
NVIDIA RTX A6000,dna_r10.4.1_e8.2_400bps_fast@v5.2.0,3520,1.60449e+08,9161995264
NVIDIA RTX A6000,dna_r10.4.1_e8.2_400bps_fast@v5.2.0,3584,1.56296e+08,9311787520
NVIDIA RTX A6000,dna_r10.4.1_e8.2_400bps_fast@v5.2.0,3648,1.61076e+08,9457761792
NVIDIA RTX A6000,dna_r10.4.1_e8.2_400bps_fast@v5.2.0,3712,1.55469e+08,9604565504
NVIDIA RTX A6000,dna_r10.4.1_e8.2_400bps_fast@v5.2.0,3776,1.57306e+08,9747187712
NVIDIA RTX A6000,dna_r10.4.1_e8.2_400bps_fast@v5.2.0,3840,1.59676e+08,9897150976
NVIDIA RTX A6000,dna_r10.4.1_e8.2_400bps_fast@v5.2.0,3904,1.5763e+08,10045021696
NVIDIA RTX A6000,dna_r10.4.1_e8.2_400bps_fast@v5.2.0,3968,1.56544e+08,10191599104
NVIDIA RTX A6000,dna_r10.4.1_e8.2_400bps_fast@v5.2.0,4032,1.59695e+08,10338584064
NVIDIA RTX A6000,dna_r10.4.1_e8.2_400bps_fast@v5.2.0,4096,1.54926e+08,10489582080
NVIDIA RTX A6000,dna_r10.4.1_e8.2_400bps_fast@v5.2.0,4160,1.57656e+08,10632191488
NVIDIA RTX A6000,dna_r10.4.1_e8.2_400bps_fast@v5.2.0,4224,1.58612e+08,10781372928
NVIDIA RTX A6000,dna_r10.4.1_e8.2_400bps_fast@v5.2.0,4288,1.55815e+08,10924622336
NVIDIA RTX A6000,dna_r10.4.1_e8.2_400bps_fast@v5.2.0,4352,1.55761e+08,11072065024
NVIDIA RTX A6000,dna_r10.4.1_e8.2_400bps_fast@v5.2.0,4416,1.57298e+08,11223600640
NVIDIA RTX A6000,dna_r10.4.1_e8.2_400bps_fast@v5.2.0,4480,1.57235e+08,11368307200
NVIDIA RTX A6000,dna_r10.4.1_e8.2_400bps_fast@v5.2.0,4544,1.52517e+08,11515110912
NVIDIA RTX A6000,dna_r10.4.1_e8.2_400bps_fast@v5.2.0,4608,1.56123e+08,11659817472
NVIDIA RTX A6000,dna_r10.4.1_e8.2_400bps_fast@v5.2.0,4672,1.59925e+08,11809282560
NVIDIA RTX A6000,dna_r10.4.1_e8.2_400bps_fast@v5.2.0,4736,1.5074e+08,11956726272
NVIDIA RTX A6000,dna_r10.4.1_e8.2_400bps_fast@v5.2.0,4800,1.55455e+08,12102072832
NVIDIA RTX A6000,dna_r10.4.1_e8.2_400bps_fast@v5.2.0,4864,1.54323e+08,12251226624
NVIDIA RTX A6000,dna_r10.4.1_e8.2_400bps_fast@v5.2.0,4928,1.56773e+08,12395933184
NVIDIA RTX A6000,dna_r10.4.1_e8.2_400bps_fast@v5.2.0,4992,1.57625e+08,12542736896
NVIDIA RTX A6000,dna_r10.4.1_e8.2_400bps_fast@v5.2.0,5056,1.59745e+08,12691846656
NVIDIA RTX A6000,dna_r10.4.1_e8.2_400bps_fast@v5.2.0,5120,1.53411e+08,12835095040
NVIDIA RTX A6000,dna_r10.4.1_e8.2_400bps_fast@v5.2.0,5184,1.54035e+08,12984635904
NVIDIA RTX A6000,dna_r10.4.1_e8.2_400bps_fast@v5.2.0,5248,1.59027e+08,13134146048
NVIDIA RTX A6000,dna_r10.4.1_e8.2_400bps_fast@v5.2.0,5312,1.57429e+08,13278852608
NVIDIA RTX A6000,dna_r10.4.1_e8.2_400bps_fast@v5.2.0,5376,1.58524e+08,13425656320
NVIDIA RTX A6000,dna_r10.4.1_e8.2_400bps_fast@v5.2.0,5440,1.49528e+08,13570362880
NVIDIA RTX A6000,dna_r10.4.1_e8.2_400bps_fast@v5.2.0,5504,1.53396e+08,13723458048
NVIDIA RTX A6000,dna_r10.4.1_e8.2_400bps_fast@v5.2.0,5568,1.54902e+08,13870261760
NVIDIA RTX A6000,dna_r10.4.1_e8.2_400bps_fast@v5.2.0,5632,1.51911e+08,14014968320
NVIDIA RTX A6000,dna_r10.4.1_e8.2_400bps_fast@v5.2.0,5696,1.60212e+08,14161772032
NVIDIA RTX A6000,dna_r10.4.1_e8.2_400bps_fast@v5.2.0,5760,1.49257e+08,14306478592
NVIDIA RTX A6000,dna_r10.4.1_e8.2_400bps_fast@v5.2.0,5824,1.51526e+08,14453282304
NVIDIA RTX A6000,dna_r10.4.1_e8.2_400bps_fast@v5.2.0,5888,1.51879e+08,14606377472
NVIDIA RTX A6000,dna_r10.4.1_e8.2_400bps_fast@v5.2.0,5952,1.54562e+08,14748986880
NVIDIA RTX A6000,dna_r10.4.1_e8.2_400bps_fast@v5.2.0,6016,1.56806e+08,14899984896
NVIDIA RTX A6000,dna_r10.4.1_e8.2_400bps_fast@v5.2.0,6080,1.47138e+08,15040497152
NVIDIA RTX A6000,dna_r10.4.1_e8.2_400bps_fast@v5.2.0,6144,1.61199e+08,15189398016
NVIDIA RTX A6000,dna_r10.4.1_e8.2_400bps_fast@v5.2.0,6208,1.59192e+08,15336201728
NVIDIA RTX A6000,dna_r10.4.1_e8.2_400bps_fast@v5.2.0,6272,1.49803e+08,15480908288
NVIDIA RTX A6000,dna_r10.4.1_e8.2_400bps_fast@v5.2.0,6336,1.52139e+08,15634003456
NVIDIA RTX A6000,dna_r10.4.1_e8.2_400bps_fast@v5.2.0,6400,1.55746e+08,15780807168
NVIDIA RTX A6000,dna_r10.4.1_e8.2_400bps_fast@v5.2.0,6464,1.55766e+08,15925513728
NVIDIA RTX A6000,dna_r10.4.1_e8.2_400bps_fast@v5.2.0,6528,1.55736e+08,16072317440
NVIDIA RTX A6000,dna_r10.4.1_e8.2_400bps_fast@v5.2.0,6592,1.52797e+08,16217024000
NVIDIA RTX A6000,dna_r10.4.1_e8.2_400bps_fast@v5.2.0,6656,1.58686e+08,16365924864
NVIDIA RTX A6000,dna_r10.4.1_e8.2_400bps_fast@v5.2.0,6720,1.52503e+08,16516922880
NVIDIA RTX A6000,dna_r10.4.1_e8.2_400bps_fast@v5.2.0,6784,1.49704e+08,16659532288
NVIDIA RTX A6000,dna_r10.4.1_e8.2_400bps_fast@v5.2.0,6848,1.50228e+08,16808433152
NVIDIA RTX A6000,dna_r10.4.1_e8.2_400bps_fast@v5.2.0,6912,1.52641e+08,16951042560
NVIDIA RTX A6000,dna_r10.4.1_e8.2_400bps_fast@v5.2.0,6976,1.53072e+08,17102040576
NVIDIA RTX A6000,dna_r10.4.1_e8.2_400bps_fast@v5.2.0,7040,1.54555e+08,17246747136
NVIDIA RTX A6000,dna_r10.4.1_e8.2_400bps_fast@v5.2.0,7104,1.5509e+08,17391453696
NVIDIA RTX A6000,dna_r10.4.1_e8.2_400bps_fast@v5.2.0,7168,1.50582e+08,17542451712
NVIDIA RTX A6000,dna_r10.4.1_e8.2_400bps_fast@v5.2.0,7232,1.54789e+08,17687158272
NVIDIA RTX A6000,dna_r10.4.1_e8.2_400bps_fast@v5.2.0,7296,1.45246e+08,17838156288
NVIDIA RTX A6000,dna_r10.4.1_e8.2_400bps_fast@v5.2.0,7360,1.48842e+08,17982862848
NVIDIA RTX A6000,dna_r10.4.1_e8.2_400bps_fast@v5.2.0,7424,1.46965e+08,18127569408
NVIDIA RTX A6000,dna_r10.4.1_e8.2_400bps_fast@v5.2.0,7488,1.5051e+08,18274373120
NVIDIA RTX A6000,dna_r10.4.1_e8.2_400bps_fast@v5.2.0,7552,1.57629e+08,18421176832
NVIDIA RTX A6000,dna_r10.4.1_e8.2_400bps_fast@v5.2.0,7616,1.56061e+08,18572174848
NVIDIA RTX A6000,dna_r10.4.1_e8.2_400bps_fast@v5.2.0,7680,1.50421e+08,18721075712
NVIDIA RTX A6000,dna_r10.4.1_e8.2_400bps_fast@v5.2.0,7744,1.556e+08,18861587968
NVIDIA RTX A6000,dna_r10.4.1_e8.2_400bps_fast@v5.2.0,7808,1.59925e+08,19010488832
NVIDIA RTX A6000,dna_r10.4.1_e8.2_400bps_fast@v5.2.0,7872,1.61108e+08,19159389696
NVIDIA RTX A6000,dna_r10.4.1_e8.2_400bps_fast@v5.2.0,7936,1.48548e+08,19304096256
NVIDIA RTX A6000,dna_r10.4.1_e8.2_400bps_fast@v5.2.0,8000,1.49483e+08,19597700608
NVIDIA RTX A6000,dna_r10.4.1_e8.2_400bps_fast@v5.2.0,8064,1.50538e+08,19597703680
NVIDIA RTX A6000,dna_r10.4.1_e8.2_400bps_fast@v5.2.0,8128,1.51651e+08,19744507392
NVIDIA RTX A6000,dna_r10.4.1_e8.2_400bps_fast@v5.2.0,8192,1.52022e+08,19895505408
NVIDIA RTX A6000,dna_r10.4.1_e8.2_400bps_fast@v5.2.0,8256,1.5518e+08,20040211968
NVIDIA RTX A6000,dna_r10.4.1_e8.2_400bps_fast@v5.2.0,8320,1.56487e+08,20153461248
NVIDIA RTX A6000,dna_r10.4.1_e8.2_400bps_fast@v5.2.0,8384,1.5697e+08,20262516224
NVIDIA RTX A6000,dna_r10.4.1_e8.2_400bps_fast@v5.2.0,8448,1.5726e+08,20379959808
NVIDIA RTX A6000,dna_r10.4.1_e8.2_400bps_fast@v5.2.0,8512,1.57385e+08,20497403392
NVIDIA RTX A6000,dna_r10.4.1_e8.2_400bps_fast@v5.2.0,8576,1.52307e+08,20734384640
NVIDIA RTX A6000,dna_r10.4.1_e8.2_400bps_fast@v5.2.0,8640,1.58829e+08,20721804800
NVIDIA RTX A6000,dna_r10.4.1_e8.2_400bps_fast@v5.2.0,8704,1.53609e+08,20828762624
NVIDIA RTX A6000,dna_r10.4.1_e8.2_400bps_fast@v5.2.0,8768,1.61435e+08,20944109056
NVIDIA RTX A6000,dna_r10.4.1_e8.2_400bps_fast@v5.2.0,8832,1.47142e+08,21063649792
NVIDIA RTX A6000,dna_r10.4.1_e8.2_400bps_fast@v5.2.0,8896,1.49113e+08,21174801920
NVIDIA RTX A6000,dna_r10.4.1_e8.2_400bps_fast@v5.2.0,8960,1.57901e+08,21288051200
NVIDIA RTX A6000,dna_r10.4.1_e8.2_400bps_fast@v5.2.0,9024,1.51245e+08,21403397632
NVIDIA RTX A6000,dna_r10.4.1_e8.2_400bps_fast@v5.2.0,9088,1.5942e+08,21510355456
NVIDIA RTX A6000,dna_r10.4.1_e8.2_400bps_fast@v5.2.0,9152,1.49087e+08,21627799040
NVIDIA RTX A6000,dna_r10.4.1_e8.2_400bps_fast@v5.2.0,9216,1.55225e+08,21738951168
NVIDIA RTX A6000,dna_r10.4.1_e8.2_400bps_fast@v5.2.0,9280,1.4736e+08,21856394752
NVIDIA RTX A6000,dna_r10.4.1_e8.2_400bps_fast@v5.2.0,9344,1.51081e+08,21971741184
NVIDIA RTX A6000,dna_r10.4.1_e8.2_400bps_fast@v5.2.0,9408,1.45587e+08,22078699008
NVIDIA RTX A6000,dna_r10.4.1_e8.2_400bps_fast@v5.2.0,9472,1.4711e+08,22196142592
NVIDIA RTX A6000,dna_r10.4.1_e8.2_400bps_fast@v5.2.0,9536,1.43356e+08,22305197568
NVIDIA RTX A6000,dna_r10.4.1_e8.2_400bps_fast@v5.2.0,9600,1.57793e+08,22420544000
NVIDIA RTX A6000,dna_r10.4.1_e8.2_400bps_fast@v5.2.0,9664,1.48955e+08,22537987584
NVIDIA RTX A6000,dna_r10.4.1_e8.2_400bps_fast@v5.2.0,9728,1.59092e+08,22647042560
NVIDIA RTX A6000,dna_r10.4.1_e8.2_400bps_fast@v5.2.0,9792,1.49761e+08,22762388992
NVIDIA RTX A6000,dna_r10.4.1_e8.2_400bps_fast@v5.2.0,9856,1.53496e+08,22873541120
NVIDIA RTX A6000,dna_r10.4.1_e8.2_400bps_fast@v5.2.0,9920,1.485e+08,22986790400
NVIDIA RTX A6000,dna_r10.4.1_e8.2_400bps_fast@v5.2.0,9984,1.3023e+08,23102136832
NVIDIA RTX A6000,dna_r10.4.1_e8.2_400bps_fast@v5.2.0,10048,1.61041e+08,23211191808
NVIDIA RTX A6000,dna_r10.4.1_e8.2_400bps_fast@v5.2.0,10112,1.5668e+08,23330732544
NVIDIA RTX A6000,dna_r10.4.1_e8.2_400bps_fast@v5.2.0,10176,1.51631e+08,23446078976
NVIDIA RTX A6000,dna_r10.4.1_e8.2_400bps_fast@v5.2.0,10240,1.51148e+08,23555133952
NVIDIA RTX A6000,dna_r10.4.1_e8.2_400bps_hac@v4.3.0,64,8.95849e+06,411174400
NVIDIA RTX A6000,dna_r10.4.1_e8.2_400bps_hac@v4.3.0,128,1.73061e+07,802555904
NVIDIA RTX A6000,dna_r10.4.1_e8.2_400bps_hac@v4.3.0,192,2.50352e+07,1193650176
NVIDIA RTX A6000,dna_r10.4.1_e8.2_400bps_hac@v4.3.0,256,3.18432e+07,1581456384
NVIDIA RTX A6000,dna_r10.4.1_e8.2_400bps_hac@v4.3.0,320,3.75136e+07,1973322240
NVIDIA RTX A6000,dna_r10.4.1_e8.2_400bps_hac@v4.3.0,384,4.01108e+07,2363990016
NVIDIA RTX A6000,dna_r10.4.1_e8.2_400bps_hac@v4.3.0,448,4.65736e+07,2753137664
NVIDIA RTX A6000,dna_r10.4.1_e8.2_400bps_hac@v4.3.0,512,3.80691e+07,3161531392
NVIDIA RTX A6000,dna_r10.4.1_e8.2_400bps_hac@v4.3.0,576,4.09651e+07,3533654528
NVIDIA RTX A6000,dna_r10.4.1_e8.2_400bps_hac@v4.3.0,640,4.43668e+07,3922951680
NVIDIA RTX A6000,dna_r10.4.1_e8.2_400bps_hac@v4.3.0,704,4.74099e+07,4337815040
NVIDIA RTX A6000,dna_r10.4.1_e8.2_400bps_hac@v4.3.0,768,4.98218e+07,4706677760
NVIDIA RTX A6000,dna_r10.4.1_e8.2_400bps_hac@v4.3.0,832,5.19921e+07,5093851648
NVIDIA RTX A6000,dna_r10.4.1_e8.2_400bps_hac@v4.3.0,896,5.48947e+07,5506179584
NVIDIA RTX A6000,dna_r10.4.1_e8.2_400bps_hac@v4.3.0,960,4.75516e+07,5890820096
NVIDIA RTX A6000,dna_r10.4.1_e8.2_400bps_hac@v4.3.0,1024,4.85719e+07,6285478912
NVIDIA RTX A6000,dna_r10.4.1_e8.2_400bps_hac@v4.3.0,1088,5.1647e+07,6655990784
NVIDIA RTX A6000,dna_r10.4.1_e8.2_400bps_hac@v4.3.0,1152,5.57233e+07,7065639936
NVIDIA RTX A6000,dna_r10.4.1_e8.2_400bps_hac@v4.3.0,1216,5.52436e+07,7475834368
NVIDIA RTX A6000,dna_r10.4.1_e8.2_400bps_hac@v4.3.0,1280,5.9389e+07,7848077824
NVIDIA RTX A6000,dna_r10.4.1_e8.2_400bps_hac@v4.3.0,1344,5.83631e+07,8241648640
NVIDIA RTX A6000,dna_r10.4.1_e8.2_400bps_hac@v4.3.0,1408,6.26161e+07,8634784256
NVIDIA RTX A6000,dna_r10.4.1_e8.2_400bps_hac@v4.3.0,1472,6.25037e+07,9031049216
NVIDIA RTX A6000,dna_r10.4.1_e8.2_400bps_hac@v4.3.0,1536,6.49594e+07,9426234368
NVIDIA RTX A6000,dna_r10.4.1_e8.2_400bps_hac@v4.3.0,1600,6.46806e+07,9812245504
NVIDIA RTX A6000,dna_r10.4.1_e8.2_400bps_hac@v4.3.0,1664,6.88379e+07,10195230720
NVIDIA RTX A6000,dna_r10.4.1_e8.2_400bps_hac@v4.3.0,1728,6.64156e+07,10594499072
NVIDIA RTX A6000,dna_r10.4.1_e8.2_400bps_hac@v4.3.0,1792,6.89397e+07,10949036544
NVIDIA RTX A6000,dna_r10.4.1_e8.2_400bps_hac@v4.3.0,1856,5.11606e+07,11371845120
NVIDIA RTX A6000,dna_r10.4.1_e8.2_400bps_hac@v4.3.0,1920,5.28454e+07,11765368320
NVIDIA RTX A6000,dna_r10.4.1_e8.2_400bps_hac@v4.3.0,1984,5.26222e+07,12153947648
NVIDIA RTX A6000,dna_r10.4.1_e8.2_400bps_hac@v4.3.0,2048,5.41188e+07,12553098752
NVIDIA RTX A6000,dna_r10.4.1_e8.2_400bps_hac@v4.3.0,2112,5.39397e+07,12956203008
NVIDIA RTX A6000,dna_r10.4.1_e8.2_400bps_hac@v4.3.0,2176,5.55909e+07,13327719936
NVIDIA RTX A6000,dna_r10.4.1_e8.2_400bps_hac@v4.3.0,2240,5.71714e+07,13725214720
NVIDIA RTX A6000,dna_r10.4.1_e8.2_400bps_hac@v4.3.0,2304,5.08691e+07,14119328256
NVIDIA RTX A6000,dna_r10.4.1_e8.2_400bps_hac@v4.3.0,2368,6.49522e+07,14508688384
NVIDIA RTX A6000,dna_r10.4.1_e8.2_400bps_hac@v4.3.0,2432,5.73224e+07,14899464704
NVIDIA RTX A6000,dna_r10.4.1_e8.2_400bps_hac@v4.3.0,2496,6.6197e+07,15282493952
NVIDIA RTX A6000,dna_r10.4.1_e8.2_400bps_hac@v4.3.0,2560,6.0218e+07,15676369408
NVIDIA RTX A6000,dna_r10.4.1_e8.2_400bps_hac@v4.3.0,2624,6.70136e+07,16069062144
NVIDIA RTX A6000,dna_r10.4.1_e8.2_400bps_hac@v4.3.0,2688,6.06314e+07,16462199296
NVIDIA RTX A6000,dna_r10.4.1_e8.2_400bps_hac@v4.3.0,2752,5.92818e+07,16856990720
NVIDIA RTX A6000,dna_r10.4.1_e8.2_400bps_hac@v4.3.0,2816,6.32264e+07,17260336128
NVIDIA RTX A6000,dna_r10.4.1_e8.2_400bps_hac@v4.3.0,2880,5.93748e+07,17631038464
NVIDIA RTX A6000,dna_r10.4.1_e8.2_400bps_hac@v4.3.0,2944,6.3307e+07,17965443584
NVIDIA RTX A6000,dna_r10.4.1_e8.2_400bps_hac@v4.3.0,3008,6.1885e+07,18422419456
NVIDIA RTX A6000,dna_r10.4.1_e8.2_400bps_hac@v4.3.0,3072,6.56368e+07,18812213760
NVIDIA RTX A6000,dna_r10.4.1_e8.2_400bps_hac@v4.3.0,3136,6.4417e+07,19192867840
NVIDIA RTX A6000,dna_r10.4.1_e8.2_400bps_hac@v4.3.0,3200,6.57206e+07,19516472832
NVIDIA RTX A6000,dna_r10.4.1_e8.2_400bps_hac@v4.3.0,3264,6.3382e+07,19986422784
NVIDIA RTX A6000,dna_r10.4.1_e8.2_400bps_hac@v4.3.0,3328,7.12739e+07,20319064576
NVIDIA RTX A6000,dna_r10.4.1_e8.2_400bps_hac@v4.3.0,3392,6.62647e+07,20749252608
NVIDIA RTX A6000,dna_r10.4.1_e8.2_400bps_hac@v4.3.0,3456,7.08147e+07,21160101888
NVIDIA RTX A6000,dna_r10.4.1_e8.2_400bps_hac@v4.3.0,3520,6.84944e+07,21550163456
NVIDIA RTX A6000,dna_r10.4.1_e8.2_400bps_hac@v4.3.0,3584,7.30107e+07,21941350912
NVIDIA RTX A6000,dna_r10.4.1_e8.2_400bps_hac@v4.3.0,3648,6.05108e+07,22267634688
NVIDIA RTX A6000,dna_r10.4.1_e8.2_400bps_hac@v4.3.0,3712,5.78213e+07,22722535424
NVIDIA RTX A6000,dna_r10.4.1_e8.2_400bps_hac@v4.3.0,3776,6.23562e+07,23088289280
NVIDIA RTX A6000,dna_r10.4.1_e8.2_400bps_hac@v4.3.0,3840,5.62299e+07,23502902784
NVIDIA RTX A6000,dna_r10.4.1_e8.2_400bps_hac@v4.3.0,3904,6.06144e+07,23892249600
NVIDIA RTX A6000,dna_r10.4.1_e8.2_400bps_hac@v4.3.0,3968,5.76176e+07,24196958720
NVIDIA RTX A6000,dna_r10.4.1_e8.2_400bps_hac@v4.3.0,4032,6.28743e+07,24578201600
NVIDIA RTX A6000,dna_r10.4.1_e8.2_400bps_hac@v4.3.0,4096,5.9194e+07,24990308352
NVIDIA RTX A6000,dna_r10.4.1_e8.2_400bps_hac@v4.3.0,4160,6.4304e+07,25470696960
NVIDIA RTX A6000,dna_r10.4.1_e8.2_400bps_hac@v4.3.0,4224,6.12586e+07,25860761600
NVIDIA RTX A6000,dna_r10.4.1_e8.2_400bps_hac@v4.3.0,4288,6.59155e+07,26192292864
NVIDIA RTX A6000,dna_r10.4.1_e8.2_400bps_hac@v4.3.0,4352,6.34289e+07,26631386112
NVIDIA RTX A6000,dna_r10.4.1_e8.2_400bps_hac@v4.3.0,4416,6.10351e+07,27040443904
NVIDIA RTX A6000,dna_r10.4.1_e8.2_400bps_hac@v4.3.0,4480,6.03791e+07,27443835392
NVIDIA RTX A6000,dna_r10.4.1_e8.2_400bps_hac@v4.3.0,4544,6.13252e+07,27715657216
NVIDIA RTX A6000,dna_r10.4.1_e8.2_400bps_hac@v4.3.0,4608,5.83794e+07,28196451840
NVIDIA RTX A6000,dna_r10.4.1_e8.2_400bps_hac@v4.3.0,4672,6.32902e+07,28604869632
NVIDIA RTX A6000,dna_r10.4.1_e8.2_400bps_hac@v4.3.0,4736,6.41509e+07,28998196736
NVIDIA RTX A6000,dna_r10.4.1_e8.2_400bps_hac@v4.3.0,4800,6.06122e+07,29379966976
NVIDIA RTX A6000,dna_r10.4.1_e8.2_400bps_hac@v4.3.0,4864,6.3943e+07,29748213248
NVIDIA RTX A6000,dna_r10.4.1_e8.2_400bps_hac@v4.3.0,4928,6.23869e+07,30155630080
NVIDIA RTX A6000,dna_r10.4.1_e8.2_400bps_hac@v4.3.0,4992,6.71935e+07,30440670208
NVIDIA RTX A6000,dna_r10.4.1_e8.2_400bps_hac@v4.3.0,5056,5.87426e+07,30951058944
NVIDIA RTX A6000,dna_r10.4.1_e8.2_400bps_hac@v4.3.0,5120,6.82908e+07,31333519872
NVIDIA RTX A6000,dna_r10.4.1_e8.2_400bps_hac@v4.3.0,5184,6.12041e+07,31684506624
NVIDIA RTX A6000,dna_r10.4.1_e8.2_400bps_hac@v4.3.0,5248,6.62375e+07,32133918720
NVIDIA RTX A6000,dna_r10.4.1_e8.2_400bps_hac@v4.3.0,5312,6.18535e+07,32500587008
NVIDIA RTX A6000,dna_r10.4.1_e8.2_400bps_hac@v4.3.0,5376,6.71818e+07,32867310592
NVIDIA RTX A6000,dna_r10.4.1_e8.2_400bps_hac@v4.3.0,5440,5.90183e+07,33264852480
NVIDIA RTX A6000,dna_r10.4.1_e8.2_400bps_hac@v4.3.0,5504,5.29855e+07,33684667392
NVIDIA RTX A6000,dna_r10.4.1_e8.2_400bps_hac@v4.3.0,5568,5.24297e+07,33943128064
NVIDIA RTX A6000,dna_r10.4.1_e8.2_400bps_hac@v4.3.0,5632,5.79542e+07,34342403584
NVIDIA RTX A6000,dna_r10.4.1_e8.2_400bps_hac@v4.3.0,5696,5.88353e+07,34742628864
NVIDIA RTX A6000,dna_r10.4.1_e8.2_400bps_hac@v4.3.0,5760,4.94036e+07,35114682368
NVIDIA RTX A6000,dna_r10.4.1_e8.2_400bps_hac@v4.3.0,5824,5.5558e+07,35687733760
NVIDIA RTX A6000,dna_r10.4.1_e8.2_400bps_hac@v4.3.0,5888,5.54892e+07,35894091264
NVIDIA RTX A6000,dna_r10.4.1_e8.2_400bps_hac@v4.3.0,5952,6.14505e+07,36385836544
NVIDIA RTX A6000,dna_r10.4.1_e8.2_400bps_hac@v4.3.0,6016,6.1515e+07,36683768320
NVIDIA RTX A6000,dna_r10.4.1_e8.2_400bps_hac@v4.3.0,6080,6.29086e+07,37202880512
NVIDIA RTX A6000,dna_r10.4.1_e8.2_400bps_hac@v4.3.0,6144,6.22803e+07,37453092864
NVIDIA RTX A6000,dna_r10.4.1_e8.2_400bps_hac@v4.3.0,6208,6.08313e+07,37853918208
NVIDIA RTX A6000,dna_r10.4.1_e8.2_400bps_hac@v4.3.0,6272,5.67804e+07,38253283328
NVIDIA RTX A6000,dna_r10.4.1_e8.2_400bps_hac@v4.3.0,6336,5.39047e+07,38775210496
NVIDIA RTX A6000,dna_r10.4.1_e8.2_400bps_hac@v4.3.0,6400,5.30339e+07,39051144704
NVIDIA RTX A6000,dna_r10.4.1_e8.2_400bps_hac@v4.3.0,6464,5.8165e+07,39580491264
NVIDIA RTX A6000,dna_r10.4.1_e8.2_400bps_hac@v4.3.0,6528,5.91935e+07,39822900224
NVIDIA RTX A6000,dna_r10.4.1_e8.2_400bps_hac@v4.3.0,6592,5.7218e+07,40329317888
NVIDIA RTX A6000,dna_r10.4.1_e8.2_400bps_hac@v4.3.0,6656,5.93403e+07,40649112576
NVIDIA RTX A6000,dna_r10.4.1_e8.2_400bps_hac@v4.3.0,6720,6.3874e+07,40966468608
NVIDIA RTX A6000,dna_r10.4.1_e8.2_400bps_hac@v4.3.0,6784,5.65596e+07,41391000064
NVIDIA RTX A6000,dna_r10.4.1_e8.2_400bps_hac@v4.3.0,6848,5.90503e+07,41774313984
NVIDIA RTX A6000,dna_r10.4.1_e8.2_400bps_hac@v4.3.0,6912,6.53071e+07,42284781568
NVIDIA RTX A6000,dna_r10.4.1_e8.2_400bps_hac@v4.3.0,6976,5.61209e+07,42559142400
NVIDIA RTX A6000,dna_r10.4.1_e8.2_400bps_hac@v4.3.0,7040,6.62098e+07,42948767744
NVIDIA RTX A6000,dna_r10.4.1_e8.2_400bps_hac@v4.3.0,7104,6.23959e+07,43330206720
NVIDIA RTX A6000,dna_r10.4.1_e8.2_400bps_hac@v4.3.0,7168,6.86425e+07,43726928896
NVIDIA RTX A6000,dna_r10.4.1_e8.2_400bps_hac@v4.3.0,7232,5.3447e+07,44126776320
NVIDIA RTX A6000,dna_r10.4.1_e8.2_400bps_hac@v4.3.0,7296,5.14177e+07,44513367040
NVIDIA RTX A6000,dna_r10.4.1_e8.2_400bps_hac@v4.3.0,7360,6.16527e+07,44863235072
NVIDIA RTX A6000,dna_r10.4.1_e8.2_400bps_hac@v4.3.0,7424,5.90844e+07,45283082752
NVIDIA RTX A6000,dna_r10.4.1_e8.2_400bps_hac@v5.0.0,64,8.8387e+06,410470400
NVIDIA RTX A6000,dna_r10.4.1_e8.2_400bps_hac@v5.0.0,128,1.7201e+07,801309184
NVIDIA RTX A6000,dna_r10.4.1_e8.2_400bps_hac@v5.0.0,192,2.48223e+07,1194866688
NVIDIA RTX A6000,dna_r10.4.1_e8.2_400bps_hac@v5.0.0,256,3.15723e+07,1581384704
NVIDIA RTX A6000,dna_r10.4.1_e8.2_400bps_hac@v5.0.0,320,3.75534e+07,1973051392
NVIDIA RTX A6000,dna_r10.4.1_e8.2_400bps_hac@v5.0.0,384,4.2257e+07,2374164992
NVIDIA RTX A6000,dna_r10.4.1_e8.2_400bps_hac@v5.0.0,448,4.62623e+07,2753179648
NVIDIA RTX A6000,dna_r10.4.1_e8.2_400bps_hac@v5.0.0,512,3.7603e+07,3144529920
NVIDIA RTX A6000,dna_r10.4.1_e8.2_400bps_hac@v5.0.0,576,4.10857e+07,3544468992
NVIDIA RTX A6000,dna_r10.4.1_e8.2_400bps_hac@v5.0.0,640,4.42862e+07,3937587200
NVIDIA RTX A6000,dna_r10.4.1_e8.2_400bps_hac@v5.0.0,704,4.67748e+07,4327710208
NVIDIA RTX A6000,dna_r10.4.1_e8.2_400bps_hac@v5.0.0,768,4.93814e+07,4729493504
NVIDIA RTX A6000,dna_r10.4.1_e8.2_400bps_hac@v5.0.0,832,5.17078e+07,5109672448
NVIDIA RTX A6000,dna_r10.4.1_e8.2_400bps_hac@v5.0.0,896,5.40449e+07,5502908928
NVIDIA RTX A6000,dna_r10.4.1_e8.2_400bps_hac@v5.0.0,960,4.74983e+07,5905078272
NVIDIA RTX A6000,dna_r10.4.1_e8.2_400bps_hac@v5.0.0,1024,4.85403e+07,6301084160
NVIDIA RTX A6000,dna_r10.4.1_e8.2_400bps_hac@v5.0.0,1088,5.04543e+07,6674890752
NVIDIA RTX A6000,dna_r10.4.1_e8.2_400bps_hac@v5.0.0,1152,5.57848e+07,7065702912
NVIDIA RTX A6000,dna_r10.4.1_e8.2_400bps_hac@v5.0.0,1216,5.52813e+07,7458458624
NVIDIA RTX A6000,dna_r10.4.1_e8.2_400bps_hac@v5.0.0,1280,5.92833e+07,7847693824
NVIDIA RTX A6000,dna_r10.4.1_e8.2_400bps_hac@v5.0.0,1344,5.70391e+07,8233296384
NVIDIA RTX A6000,dna_r10.4.1_e8.2_400bps_hac@v5.0.0,1408,6.11105e+07,8634739712
NVIDIA RTX A6000,dna_r10.4.1_e8.2_400bps_hac@v5.0.0,1472,6.09499e+07,9024479744
NVIDIA RTX A6000,dna_r10.4.1_e8.2_400bps_hac@v5.0.0,1536,6.35152e+07,9416273920
NVIDIA RTX A6000,dna_r10.4.1_e8.2_400bps_hac@v5.0.0,1600,6.29921e+07,9809979392
NVIDIA RTX A6000,dna_r10.4.1_e8.2_400bps_hac@v5.0.0,1664,6.62831e+07,10195161088
NVIDIA RTX A6000,dna_r10.4.1_e8.2_400bps_hac@v5.0.0,1728,6.62422e+07,10602408960
NVIDIA RTX A6000,dna_r10.4.1_e8.2_400bps_hac@v5.0.0,1792,6.86702e+07,10995333120
NVIDIA RTX A6000,dna_r10.4.1_e8.2_400bps_hac@v5.0.0,1856,5.1174e+07,11371691008
NVIDIA RTX A6000,dna_r10.4.1_e8.2_400bps_hac@v5.0.0,1920,5.10644e+07,11763795968
NVIDIA RTX A6000,dna_r10.4.1_e8.2_400bps_hac@v5.0.0,1984,5.26941e+07,12154917376
NVIDIA RTX A6000,dna_r10.4.1_e8.2_400bps_hac@v5.0.0,2048,5.21452e+07,12553354752
NVIDIA RTX A6000,dna_r10.4.1_e8.2_400bps_hac@v5.0.0,2112,5.38283e+07,12943855616
NVIDIA RTX A6000,dna_r10.4.1_e8.2_400bps_hac@v5.0.0,2176,5.53731e+07,13326842368
NVIDIA RTX A6000,dna_r10.4.1_e8.2_400bps_hac@v5.0.0,2240,5.50174e+07,13676016640
NVIDIA RTX A6000,dna_r10.4.1_e8.2_400bps_hac@v5.0.0,2304,5.18069e+07,14109075968
NVIDIA RTX A6000,dna_r10.4.1_e8.2_400bps_hac@v5.0.0,2368,6.27502e+07,14516798464
NVIDIA RTX A6000,dna_r10.4.1_e8.2_400bps_hac@v5.0.0,2432,5.73119e+07,14899124736
NVIDIA RTX A6000,dna_r10.4.1_e8.2_400bps_hac@v5.0.0,2496,6.60881e+07,15281740288
NVIDIA RTX A6000,dna_r10.4.1_e8.2_400bps_hac@v5.0.0,2560,6.00776e+07,15676604416
NVIDIA RTX A6000,dna_r10.4.1_e8.2_400bps_hac@v5.0.0,2624,6.69178e+07,16069012480
NVIDIA RTX A6000,dna_r10.4.1_e8.2_400bps_hac@v5.0.0,2688,6.0596e+07,16473297408
NVIDIA RTX A6000,dna_r10.4.1_e8.2_400bps_hac@v5.0.0,2752,5.66509e+07,16864207360
NVIDIA RTX A6000,dna_r10.4.1_e8.2_400bps_hac@v5.0.0,2816,6.3268e+07,17241938944
NVIDIA RTX A6000,dna_r10.4.1_e8.2_400bps_hac@v5.0.0,2880,5.92291e+07,17631203840
NVIDIA RTX A6000,dna_r10.4.1_e8.2_400bps_hac@v5.0.0,2944,6.32956e+07,18026612224
NVIDIA RTX A6000,dna_r10.4.1_e8.2_400bps_hac@v5.0.0,3008,5.87722e+07,18359933952
NVIDIA RTX A6000,dna_r10.4.1_e8.2_400bps_hac@v5.0.0,3072,6.56688e+07,18812631552
NVIDIA RTX A6000,dna_r10.4.1_e8.2_400bps_hac@v5.0.0,3136,6.1236e+07,19195824128
NVIDIA RTX A6000,dna_r10.4.1_e8.2_400bps_hac@v5.0.0,3200,6.56453e+07,19591118848
NVIDIA RTX A6000,dna_r10.4.1_e8.2_400bps_hac@v5.0.0,3264,6.24761e+07,19981784576
NVIDIA RTX A6000,dna_r10.4.1_e8.2_400bps_hac@v5.0.0,3328,6.79682e+07,20402502656
NVIDIA RTX A6000,dna_r10.4.1_e8.2_400bps_hac@v5.0.0,3392,6.61389e+07,20765587456
NVIDIA RTX A6000,dna_r10.4.1_e8.2_400bps_hac@v5.0.0,3456,6.7497e+07,21160868352
NVIDIA RTX A6000,dna_r10.4.1_e8.2_400bps_hac@v5.0.0,3520,6.52851e+07,21553332736
NVIDIA RTX A6000,dna_r10.4.1_e8.2_400bps_hac@v5.0.0,3584,6.82109e+07,21941986304
NVIDIA RTX A6000,dna_r10.4.1_e8.2_400bps_hac@v5.0.0,3648,6.05246e+07,22258553344
NVIDIA RTX A6000,dna_r10.4.1_e8.2_400bps_hac@v5.0.0,3712,5.4097e+07,22757563904
NVIDIA RTX A6000,dna_r10.4.1_e8.2_400bps_hac@v5.0.0,3776,5.89324e+07,23107565056
NVIDIA RTX A6000,dna_r10.4.1_e8.2_400bps_hac@v5.0.0,3840,5.61469e+07,23422704640
NVIDIA RTX A6000,dna_r10.4.1_e8.2_400bps_hac@v5.0.0,3904,6.05056e+07,23813083648
NVIDIA RTX A6000,dna_r10.4.1_e8.2_400bps_hac@v5.0.0,3968,5.78633e+07,24285813248
NVIDIA RTX A6000,dna_r10.4.1_e8.2_400bps_hac@v5.0.0,4032,6.25568e+07,24596890112
NVIDIA RTX A6000,dna_r10.4.1_e8.2_400bps_hac@v5.0.0,4096,5.5236e+07,25063414272
NVIDIA RTX A6000,dna_r10.4.1_e8.2_400bps_hac@v5.0.0,4160,6.46691e+07,25490764800
NVIDIA RTX A6000,dna_r10.4.1_e8.2_400bps_hac@v5.0.0,4224,5.75856e+07,25879045120
NVIDIA RTX A6000,dna_r10.4.1_e8.2_400bps_hac@v5.0.0,4288,6.27207e+07,26145497088
NVIDIA RTX A6000,dna_r10.4.1_e8.2_400bps_hac@v5.0.0,4352,5.87674e+07,26523894272
NVIDIA RTX A6000,dna_r10.4.1_e8.2_400bps_hac@v5.0.0,4416,6.44556e+07,26961810432
NVIDIA RTX A6000,dna_r10.4.1_e8.2_400bps_hac@v5.0.0,4480,6.10099e+07,27320783360
NVIDIA RTX A6000,dna_r10.4.1_e8.2_400bps_hac@v5.0.0,4544,5.31922e+07,27815684608
NVIDIA RTX A6000,dna_r10.4.1_e8.2_400bps_hac@v5.0.0,4608,5.80539e+07,28208653312
NVIDIA RTX A6000,dna_r10.4.1_e8.2_400bps_hac@v5.0.0,4672,5.90051e+07,28588085248
NVIDIA RTX A6000,dna_r10.4.1_e8.2_400bps_hac@v5.0.0,4736,6.42016e+07,28898928128
NVIDIA RTX A6000,dna_r10.4.1_e8.2_400bps_hac@v5.0.0,4800,6.01365e+07,29389436416
NVIDIA RTX A6000,dna_r10.4.1_e8.2_400bps_hac@v5.0.0,4864,5.78474e+07,29748393472
NVIDIA RTX A6000,dna_r10.4.1_e8.2_400bps_hac@v5.0.0,4928,6.20136e+07,30130039296
NVIDIA RTX A6000,dna_r10.4.1_e8.2_400bps_hac@v5.0.0,4992,5.85558e+07,30541466112
NVIDIA RTX A6000,dna_r10.4.1_e8.2_400bps_hac@v5.0.0,5056,6.33843e+07,30949394432
NVIDIA RTX A6000,dna_r10.4.1_e8.2_400bps_hac@v5.0.0,5120,6.38979e+07,31333137920
NVIDIA RTX A6000,dna_r10.4.1_e8.2_400bps_hac@v5.0.0,5184,6.04315e+07,31722845696
NVIDIA RTX A6000,dna_r10.4.1_e8.2_400bps_hac@v5.0.0,5248,6.1142e+07,32115479040
NVIDIA RTX A6000,dna_r10.4.1_e8.2_400bps_hac@v5.0.0,5312,6.37828e+07,32500721152
NVIDIA RTX A6000,dna_r10.4.1_e8.2_400bps_hac@v5.0.0,5376,6.24813e+07,32797127168
NVIDIA RTX A6000,dna_r10.4.1_e8.2_400bps_hac@v5.0.0,5440,5.78819e+07,33292037632
NVIDIA RTX A6000,dna_r10.4.1_e8.2_400bps_hac@v5.0.0,5504,5.8081e+07,33684287488
NVIDIA RTX A6000,dna_r10.4.1_e8.2_400bps_hac@v5.0.0,5568,5.90762e+07,33957017600
NVIDIA RTX A6000,dna_r10.4.1_e8.2_400bps_hac@v5.0.0,5632,5.81011e+07,34326124544
NVIDIA RTX A6000,dna_r10.4.1_e8.2_400bps_hac@v5.0.0,5696,5.86549e+07,34732177408
NVIDIA RTX A6000,dna_r10.4.1_e8.2_400bps_hac@v5.0.0,5760,6.00458e+07,35244139008
NVIDIA RTX A6000,dna_r10.4.1_e8.2_400bps_hac@v5.0.0,5824,5.52712e+07,35501232640
NVIDIA RTX A6000,dna_r10.4.1_e8.2_400bps_hac@v5.0.0,5888,5.51191e+07,35894111232
NVIDIA RTX A6000,dna_r10.4.1_e8.2_400bps_hac@v5.0.0,5952,5.7026e+07,36281395712
NVIDIA RTX A6000,dna_r10.4.1_e8.2_400bps_hac@v5.0.0,6016,4.64905e+07,36677780992
NVIDIA RTX A6000,dna_r10.4.1_e8.2_400bps_hac@v5.0.0,6080,5.72376e+07,37065106432
NVIDIA RTX A6000,dna_r10.4.1_e8.2_400bps_hac@v5.0.0,6144,5.54362e+07,37453795328
NVIDIA RTX A6000,dna_r10.4.1_e8.2_400bps_hac@v5.0.0,6208,6.40173e+07,38042597888
NVIDIA RTX A6000,dna_r10.4.1_e8.2_400bps_hac@v5.0.0,6272,5.89436e+07,38220679168
NVIDIA RTX A6000,dna_r10.4.1_e8.2_400bps_hac@v5.0.0,6336,5.17677e+07,38627542016
NVIDIA RTX A6000,dna_r10.4.1_e8.2_400bps_hac@v5.0.0,6400,5.9995e+07,39051131904
NVIDIA RTX A6000,dna_r10.4.1_e8.2_400bps_hac@v5.0.0,6464,6.11551e+07,39510706176
NVIDIA RTX A6000,dna_r10.4.1_e8.2_400bps_hac@v5.0.0,6528,6.10252e+07,39776823296
NVIDIA RTX A6000,dna_r10.4.1_e8.2_400bps_hac@v5.0.0,6592,5.36569e+07,40175934976
NVIDIA RTX A6000,dna_r10.4.1_e8.2_400bps_hac@v5.0.0,6656,5.5142e+07,40571672576
NVIDIA RTX A6000,dna_r10.4.1_e8.2_400bps_hac@v5.0.0,6720,5.53675e+07,40966761472
NVIDIA RTX A6000,dna_r10.4.1_e8.2_400bps_hac@v5.0.0,6784,5.72684e+07,41339258880
NVIDIA RTX A6000,dna_r10.4.1_e8.2_400bps_hac@v5.0.0,6848,5.26782e+07,41777678848
NVIDIA RTX A6000,dna_r10.4.1_e8.2_400bps_hac@v5.0.0,6912,5.6306e+07,42164400640
NVIDIA RTX A6000,dna_r10.4.1_e8.2_400bps_hac@v5.0.0,6976,5.97407e+07,42535630336
NVIDIA RTX A6000,dna_r10.4.1_e8.2_400bps_hac@v5.0.0,7040,5.87926e+07,42995669504
NVIDIA RTX A6000,dna_r10.4.1_e8.2_400bps_hac@v5.0.0,7104,5.64726e+07,43330522624
NVIDIA RTX A6000,dna_r10.4.1_e8.2_400bps_hac@v5.0.0,7168,5.94124e+07,43723019776
NVIDIA RTX A6000,dna_r10.4.1_e8.2_400bps_hac@v5.0.0,7232,5.64864e+07,44124960768
NVIDIA RTX A6000,dna_r10.4.1_e8.2_400bps_hac@v5.0.0,7296,5.89344e+07,44475626496
NVIDIA RTX A6000,dna_r10.4.1_e8.2_400bps_hac@v5.0.0,7360,5.57182e+07,44901009920
NVIDIA RTX A6000,dna_r10.4.1_e8.2_400bps_hac@v5.0.0,7424,5.5005e+07,45231716352
NVIDIA RTX A6000,dna_r10.4.1_e8.2_400bps_hac@v5.2.0,64,6.7324e+06,418990080
NVIDIA RTX A6000,dna_r10.4.1_e8.2_400bps_hac@v5.2.0,128,1.32465e+07,822751232
NVIDIA RTX A6000,dna_r10.4.1_e8.2_400bps_hac@v5.2.0,192,1.92864e+07,1200701952
NVIDIA RTX A6000,dna_r10.4.1_e8.2_400bps_hac@v5.2.0,256,2.46724e+07,1596488192
NVIDIA RTX A6000,dna_r10.4.1_e8.2_400bps_hac@v5.2.0,320,2.92193e+07,1978248192
NVIDIA RTX A6000,dna_r10.4.1_e8.2_400bps_hac@v5.2.0,384,3.3207e+07,2370921472
NVIDIA RTX A6000,dna_r10.4.1_e8.2_400bps_hac@v5.2.0,448,3.64792e+07,2760147968
NVIDIA RTX A6000,dna_r10.4.1_e8.2_400bps_hac@v5.2.0,512,2.94448e+07,3154138624
NVIDIA RTX A6000,dna_r10.4.1_e8.2_400bps_hac@v5.2.0,576,3.20129e+07,3540835328
NVIDIA RTX A6000,dna_r10.4.1_e8.2_400bps_hac@v5.2.0,640,3.42903e+07,3952402432
NVIDIA RTX A6000,dna_r10.4.1_e8.2_400bps_hac@v5.2.0,704,3.62055e+07,4322268672
NVIDIA RTX A6000,dna_r10.4.1_e8.2_400bps_hac@v5.2.0,768,3.8795e+07,4719592448
NVIDIA RTX A6000,dna_r10.4.1_e8.2_400bps_hac@v5.2.0,832,4.04035e+07,5113201152
NVIDIA RTX A6000,dna_r10.4.1_e8.2_400bps_hac@v5.2.0,896,4.25796e+07,5522431488
NVIDIA RTX A6000,dna_r10.4.1_e8.2_400bps_hac@v5.2.0,960,3.70591e+07,5887081472
NVIDIA RTX A6000,dna_r10.4.1_e8.2_400bps_hac@v5.2.0,1024,3.71457e+07,6292292096
NVIDIA RTX A6000,dna_r10.4.1_e8.2_400bps_hac@v5.2.0,1088,3.97546e+07,6688520192
NVIDIA RTX A6000,dna_r10.4.1_e8.2_400bps_hac@v5.2.0,1152,4.44169e+07,7073825280
NVIDIA RTX A6000,dna_r10.4.1_e8.2_400bps_hac@v5.2.0,1216,4.32594e+07,7441135104
NVIDIA RTX A6000,dna_r10.4.1_e8.2_400bps_hac@v5.2.0,1280,4.67112e+07,7855165440
NVIDIA RTX A6000,dna_r10.4.1_e8.2_400bps_hac@v5.2.0,1344,4.50673e+07,8254585344
NVIDIA RTX A6000,dna_r10.4.1_e8.2_400bps_hac@v5.2.0,1408,4.86563e+07,8663107584
NVIDIA RTX A6000,dna_r10.4.1_e8.2_400bps_hac@v5.2.0,1472,4.77738e+07,9040648704
NVIDIA RTX A6000,dna_r10.4.1_e8.2_400bps_hac@v5.2.0,1536,5.14134e+07,9424113152
NVIDIA RTX A6000,dna_r10.4.1_e8.2_400bps_hac@v5.2.0,1600,5.02906e+07,9817038336
NVIDIA RTX A6000,dna_r10.4.1_e8.2_400bps_hac@v5.2.0,1664,5.40195e+07,10202935808
NVIDIA RTX A6000,dna_r10.4.1_e8.2_400bps_hac@v5.2.0,1728,5.25585e+07,10600987648
NVIDIA RTX A6000,dna_r10.4.1_e8.2_400bps_hac@v5.2.0,1792,5.62102e+07,10993698304
NVIDIA RTX A6000,dna_r10.4.1_e8.2_400bps_hac@v5.2.0,1856,4.0176e+07,11378652672
NVIDIA RTX A6000,dna_r10.4.1_e8.2_400bps_hac@v5.2.0,1920,3.91617e+07,11800040448
NVIDIA RTX A6000,dna_r10.4.1_e8.2_400bps_hac@v5.2.0,1984,4.09446e+07,12159489536
NVIDIA RTX A6000,dna_r10.4.1_e8.2_400bps_hac@v5.2.0,2048,4.20015e+07,12560282112
NVIDIA RTX A6000,dna_r10.4.1_e8.2_400bps_hac@v5.2.0,2112,4.1517e+07,12983173632
NVIDIA RTX A6000,dna_r10.4.1_e8.2_400bps_hac@v5.2.0,2176,4.26721e+07,13334018560
NVIDIA RTX A6000,dna_r10.4.1_e8.2_400bps_hac@v5.2.0,2240,4.3944e+07,13741631488
NVIDIA RTX A6000,dna_r10.4.1_e8.2_400bps_hac@v5.2.0,2304,3.98351e+07,14149987328
NVIDIA RTX A6000,dna_r10.4.1_e8.2_400bps_hac@v5.2.0,2368,5.11117e+07,14515903488
NVIDIA RTX A6000,dna_r10.4.1_e8.2_400bps_hac@v5.2.0,2432,4.52886e+07,14911873024
NVIDIA RTX A6000,dna_r10.4.1_e8.2_400bps_hac@v5.2.0,2496,5.12701e+07,15289313792
NVIDIA RTX A6000,dna_r10.4.1_e8.2_400bps_hac@v5.2.0,2560,4.7583e+07,15685177344
NVIDIA RTX A6000,dna_r10.4.1_e8.2_400bps_hac@v5.2.0,2624,5.38938e+07,16022593536
NVIDIA RTX A6000,dna_r10.4.1_e8.2_400bps_hac@v5.2.0,2688,4.69807e+07,16468966912
NVIDIA RTX A6000,dna_r10.4.1_e8.2_400bps_hac@v5.2.0,2752,4.56978e+07,16863743488
NVIDIA RTX A6000,dna_r10.4.1_e8.2_400bps_hac@v5.2.0,2816,4.92618e+07,17250565632
NVIDIA RTX A6000,dna_r10.4.1_e8.2_400bps_hac@v5.2.0,2880,4.74682e+07,17644162560
NVIDIA RTX A6000,dna_r10.4.1_e8.2_400bps_hac@v5.2.0,2944,4.87975e+07,18033482752
NVIDIA RTX A6000,dna_r10.4.1_e8.2_400bps_hac@v5.2.0,3008,4.69047e+07,18367025152
NVIDIA RTX A6000,dna_r10.4.1_e8.2_400bps_hac@v5.2.0,3072,5.04001e+07,18819508736
NVIDIA RTX A6000,dna_r10.4.1_e8.2_400bps_hac@v5.2.0,3136,4.86881e+07,19228282368
NVIDIA RTX A6000,dna_r10.4.1_e8.2_400bps_hac@v5.2.0,3200,5.27116e+07,19598020096
NVIDIA RTX A6000,dna_r10.4.1_e8.2_400bps_hac@v5.2.0,3264,5.10631e+07,19989696000
NVIDIA RTX A6000,dna_r10.4.1_e8.2_400bps_hac@v5.2.0,3328,5.51607e+07,20379074560
NVIDIA RTX A6000,dna_r10.4.1_e8.2_400bps_hac@v5.2.0,3392,5.30323e+07,20772522496
NVIDIA RTX A6000,dna_r10.4.1_e8.2_400bps_hac@v5.2.0,3456,5.40379e+07,21167008256
NVIDIA RTX A6000,dna_r10.4.1_e8.2_400bps_hac@v5.2.0,3520,5.16016e+07,21557100544
NVIDIA RTX A6000,dna_r10.4.1_e8.2_400bps_hac@v5.2.0,3584,5.24118e+07,21947717120
NVIDIA RTX A6000,dna_r10.4.1_e8.2_400bps_hac@v5.2.0,3648,4.63527e+07,22341515264
NVIDIA RTX A6000,dna_r10.4.1_e8.2_400bps_hac@v5.2.0,3712,4.3417e+07,22729938432
NVIDIA RTX A6000,dna_r10.4.1_e8.2_400bps_hac@v5.2.0,3776,4.44983e+07,23038224896
NVIDIA RTX A6000,dna_r10.4.1_e8.2_400bps_hac@v5.2.0,3840,4.45278e+07,23489007616
NVIDIA RTX A6000,dna_r10.4.1_e8.2_400bps_hac@v5.2.0,3904,4.94193e+07,23809907200
NVIDIA RTX A6000,dna_r10.4.1_e8.2_400bps_hac@v5.2.0,3968,4.55373e+07,24328989696
NVIDIA RTX A6000,dna_r10.4.1_e8.2_400bps_hac@v5.2.0,4032,5.06017e+07,24706686976
NVIDIA RTX A6000,dna_r10.4.1_e8.2_400bps_hac@v5.2.0,4096,4.43313e+07,24997015552
NVIDIA RTX A6000,dna_r10.4.1_e8.2_400bps_hac@v5.2.0,4160,4.84315e+07,25517420544
NVIDIA RTX A6000,dna_r10.4.1_e8.2_400bps_hac@v5.2.0,4224,4.4945e+07,25848179712
NVIDIA RTX A6000,dna_r10.4.1_e8.2_400bps_hac@v5.2.0,4288,5.00827e+07,26259540992
NVIDIA RTX A6000,dna_r10.4.1_e8.2_400bps_hac@v5.2.0,4352,4.66146e+07,26649295360
NVIDIA RTX A6000,dna_r10.4.1_e8.2_400bps_hac@v5.2.0,4416,4.73281e+07,27047647744
NVIDIA RTX A6000,dna_r10.4.1_e8.2_400bps_hac@v5.2.0,4480,4.63924e+07,27351324672
NVIDIA RTX A6000,dna_r10.4.1_e8.2_400bps_hac@v5.2.0,4544,4.42999e+07,27818580480
NVIDIA RTX A6000,dna_r10.4.1_e8.2_400bps_hac@v5.2.0,4608,4.46959e+07,28110561792
NVIDIA RTX A6000,dna_r10.4.1_e8.2_400bps_hac@v5.2.0,4672,4.97645e+07,28518831616
NVIDIA RTX A6000,dna_r10.4.1_e8.2_400bps_hac@v5.2.0,4736,4.62598e+07,29048108544
NVIDIA RTX A6000,dna_r10.4.1_e8.2_400bps_hac@v5.2.0,4800,4.65021e+07,29388226048
NVIDIA RTX A6000,dna_r10.4.1_e8.2_400bps_hac@v5.2.0,4864,4.7459e+07,29658503168
NVIDIA RTX A6000,dna_r10.4.1_e8.2_400bps_hac@v5.2.0,4928,4.998e+07,30070437376
NVIDIA RTX A6000,dna_r10.4.1_e8.2_400bps_hac@v5.2.0,4992,5.31546e+07,30447704064
NVIDIA RTX A6000,dna_r10.4.1_e8.2_400bps_hac@v5.2.0,5056,4.88843e+07,30931779072
NVIDIA RTX A6000,dna_r10.4.1_e8.2_400bps_hac@v5.2.0,5120,5.33836e+07,31388514816
NVIDIA RTX A6000,dna_r10.4.1_e8.2_400bps_hac@v5.2.0,5184,4.83912e+07,31729560064
NVIDIA RTX A6000,dna_r10.4.1_e8.2_400bps_hac@v5.2.0,5248,4.60806e+07,32122642432
NVIDIA RTX A6000,dna_r10.4.1_e8.2_400bps_hac@v5.2.0,5312,4.66022e+07,32507594240
NVIDIA RTX A6000,dna_r10.4.1_e8.2_400bps_hac@v5.2.0,5376,5.20017e+07,32915420160
NVIDIA RTX A6000,dna_r10.4.1_e8.2_400bps_hac@v5.2.0,5440,4.7523e+07,33298969600
NVIDIA RTX A6000,dna_r10.4.1_e8.2_400bps_hac@v5.2.0,5504,4.27796e+07,33691326464
NVIDIA RTX A6000,dna_r10.4.1_e8.2_400bps_hac@v5.2.0,5568,4.69927e+07,34078050816
NVIDIA RTX A6000,dna_r10.4.1_e8.2_400bps_hac@v5.2.0,5632,4.37617e+07,34385814528
NVIDIA RTX A6000,dna_r10.4.1_e8.2_400bps_hac@v5.2.0,5696,4.32847e+07,34739241472
NVIDIA RTX A6000,dna_r10.4.1_e8.2_400bps_hac@v5.2.0,5760,4.33504e+07,35141112320
NVIDIA RTX A6000,dna_r10.4.1_e8.2_400bps_hac@v5.2.0,5824,4.40966e+07,35520518144
NVIDIA RTX A6000,dna_r10.4.1_e8.2_400bps_hac@v5.2.0,5888,4.60354e+07,35891468288
NVIDIA RTX A6000,dna_r10.4.1_e8.2_400bps_hac@v5.2.0,5952,5.04187e+07,36285457408
NVIDIA RTX A6000,dna_r10.4.1_e8.2_400bps_hac@v5.2.0,6016,4.61812e+07,36742923264
NVIDIA RTX A6000,dna_r10.4.1_e8.2_400bps_hac@v5.2.0,6080,4.56663e+07,37072157696
NVIDIA RTX A6000,dna_r10.4.1_e8.2_400bps_hac@v5.2.0,6144,4.18564e+07,37496633856
NVIDIA RTX A6000,dna_r10.4.1_e8.2_400bps_hac@v5.2.0,6208,4.6971e+07,37843989504
NVIDIA RTX A6000,dna_r10.4.1_e8.2_400bps_hac@v5.2.0,6272,3.95454e+07,38227781632
NVIDIA RTX A6000,dna_r10.4.1_e8.2_400bps_hac@v5.2.0,6336,4.3585e+07,38634644480
NVIDIA RTX A6000,dna_r10.4.1_e8.2_400bps_hac@v5.2.0,6400,5.07285e+07,39016339456
NVIDIA RTX A6000,dna_r10.4.1_e8.2_400bps_hac@v5.2.0,6464,4.9123e+07,39404938240
NVIDIA RTX A6000,dna_r10.4.1_e8.2_400bps_hac@v5.2.0,6528,4.72618e+07,39794411520
NVIDIA RTX A6000,dna_r10.4.1_e8.2_400bps_hac@v5.2.0,6592,4.48196e+07,40217013760
NVIDIA RTX A6000,dna_r10.4.1_e8.2_400bps_hac@v5.2.0,6656,4.65529e+07,40639901696
NVIDIA RTX A6000,dna_r10.4.1_e8.2_400bps_hac@v5.2.0,6720,4.81887e+07,40973628928
NVIDIA RTX A6000,dna_r10.4.1_e8.2_400bps_hac@v5.2.0,6784,4.59552e+07,41393213952
NVIDIA RTX A6000,dna_r10.4.1_e8.2_400bps_hac@v5.2.0,6848,4.65205e+07,41952752640
NVIDIA RTX A6000,dna_r10.4.1_e8.2_400bps_hac@v5.2.0,6912,4.99954e+07,42171610624
NVIDIA RTX A6000,dna_r10.4.1_e8.2_400bps_hac@v5.2.0,6976,4.89159e+07,42566337024
NVIDIA RTX A6000,dna_r10.4.1_e8.2_400bps_hac@v5.2.0,7040,4.79425e+07,42921379840
NVIDIA RTX A6000,dna_r10.4.1_e8.2_400bps_hac@v5.2.0,7104,4.26297e+07,43337572352
NVIDIA RTX A6000,dna_r10.4.1_e8.2_400bps_hac@v5.2.0,7168,5.24236e+07,43807207424
NVIDIA RTX A6000,dna_r10.4.1_e8.2_400bps_hac@v5.2.0,7232,4.28609e+07,44079051776
NVIDIA RTX A6000,dna_r10.4.1_e8.2_400bps_hac@v5.2.0,7296,4.62694e+07,44482741248
NVIDIA RTX A6000,dna_r10.4.1_e8.2_400bps_hac@v5.2.0,7360,4.64345e+07,44908380672
NVIDIA RTX A6000,dna_r10.4.1_e8.2_400bps_hac@v5.2.0,7424,4.56998e+07,45251401728
NVIDIA RTX A6000,dna_r10.4.1_e8.2_400bps_hac@v6.0.0,64,2.04388e+06,630614528
NVIDIA RTX A6000,dna_r10.4.1_e8.2_400bps_hac@v6.0.0,128,4.08313e+06,1226478080
NVIDIA RTX A6000,dna_r10.4.1_e8.2_400bps_hac@v6.0.0,192,5.89011e+06,1822335488
NVIDIA RTX A6000,dna_r10.4.1_e8.2_400bps_hac@v6.0.0,256,7.84815e+06,2418204160
NVIDIA RTX A6000,dna_r10.4.1_e8.2_400bps_hac@v6.0.0,320,9.78445e+06,3016150016
NVIDIA RTX A6000,dna_r10.4.1_e8.2_400bps_hac@v6.0.0,384,1.12906e+07,3612011008
NVIDIA RTX A6000,dna_r10.4.1_e8.2_400bps_hac@v6.0.0,448,1.26201e+07,4207860736
NVIDIA RTX A6000,dna_r10.4.1_e8.2_400bps_hac@v6.0.0,512,1.37648e+07,4805816320
NVIDIA RTX A6000,dna_r10.4.1_e8.2_400bps_hac@v6.0.0,576,1.48109e+07,5404832256
NVIDIA RTX A6000,dna_r10.4.1_e8.2_400bps_hac@v6.0.0,640,1.64312e+07,6001829376
NVIDIA RTX A6000,dna_r10.4.1_e8.2_400bps_hac@v6.0.0,704,1.03623e+07,6596263936
NVIDIA RTX A6000,dna_r10.4.1_e8.2_400bps_hac@v6.0.0,768,2.15649e+07,7191354880
NVIDIA RTX A6000,dna_r10.4.1_e8.2_400bps_hac@v6.0.0,832,1.22214e+07,7791552000
NVIDIA RTX A6000,dna_r10.4.1_e8.2_400bps_hac@v6.0.0,896,2.07801e+07,8387263488
NVIDIA RTX A6000,dna_r10.4.1_e8.2_400bps_hac@v6.0.0,960,1.407e+07,8983120384
NVIDIA RTX A6000,dna_r10.4.1_e8.2_400bps_hac@v6.0.0,1024,2.24226e+07,9579000832
NVIDIA RTX A6000,dna_r10.4.1_e8.2_400bps_hac@v6.0.0,1088,1.46583e+07,10175875584
NVIDIA RTX A6000,dna_r10.4.1_e8.2_400bps_hac@v6.0.0,1152,2.38537e+07,10774891520
NVIDIA RTX A6000,dna_r10.4.1_e8.2_400bps_hac@v6.0.0,1216,1.19204e+07,11373844480
NVIDIA RTX A6000,dna_r10.4.1_e8.2_400bps_hac@v6.0.0,1280,2.95307e+07,11964761600
NVIDIA RTX A6000,dna_r10.4.1_e8.2_400bps_hac@v6.0.0,1344,3.26306e+07,12561421312
NVIDIA RTX A6000,dna_r10.4.1_e8.2_400bps_hac@v6.0.0,1408,1.37378e+07,13169476608
NVIDIA RTX A6000,dna_r10.4.1_e8.2_400bps_hac@v6.0.0,1472,1.4341e+07,13764350464
NVIDIA RTX A6000,dna_r10.4.1_e8.2_400bps_hac@v6.0.0,1536,3.35114e+07,14352477696
NVIDIA RTX A6000,dna_r10.4.1_e8.2_400bps_hac@v6.0.0,1600,1.55311e+07,14949005312
NVIDIA RTX A6000,dna_r10.4.1_e8.2_400bps_hac@v6.0.0,1664,1.61307e+07,15555752448
NVIDIA RTX A6000,dna_r10.4.1_e8.2_400bps_hac@v6.0.0,1728,3.55356e+07,16149918208
NVIDIA RTX A6000,dna_r10.4.1_e8.2_400bps_hac@v6.0.0,1792,3.68323e+07,16738065920
NVIDIA RTX A6000,dna_r10.4.1_e8.2_400bps_hac@v6.0.0,1856,1.35639e+07,17336640000
NVIDIA RTX A6000,dna_r10.4.1_e8.2_400bps_hac@v6.0.0,1920,2.09876e+07,17944425472
NVIDIA RTX A6000,dna_r10.4.1_e8.2_400bps_hac@v6.0.0,1984,1.44394e+07,18538369536
NVIDIA RTX A6000,dna_r10.4.1_e8.2_400bps_hac@v6.0.0,2048,3.69382e+07,19125751296
NVIDIA RTX A6000,dna_r10.4.1_e8.2_400bps_hac@v6.0.0,2112,1.53473e+07,19722168832
NVIDIA RTX A6000,dna_r10.4.1_e8.2_400bps_hac@v6.0.0,2176,2.36736e+07,20326269952
NVIDIA RTX A6000,dna_r10.4.1_e8.2_400bps_hac@v6.0.0,2240,1.39022e+07,20924985856
NVIDIA RTX A6000,dna_r10.4.1_e8.2_400bps_hac@v6.0.0,2304,3.60414e+07,21514485248
NVIDIA RTX A6000,dna_r10.4.1_e8.2_400bps_hac@v6.0.0,2368,1.23764e+07,22110074880
NVIDIA RTX A6000,dna_r10.4.1_e8.2_400bps_hac@v6.0.0,2432,1.25227e+07,22713868288
NVIDIA RTX A6000,dna_r10.4.1_e8.2_400bps_hac@v6.0.0,2496,2.23745e+07,23310815744
NVIDIA RTX A6000,dna_r10.4.1_e8.2_400bps_hac@v6.0.0,2560,2.64949e+07,23901122048
NVIDIA RTX A6000,dna_r10.4.1_e8.2_400bps_hac@v6.0.0,2624,1.41393e+07,24496656384
NVIDIA RTX A6000,dna_r10.4.1_e8.2_400bps_hac@v6.0.0,2688,1.38098e+07,25099915264
NVIDIA RTX A6000,dna_r10.4.1_e8.2_400bps_hac@v6.0.0,2752,1.50705e+07,25698480640
NVIDIA RTX A6000,dna_r10.4.1_e8.2_400bps_hac@v6.0.0,2816,1.52675e+07,26286710272
NVIDIA RTX A6000,dna_r10.4.1_e8.2_400bps_hac@v6.0.0,2880,2.84171e+07,26882959872
NVIDIA RTX A6000,dna_r10.4.1_e8.2_400bps_hac@v6.0.0,2944,2.12065e+07,27488558080
NVIDIA RTX A6000,dna_r10.4.1_e8.2_400bps_hac@v6.0.0,3008,1.2654e+07,28084834816
NVIDIA RTX A6000,dna_r10.4.1_e8.2_400bps_hac@v6.0.0,3072,3.0001e+07,28672298496
NVIDIA RTX A6000,dna_r10.4.1_e8.2_400bps_hac@v6.0.0,3136,1.47815e+07,29268494336
NVIDIA RTX A6000,dna_r10.4.1_e8.2_400bps_hac@v6.0.0,3200,2.20425e+07,29874575872
NVIDIA RTX A6000,dna_r10.4.1_e8.2_400bps_hac@v6.0.0,3264,3.06657e+07,30471451136
NVIDIA RTX A6000,dna_r10.4.1_e8.2_400bps_hac@v6.0.0,3328,2.23939e+07,31061032448
NVIDIA RTX A6000,dna_r10.4.1_e8.2_400bps_hac@v6.0.0,3392,1.54503e+07,31656354304
NVIDIA RTX A6000,dna_r10.4.1_e8.2_400bps_hac@v6.0.0,3456,3.11163e+07,32260104704
NVIDIA RTX A6000,dna_r10.4.1_e8.2_400bps_hac@v6.0.0,3520,1.45404e+07,32855185408
NVIDIA RTX A6000,dna_r10.4.1_e8.2_400bps_hac@v6.0.0,3584,3.10978e+07,33462063104
NVIDIA RTX A6000,dna_r10.4.1_e8.2_400bps_hac@v6.0.0,3648,1.3594e+07,34059765760
NVIDIA RTX A6000,dna_r10.4.1_e8.2_400bps_hac@v6.0.0,3712,1.37664e+07,34651176960
NVIDIA RTX A6000,dna_r10.4.1_e8.2_400bps_hac@v6.0.0,3776,1.38048e+07,35242850304
NVIDIA RTX A6000,dna_r10.4.1_e8.2_400bps_hac@v6.0.0,3840,1.40459e+07,35847631360
NVIDIA RTX A6000,dna_r10.4.1_e8.2_400bps_hac@v6.0.0,3904,1.4087e+07,36444022784
NVIDIA RTX A6000,dna_r10.4.1_e8.2_400bps_hac@v6.0.0,3968,1.4298e+07,37037793792
NVIDIA RTX A6000,dna_r10.4.1_e8.2_400bps_hac@v6.0.0,4032,3.30406e+07,37629206016
NVIDIA RTX A6000,dna_r10.4.1_e8.2_400bps_hac@v6.0.0,4096,3.23965e+07,38231101440
NVIDIA RTX A6000,dna_r10.4.1_e8.2_400bps_hac@v6.0.0,4160,2.87332e+07,38831689216
NVIDIA RTX A6000,dna_r10.4.1_e8.2_400bps_hac@v6.0.0,4224,2.14645e+07,39423885824
NVIDIA RTX A6000,dna_r10.4.1_e8.2_400bps_hac@v6.0.0,4288,1.5258e+07,40017919488
NVIDIA RTX A6000,dna_r10.4.1_e8.2_400bps_hac@v6.0.0,4352,3.29733e+07,40619815424
NVIDIA RTX A6000,dna_r10.4.1_e8.2_400bps_hac@v6.0.0,4416,1.55481e+07,41215420416
NVIDIA RTX A6000,dna_r10.4.1_e8.2_400bps_hac@v6.0.0,4480,2.15957e+07,41809453568
NVIDIA RTX A6000,dna_r10.4.1_e8.2_400bps_hac@v6.0.0,4544,1.47677e+07,42401652224
NVIDIA RTX A6000,dna_r10.4.1_e8.2_400bps_sup@v4.3.0,64,1.27496e+06,1584615424
NVIDIA RTX A6000,dna_r10.4.1_e8.2_400bps_sup@v4.3.0,128,2.54905e+06,3026446336
NVIDIA RTX A6000,dna_r10.4.1_e8.2_400bps_sup@v4.3.0,192,3.63113e+06,4474790912
NVIDIA RTX A6000,dna_r10.4.1_e8.2_400bps_sup@v4.3.0,256,4.82383e+06,5913885184
NVIDIA RTX A6000,dna_r10.4.1_e8.2_400bps_sup@v4.3.0,320,5.71338e+06,7353280000
NVIDIA RTX A6000,dna_r10.4.1_e8.2_400bps_sup@v4.3.0,384,6.48209e+06,8795531776
NVIDIA RTX A6000,dna_r10.4.1_e8.2_400bps_sup@v4.3.0,448,7.12099e+06,10236837376
NVIDIA RTX A6000,dna_r10.4.1_e8.2_400bps_sup@v4.3.0,512,7.6389e+06,11699073536
NVIDIA RTX A6000,dna_r10.4.1_e8.2_400bps_sup@v4.3.0,576,8.57367e+06,13122786304
NVIDIA RTX A6000,dna_r10.4.1_e8.2_400bps_sup@v4.3.0,640,8.90878e+06,14564708352
NVIDIA RTX A6000,dna_r10.4.1_e8.2_400bps_sup@v4.3.0,704,7.69852e+06,16006355456
NVIDIA RTX A6000,dna_r10.4.1_e8.2_400bps_sup@v4.3.0,768,8.35525e+06,17449104896
NVIDIA RTX A6000,dna_r10.4.1_e8.2_400bps_sup@v4.3.0,832,9.06502e+06,18905366016
NVIDIA RTX A6000,dna_r10.4.1_e8.2_400bps_sup@v4.3.0,896,8.90143e+06,20335046144
NVIDIA RTX A6000,dna_r10.4.1_e8.2_400bps_sup@v4.3.0,960,8.55387e+06,21791386112
NVIDIA RTX A6000,dna_r10.4.1_e8.2_400bps_sup@v4.3.0,1024,8.61482e+06,23238239744
NVIDIA RTX A6000,dna_r10.4.1_e8.2_400bps_sup@v4.3.0,1088,8.15312e+06,24650119680
NVIDIA RTX A6000,dna_r10.4.1_e8.2_400bps_sup@v4.3.0,1152,9.11532e+06,26121296896
NVIDIA RTX A6000,dna_r10.4.1_e8.2_400bps_sup@v4.3.0,1216,8.23934e+06,27566798336
NVIDIA RTX A6000,dna_r10.4.1_e8.2_400bps_sup@v4.3.0,1280,8.71418e+06,29007576064
NVIDIA RTX A6000,dna_r10.4.1_e8.2_400bps_sup@v4.3.0,1344,9.08642e+06,30433197568
NVIDIA RTX A6000,dna_r10.4.1_e8.2_400bps_sup@v4.3.0,1408,8.44079e+06,31875018240
NVIDIA RTX A6000,dna_r10.4.1_e8.2_400bps_sup@v4.3.0,1472,8.7905e+06,33340469760
NVIDIA RTX A6000,dna_r10.4.1_e8.2_400bps_sup@v4.3.0,1536,8.65837e+06,34777450496
NVIDIA RTX A6000,dna_r10.4.1_e8.2_400bps_sup@v4.3.0,1600,8.8481e+06,36218990080
NVIDIA RTX A6000,dna_r10.4.1_e8.2_400bps_sup@v4.3.0,1664,7.49693e+06,37638614528
NVIDIA RTX A6000,dna_r10.4.1_e8.2_400bps_sup@v4.3.0,1728,8.51089e+06,39087240704
NVIDIA RTX A6000,dna_r10.4.1_e8.2_400bps_sup@v4.3.0,1792,8.59835e+06,40528684032
NVIDIA RTX A6000,dna_r10.4.1_e8.2_400bps_sup@v4.3.0,1856,8.47968e+06,41965109248
NVIDIA RTX A6000,dna_r10.4.1_e8.2_400bps_sup@v4.3.0,1920,8.77275e+06,43400555520
NVIDIA RTX A6000,dna_r10.4.1_e8.2_400bps_sup@v4.3.0,1984,8.422e+06,44848845312
NVIDIA RTX A6000,dna_r10.4.1_e8.2_400bps_sup@v4.3.0,2048,8.51686e+06,46281638400
NVIDIA RTX A6000,dna_r10.4.1_e8.2_400bps_sup@v5.0.0,32,5.01579e+06,1855695872
NVIDIA RTX A6000,dna_r10.4.1_e8.2_400bps_sup@v5.0.0,64,6.11088e+06,2635510272
NVIDIA RTX A6000,dna_r10.4.1_e8.2_400bps_sup@v5.0.0,96,6.23244e+06,3420043264
NVIDIA RTX A6000,dna_r10.4.1_e8.2_400bps_sup@v5.0.0,128,6.58335e+06,4186750464
NVIDIA RTX A6000,dna_r10.4.1_e8.2_400bps_sup@v5.0.0,160,6.65545e+06,4965778944
NVIDIA RTX A6000,dna_r10.4.1_e8.2_400bps_sup@v5.0.0,192,6.81124e+06,5753195520
NVIDIA RTX A6000,dna_r10.4.1_e8.2_400bps_sup@v5.0.0,224,6.84868e+06,6530846208
NVIDIA RTX A6000,dna_r10.4.1_e8.2_400bps_sup@v5.0.0,256,6.89025e+06,7311774720
NVIDIA RTX A6000,dna_r10.4.1_e8.2_400bps_sup@v5.0.0,288,6.70823e+06,8096307712
NVIDIA RTX A6000,dna_r10.4.1_e8.2_400bps_sup@v5.0.0,320,6.65434e+06,8878876160
NVIDIA RTX A6000,dna_r10.4.1_e8.2_400bps_sup@v5.0.0,352,6.88731e+06,9667472384
NVIDIA RTX A6000,dna_r10.4.1_e8.2_400bps_sup@v5.0.0,384,6.60777e+06,10444925952
NVIDIA RTX A6000,dna_r10.4.1_e8.2_400bps_sup@v5.0.0,416,6.64827e+06,11233784320
NVIDIA RTX A6000,dna_r10.4.1_e8.2_400bps_sup@v5.0.0,448,7.10955e+06,12008093696
NVIDIA RTX A6000,dna_r10.4.1_e8.2_400bps_sup@v5.0.0,480,7.04871e+06,12791971328
NVIDIA RTX A6000,dna_r10.4.1_e8.2_400bps_sup@v5.0.0,512,6.91419e+06,13575457792
NVIDIA RTX A6000,dna_r10.4.1_e8.2_400bps_sup@v5.0.0,544,6.69533e+06,14368442880
NVIDIA RTX A6000,dna_r10.4.1_e8.2_400bps_sup@v5.0.0,576,7.02796e+06,15152781824
NVIDIA RTX A6000,dna_r10.4.1_e8.2_400bps_sup@v5.0.0,608,6.74219e+06,15921979392
NVIDIA RTX A6000,dna_r10.4.1_e8.2_400bps_sup@v5.2.0,32,4.39678e+06,1854909440
NVIDIA RTX A6000,dna_r10.4.1_e8.2_400bps_sup@v5.2.0,64,5.90456e+06,2637083136
NVIDIA RTX A6000,dna_r10.4.1_e8.2_400bps_sup@v5.2.0,96,6.22952e+06,3420043264
NVIDIA RTX A6000,dna_r10.4.1_e8.2_400bps_sup@v5.2.0,128,6.58013e+06,4183604736
NVIDIA RTX A6000,dna_r10.4.1_e8.2_400bps_sup@v5.2.0,160,6.66384e+06,4965778944
NVIDIA RTX A6000,dna_r10.4.1_e8.2_400bps_sup@v5.2.0,192,6.81611e+06,5753195520
NVIDIA RTX A6000,dna_r10.4.1_e8.2_400bps_sup@v5.2.0,224,6.85749e+06,6530846208
NVIDIA RTX A6000,dna_r10.4.1_e8.2_400bps_sup@v5.2.0,256,6.89654e+06,7311774720
NVIDIA RTX A6000,dna_r10.4.1_e8.2_400bps_sup@v5.2.0,288,6.7077e+06,8096307712
NVIDIA RTX A6000,dna_r10.4.1_e8.2_400bps_sup@v5.2.0,320,6.65989e+06,8884774400
NVIDIA RTX A6000,dna_r10.4.1_e8.2_400bps_sup@v5.2.0,352,6.90023e+06,9660984320
NVIDIA RTX A6000,dna_r10.4.1_e8.2_400bps_sup@v5.2.0,384,6.61158e+06,10452003840
NVIDIA RTX A6000,dna_r10.4.1_e8.2_400bps_sup@v5.2.0,416,6.65227e+06,11233784320
NVIDIA RTX A6000,dna_r10.4.1_e8.2_400bps_sup@v5.2.0,448,6.59819e+06,12016351232
NVIDIA RTX A6000,dna_r10.4.1_e8.2_400bps_sup@v5.2.0,480,6.98445e+06,12791971328
NVIDIA RTX A6000,dna_r10.4.1_e8.2_400bps_sup@v5.2.0,512,6.90614e+06,13583846400
NVIDIA RTX A6000,dna_r10.4.1_e8.2_400bps_sup@v5.2.0,544,6.70411e+06,14368442880
NVIDIA RTX A6000,dna_r10.4.1_e8.2_400bps_sup@v5.2.0,576,7.051e+06,15142164992
NVIDIA RTX A6000,dna_r10.4.1_e8.2_400bps_sup@v5.2.0,608,6.73659e+06,15932727296
NVIDIA RTX A6000,rna004_130bps_fast@v5.1.0,64,2.49275e+07,1252741632
NVIDIA RTX A6000,rna004_130bps_fast@v5.1.0,128,4.6511e+07,1428935168
NVIDIA RTX A6000,rna004_130bps_fast@v5.1.0,192,6.51788e+07,1604745216
NVIDIA RTX A6000,rna004_130bps_fast@v5.1.0,256,8.1117e+07,1780554752
NVIDIA RTX A6000,rna004_130bps_fast@v5.1.0,320,9.52286e+07,1956364800
NVIDIA RTX A6000,rna004_130bps_fast@v5.1.0,384,9.481e+07,2139854336
NVIDIA RTX A6000,rna004_130bps_fast@v5.1.0,448,1.03281e+08,2310081536
NVIDIA RTX A6000,rna004_130bps_fast@v5.1.0,512,1.10954e+08,2483793920
NVIDIA RTX A6000,rna004_130bps_fast@v5.1.0,576,1.19321e+08,2661701120
NVIDIA RTX A6000,rna004_130bps_fast@v5.1.0,640,1.23585e+08,2835413504
NVIDIA RTX A6000,rna004_130bps_fast@v5.1.0,704,1.16625e+08,3013020672
NVIDIA RTX A6000,rna004_130bps_fast@v5.1.0,768,1.23633e+08,3204490240
NVIDIA RTX A6000,rna004_130bps_fast@v5.1.0,832,1.27589e+08,3363251200
NVIDIA RTX A6000,rna004_130bps_fast@v5.1.0,896,1.32996e+08,3543609344
NVIDIA RTX A6000,rna004_130bps_fast@v5.1.0,960,1.3934e+08,3714462720
NVIDIA RTX A6000,rna004_130bps_fast@v5.1.0,1024,1.32629e+08,3893839872
NVIDIA RTX A6000,rna004_130bps_fast@v5.1.0,1088,1.34569e+08,4068179456
NVIDIA RTX A6000,rna004_130bps_fast@v5.1.0,1152,1.37732e+08,4244046336
NVIDIA RTX A6000,rna004_130bps_fast@v5.1.0,1216,1.43353e+08,4422331392
NVIDIA RTX A6000,rna004_130bps_fast@v5.1.0,1280,1.45511e+08,4593511424
NVIDIA RTX A6000,rna004_130bps_fast@v5.1.0,1344,1.47289e+08,4772184576
NVIDIA RTX A6000,rna004_130bps_fast@v5.1.0,1408,1.29462e+08,4949628416
NVIDIA RTX A6000,rna004_130bps_fast@v5.1.0,1472,1.32366e+08,5127873536
NVIDIA RTX A6000,rna004_130bps_fast@v5.1.0,1536,1.35086e+08,5300611072
NVIDIA RTX A6000,rna004_130bps_fast@v5.1.0,1600,1.39797e+08,5477766656
NVIDIA RTX A6000,rna004_130bps_fast@v5.1.0,1664,1.40031e+08,5652019712
NVIDIA RTX A6000,rna004_130bps_fast@v5.1.0,1728,1.38165e+08,5831642112
NVIDIA RTX A6000,rna004_130bps_fast@v5.1.0,1792,1.3977e+08,6006241280
NVIDIA RTX A6000,rna004_130bps_fast@v5.1.0,1856,1.40456e+08,6181251584
NVIDIA RTX A6000,rna004_130bps_fast@v5.1.0,1920,1.45968e+08,6356598272
NVIDIA RTX A6000,rna004_130bps_fast@v5.1.0,1984,1.46804e+08,6532103168
NVIDIA RTX A6000,rna004_130bps_fast@v5.1.0,2048,1.39565e+08,6708267008
NVIDIA RTX A6000,rna004_130bps_fast@v5.1.0,2112,1.43082e+08,6884736512
NVIDIA RTX A6000,rna004_130bps_fast@v5.1.0,2176,1.43672e+08,7060083200
NVIDIA RTX A6000,rna004_130bps_fast@v5.1.0,2240,1.4591e+08,7282512896
NVIDIA RTX A6000,rna004_130bps_fast@v5.1.0,2304,1.47758e+08,7412922368
NVIDIA RTX A6000,rna004_130bps_fast@v5.1.0,2368,1.4272e+08,7587068416
NVIDIA RTX A6000,rna004_130bps_fast@v5.1.0,2432,1.46157e+08,7816173056
NVIDIA RTX A6000,rna004_130bps_fast@v5.1.0,2496,1.45314e+08,7939908608
NVIDIA RTX A6000,rna004_130bps_fast@v5.1.0,2560,1.48082e+08,8114743296
NVIDIA RTX A6000,rna004_130bps_fast@v5.1.0,2624,1.46023e+08,8295869952
NVIDIA RTX A6000,rna004_130bps_fast@v5.1.0,2688,1.49513e+08,8466254336
NVIDIA RTX A6000,rna004_130bps_fast@v5.1.0,2752,1.37682e+08,8704789504
NVIDIA RTX A6000,rna004_130bps_fast@v5.1.0,2816,1.4198e+08,8818276352
NVIDIA RTX A6000,rna004_130bps_fast@v5.1.0,2880,1.44665e+08,8995208192
NVIDIA RTX A6000,rna004_130bps_fast@v5.1.0,2944,1.46408e+08,9172635136
NVIDIA RTX A6000,rna004_130bps_fast@v5.1.0,3008,1.48451e+08,9347537920
NVIDIA RTX A6000,rna004_130bps_fast@v5.1.0,3072,1.4767e+08,9524791296
NVIDIA RTX A6000,rna004_130bps_fast@v5.1.0,3136,1.43021e+08,9698857984
NVIDIA RTX A6000,rna004_130bps_fast@v5.1.0,3200,1.46735e+08,9941131776
NVIDIA RTX A6000,rna004_130bps_fast@v5.1.0,3264,1.49653e+08,10051467264
NVIDIA RTX A6000,rna004_130bps_fast@v5.1.0,3328,1.46438e+08,10227349504
NVIDIA RTX A6000,rna004_130bps_fast@v5.1.0,3392,1.41504e+08,10403513344
NVIDIA RTX A6000,rna004_130bps_fast@v5.1.0,3456,1.44909e+08,10650980352
NVIDIA RTX A6000,rna004_130bps_fast@v5.1.0,3520,1.48296e+08,10754040832
NVIDIA RTX A6000,rna004_130bps_fast@v5.1.0,3584,1.48838e+08,10933069824
NVIDIA RTX A6000,rna004_130bps_fast@v5.1.0,3648,1.44963e+08,11103710208
NVIDIA RTX A6000,rna004_130bps_fast@v5.1.0,3712,1.49592e+08,11286429696
NVIDIA RTX A6000,rna004_130bps_fast@v5.1.0,3776,1.43465e+08,11462593536
NVIDIA RTX A6000,rna004_130bps_fast@v5.1.0,3840,1.45051e+08,11632465920
NVIDIA RTX A6000,rna004_130bps_fast@v5.1.0,3904,1.4969e+08,11811437568
NVIDIA RTX A6000,rna004_130bps_fast@v5.1.0,3968,1.42451e+08,11984175104
NVIDIA RTX A6000,rna004_130bps_fast@v5.1.0,4032,1.44745e+08,12165151744
NVIDIA RTX A6000,rna004_130bps_fast@v5.1.0,4096,1.46674e+08,12339218432
NVIDIA RTX A6000,rna004_130bps_fast@v5.1.0,4160,1.41341e+08,12513285120
NVIDIA RTX A6000,rna004_130bps_fast@v5.1.0,4224,1.39437e+08,12691902464
NVIDIA RTX A6000,rna004_130bps_fast@v5.1.0,4288,1.4207e+08,12864640000
NVIDIA RTX A6000,rna004_130bps_fast@v5.1.0,4352,1.47694e+08,13041571840
NVIDIA RTX A6000,rna004_130bps_fast@v5.1.0,4416,1.42519e+08,13217940480
NVIDIA RTX A6000,rna004_130bps_fast@v5.1.0,4480,1.43418e+08,13394104320
NVIDIA RTX A6000,rna004_130bps_fast@v5.1.0,4544,1.44727e+08,13574462464
NVIDIA RTX A6000,rna004_130bps_fast@v5.1.0,4608,1.46427e+08,13746432000
NVIDIA RTX A6000,rna004_130bps_fast@v5.1.0,4672,1.50441e+08,13922595840
NVIDIA RTX A6000,rna004_130bps_fast@v5.1.0,4736,1.42479e+08,14100856832
NVIDIA RTX A6000,rna004_130bps_fast@v5.1.0,4800,1.43481e+08,14272826368
NVIDIA RTX A6000,rna004_130bps_fast@v5.1.0,4864,1.45272e+08,14451087360
NVIDIA RTX A6000,rna004_130bps_fast@v5.1.0,4928,1.46623e+08,14625154048
NVIDIA RTX A6000,rna004_130bps_fast@v5.1.0,4992,1.41695e+08,14805512192
NVIDIA RTX A6000,rna004_130bps_fast@v5.1.0,5056,1.41669e+08,14979578880
NVIDIA RTX A6000,rna004_130bps_fast@v5.1.0,5120,1.43175e+08,15151548416
NVIDIA RTX A6000,rna004_130bps_fast@v5.1.0,5184,1.44967e+08,15329809408
NVIDIA RTX A6000,rna004_130bps_fast@v5.1.0,5248,1.46904e+08,15510167552
NVIDIA RTX A6000,rna004_130bps_fast@v5.1.0,5312,1.46213e+08,15684234240
NVIDIA RTX A6000,rna004_130bps_fast@v5.1.0,5376,1.41146e+08,15858300928
NVIDIA RTX A6000,rna004_130bps_fast@v5.1.0,5440,1.42751e+08,16032367616
NVIDIA RTX A6000,rna004_130bps_fast@v5.1.0,5504,1.43873e+08,16210628608
NVIDIA RTX A6000,rna004_130bps_fast@v5.1.0,5568,1.49114e+08,16386792448
NVIDIA RTX A6000,rna004_130bps_fast@v5.1.0,5632,1.37102e+08,16562956288
NVIDIA RTX A6000,rna004_130bps_fast@v5.1.0,5696,1.46938e+08,16737022976
NVIDIA RTX A6000,rna004_130bps_fast@v5.1.0,5760,1.34925e+08,16911089664
NVIDIA RTX A6000,rna004_130bps_fast@v5.1.0,5824,1.4035e+08,17089350656
NVIDIA RTX A6000,rna004_130bps_fast@v5.1.0,5888,1.42027e+08,17265514496
NVIDIA RTX A6000,rna004_130bps_fast@v5.1.0,5952,1.43057e+08,17441678336
NVIDIA RTX A6000,rna004_130bps_fast@v5.1.0,6016,1.44483e+08,17617842176
NVIDIA RTX A6000,rna004_130bps_fast@v5.1.0,6080,1.48723e+08,17791908864
NVIDIA RTX A6000,rna004_130bps_fast@v5.1.0,6144,1.33357e+08,17968072704
NVIDIA RTX A6000,rna004_130bps_fast@v5.1.0,6208,1.43802e+08,18144236544
NVIDIA RTX A6000,rna004_130bps_fast@v5.1.0,6272,1.50123e+08,18318303232
NVIDIA RTX A6000,rna004_130bps_fast@v5.1.0,6336,1.46237e+08,18498661376
NVIDIA RTX A6000,rna004_130bps_fast@v5.1.0,6400,1.44028e+08,18674825216
NVIDIA RTX A6000,rna004_130bps_fast@v5.1.0,6464,1.45361e+08,18846794752
NVIDIA RTX A6000,rna004_130bps_fast@v5.1.0,6528,1.47509e+08,19022958592
NVIDIA RTX A6000,rna004_130bps_fast@v5.1.0,6592,1.37774e+08,19199122432
NVIDIA RTX A6000,rna004_130bps_fast@v5.1.0,6656,1.51039e+08,19389966336
NVIDIA RTX A6000,rna004_130bps_fast@v5.1.0,6720,1.48103e+08,19555644416
NVIDIA RTX A6000,rna004_130bps_fast@v5.1.0,6784,1.37481e+08,19740196864
NVIDIA RTX A6000,rna004_130bps_fast@v5.1.0,6848,1.39197e+08,19905874944
NVIDIA RTX A6000,rna004_130bps_fast@v5.1.0,6912,1.39899e+08,20077844480
NVIDIA RTX A6000,rna004_130bps_fast@v5.1.0,6976,1.41309e+08,20251911168
NVIDIA RTX A6000,rna004_130bps_fast@v5.1.0,7040,1.45911e+08,20434366464
NVIDIA RTX A6000,rna004_130bps_fast@v5.1.0,7104,1.44219e+08,20606336000
NVIDIA RTX A6000,rna004_130bps_fast@v5.1.0,7168,1.37961e+08,20784596992
NVIDIA RTX A6000,rna004_130bps_fast@v5.1.0,7232,1.48211e+08,20956566528
NVIDIA RTX A6000,rna004_130bps_fast@v5.1.0,7296,1.46731e+08,21132730368
NVIDIA RTX A6000,rna004_130bps_fast@v5.1.0,7360,1.4488e+08,21315185664
NVIDIA RTX A6000,rna004_130bps_fast@v5.1.0,7424,1.396e+08,21501835264
NVIDIA RTX A6000,rna004_130bps_fast@v5.1.0,7488,1.37238e+08,21677999104
NVIDIA RTX A6000,rna004_130bps_fast@v5.1.0,7552,1.40974e+08,21841580032
NVIDIA RTX A6000,rna004_130bps_fast@v5.1.0,7616,1.41738e+08,22013549568
NVIDIA RTX A6000,rna004_130bps_fast@v5.1.0,7680,1.38064e+08,22189713408
NVIDIA RTX A6000,rna004_130bps_fast@v5.1.0,7744,1.42952e+08,22365877248
NVIDIA RTX A6000,rna004_130bps_fast@v5.1.0,7808,1.39084e+08,22542041088
NVIDIA RTX A6000,rna004_130bps_fast@v5.1.0,7872,1.482e+08,22722399232
NVIDIA RTX A6000,rna004_130bps_fast@v5.1.0,7936,1.46068e+08,22892271616
NVIDIA RTX A6000,rna004_130bps_fast@v5.1.0,8000,1.30303e+08,23070532608
NVIDIA RTX A6000,rna004_130bps_fast@v5.1.0,8064,1.3555e+08,23244599296
NVIDIA RTX A6000,rna004_130bps_fast@v5.1.0,8128,1.48282e+08,23424957440
NVIDIA RTX A6000,rna004_130bps_fast@v5.1.0,8192,1.37488e+08,23716464640
NVIDIA RTX A6000,rna004_130bps_fast@v5.1.0,8256,1.37949e+08,23770993664
NVIDIA RTX A6000,rna004_130bps_fast@v5.1.0,8320,1.36614e+08,23915700224
NVIDIA RTX A6000,rna004_130bps_fast@v5.1.0,8384,1.40494e+08,24052018176
NVIDIA RTX A6000,rna004_130bps_fast@v5.1.0,8448,1.41436e+08,24203016192
NVIDIA RTX A6000,rna004_130bps_fast@v5.1.0,8512,1.35996e+08,24343528448
NVIDIA RTX A6000,rna004_130bps_fast@v5.1.0,8576,1.34205e+08,24484040704
NVIDIA RTX A6000,rna004_130bps_fast@v5.1.0,8640,1.39333e+08,24626650112
NVIDIA RTX A6000,rna004_130bps_fast@v5.1.0,8704,1.37485e+08,24771356672
NVIDIA RTX A6000,rna004_130bps_fast@v5.1.0,8768,1.36985e+08,24913966080
NVIDIA RTX A6000,rna004_130bps_fast@v5.1.0,8832,1.2013e+08,25054478336
NVIDIA RTX A6000,rna004_130bps_fast@v5.1.0,8896,1.2616e+08,25194990592
NVIDIA RTX A6000,rna004_130bps_fast@v5.1.0,8960,1.39455e+08,25339697152
NVIDIA RTX A6000,rna004_130bps_fast@v5.1.0,9024,1.44791e+08,25482306560
NVIDIA RTX A6000,rna004_130bps_fast@v5.1.0,9088,1.41782e+08,25624915968
NVIDIA RTX A6000,rna004_130bps_fast@v5.1.0,9152,1.43062e+08,25767525376
NVIDIA RTX A6000,rna004_130bps_fast@v5.1.0,9216,1.40131e+08,25908037632
NVIDIA RTX A6000,rna004_130bps_fast@v5.1.0,9280,1.37767e+08,26052744192
NVIDIA RTX A6000,rna004_130bps_fast@v5.1.0,9344,1.44084e+08,26193256448
NVIDIA RTX A6000,rna004_130bps_fast@v5.1.0,9408,1.38242e+08,26333768704
NVIDIA RTX A6000,rna004_130bps_fast@v5.1.0,9472,1.41296e+08,26480572416
NVIDIA RTX A6000,rna004_130bps_fast@v5.1.0,9536,1.46382e+08,26618987520
NVIDIA RTX A6000,rna004_130bps_fast@v5.1.0,9600,1.3443e+08,26763694080
NVIDIA RTX A6000,rna004_130bps_fast@v5.1.0,9664,1.44738e+08,26904206336
NVIDIA RTX A6000,rna004_130bps_fast@v5.1.0,9728,1.43662e+08,27046815744
NVIDIA RTX A6000,rna004_130bps_fast@v5.1.0,9792,1.48044e+08,27191522304
NVIDIA RTX A6000,rna004_130bps_fast@v5.1.0,9856,1.45092e+08,27332034560
NVIDIA RTX A6000,rna004_130bps_fast@v5.1.0,9920,1.46164e+08,27474643968
NVIDIA RTX A6000,rna004_130bps_fast@v5.1.0,9984,1.38639e+08,27619350528
NVIDIA RTX A6000,rna004_130bps_fast@v5.1.0,10048,1.41083e+08,27757765632
NVIDIA RTX A6000,rna004_130bps_fast@v5.1.0,10112,1.32767e+08,27898277888
NVIDIA RTX A6000,rna004_130bps_fast@v5.1.0,10176,1.38989e+08,28047178752
NVIDIA RTX A6000,rna004_130bps_fast@v5.1.0,10240,1.18953e+08,28185593856
NVIDIA RTX A6000,rna004_130bps_fast@v5.2.0,64,2.31537e+07,1273826304
NVIDIA RTX A6000,rna004_130bps_fast@v5.2.0,128,4.27263e+07,1471454208
NVIDIA RTX A6000,rna004_130bps_fast@v5.2.0,192,5.9409e+07,1667772928
NVIDIA RTX A6000,rna004_130bps_fast@v5.2.0,256,7.32623e+07,1862456832
NVIDIA RTX A6000,rna004_130bps_fast@v5.2.0,320,8.59524e+07,2059238400
NVIDIA RTX A6000,rna004_130bps_fast@v5.2.0,384,8.46008e+07,2256019456
NVIDIA RTX A6000,rna004_130bps_fast@v5.2.0,448,9.30502e+07,2452801024
NVIDIA RTX A6000,rna004_130bps_fast@v5.2.0,512,9.932e+07,2647484928
NVIDIA RTX A6000,rna004_130bps_fast@v5.2.0,576,1.05887e+08,2846363648
NVIDIA RTX A6000,rna004_130bps_fast@v5.2.0,640,1.11272e+08,3053847552
NVIDIA RTX A6000,rna004_130bps_fast@v5.2.0,704,1.07068e+08,3237529088
NVIDIA RTX A6000,rna004_130bps_fast@v5.2.0,768,1.10744e+08,3449970176
NVIDIA RTX A6000,rna004_130bps_fast@v5.2.0,832,1.14471e+08,3629702656
NVIDIA RTX A6000,rna004_130bps_fast@v5.2.0,896,1.19825e+08,3848952320
NVIDIA RTX A6000,rna004_130bps_fast@v5.2.0,960,1.22386e+08,4022857216
NVIDIA RTX A6000,rna004_130bps_fast@v5.2.0,1024,1.16606e+08,4221108736
NVIDIA RTX A6000,rna004_130bps_fast@v5.2.0,1088,1.21865e+08,4416419840
NVIDIA RTX A6000,rna004_130bps_fast@v5.2.0,1152,1.24117e+08,4613258240
NVIDIA RTX A6000,rna004_130bps_fast@v5.2.0,1216,1.26555e+08,4810417664
NVIDIA RTX A6000,rna004_130bps_fast@v5.2.0,1280,1.28317e+08,5004666368
NVIDIA RTX A6000,rna004_130bps_fast@v5.2.0,1344,1.32071e+08,5229093888
NVIDIA RTX A6000,rna004_130bps_fast@v5.2.0,1408,1.16127e+08,5398532096
NVIDIA RTX A6000,rna004_130bps_fast@v5.2.0,1472,1.18053e+08,5599845888
NVIDIA RTX A6000,rna004_130bps_fast@v5.2.0,1536,1.20558e+08,5791457792
NVIDIA RTX A6000,rna004_130bps_fast@v5.2.0,1600,1.22195e+08,6023139328
NVIDIA RTX A6000,rna004_130bps_fast@v5.2.0,1664,1.23199e+08,6202384384
NVIDIA RTX A6000,rna004_130bps_fast@v5.2.0,1728,1.21442e+08,6383306240
NVIDIA RTX A6000,rna004_130bps_fast@v5.2.0,1792,1.21673e+08,6618722816
NVIDIA RTX A6000,rna004_130bps_fast@v5.2.0,1856,1.23063e+08,6774858752
NVIDIA RTX A6000,rna004_130bps_fast@v5.2.0,1920,1.26884e+08,7009576960
NVIDIA RTX A6000,rna004_130bps_fast@v5.2.0,1984,1.27071e+08,7167653376
NVIDIA RTX A6000,rna004_130bps_fast@v5.2.0,2048,1.23703e+08,7364788736
NVIDIA RTX A6000,rna004_130bps_fast@v5.2.0,2112,1.26788e+08,7560132608
NVIDIA RTX A6000,rna004_130bps_fast@v5.2.0,2176,1.27218e+08,7756450816
NVIDIA RTX A6000,rna004_130bps_fast@v5.2.0,2240,1.30896e+08,7999852032
NVIDIA RTX A6000,rna004_130bps_fast@v5.2.0,2304,1.30161e+08,8149135872
NVIDIA RTX A6000,rna004_130bps_fast@v5.2.0,2368,1.28438e+08,8393710592
NVIDIA RTX A6000,rna004_130bps_fast@v5.2.0,2432,1.27312e+08,8543997952
NVIDIA RTX A6000,rna004_130bps_fast@v5.2.0,2496,1.30456e+08,8739036672
NVIDIA RTX A6000,rna004_130bps_fast@v5.2.0,2560,1.32238e+08,8934842880
NVIDIA RTX A6000,rna004_130bps_fast@v5.2.0,2624,1.30699e+08,9134843904
NVIDIA RTX A6000,rna004_130bps_fast@v5.2.0,2688,1.35213e+08,9328296960
NVIDIA RTX A6000,rna004_130bps_fast@v5.2.0,2752,1.22047e+08,9526986240
NVIDIA RTX A6000,rna004_130bps_fast@v5.2.0,2816,1.25523e+08,9776787968
NVIDIA RTX A6000,rna004_130bps_fast@v5.2.0,2880,1.2277e+08,9918068224
NVIDIA RTX A6000,rna004_130bps_fast@v5.2.0,2944,1.25137e+08,10114369536
NVIDIA RTX A6000,rna004_130bps_fast@v5.2.0,3008,1.28314e+08,10373158400
NVIDIA RTX A6000,rna004_130bps_fast@v5.2.0,3072,1.29278e+08,10508468736
NVIDIA RTX A6000,rna004_130bps_fast@v5.2.0,3136,1.26887e+08,10701409792
NVIDIA RTX A6000,rna004_130bps_fast@v5.2.0,3200,1.29675e+08,10964655104
NVIDIA RTX A6000,rna004_130bps_fast@v5.2.0,3264,1.29584e+08,11095962112
NVIDIA RTX A6000,rna004_130bps_fast@v5.2.0,3328,1.26517e+08,11292815872
NVIDIA RTX A6000,rna004_130bps_fast@v5.2.0,3392,1.28887e+08,11489951232
NVIDIA RTX A6000,rna004_130bps_fast@v5.2.0,3456,1.26278e+08,11684989440
NVIDIA RTX A6000,rna004_130bps_fast@v5.2.0,3520,1.28423e+08,11880324608
NVIDIA RTX A6000,rna004_130bps_fast@v5.2.0,3584,1.30615e+08,12080325120
NVIDIA RTX A6000,rna004_130bps_fast@v5.2.0,3648,1.32445e+08,12271937024
NVIDIA RTX A6000,rna004_130bps_fast@v5.2.0,3712,1.27875e+08,12549028352
NVIDIA RTX A6000,rna004_130bps_fast@v5.2.0,3776,1.2878e+08,12670666240
NVIDIA RTX A6000,rna004_130bps_fast@v5.2.0,3840,1.304e+08,12861510144
NVIDIA RTX A6000,rna004_130bps_fast@v5.2.0,3904,1.33446e+08,13059356160
NVIDIA RTX A6000,rna004_130bps_fast@v5.2.0,3968,1.27264e+08,13255162368
NVIDIA RTX A6000,rna004_130bps_fast@v5.2.0,4032,1.29402e+08,13455013376
NVIDIA RTX A6000,rna004_130bps_fast@v5.2.0,4096,1.20697e+08,13650051584
NVIDIA RTX A6000,rna004_130bps_fast@v5.2.0,4160,1.25676e+08,13845089792
NVIDIA RTX A6000,rna004_130bps_fast@v5.2.0,4224,1.26882e+08,14042581504
NVIDIA RTX A6000,rna004_130bps_fast@v5.2.0,4288,1.29047e+08,14238387712
NVIDIA RTX A6000,rna004_130bps_fast@v5.2.0,4352,1.3017e+08,14434193920
NVIDIA RTX A6000,rna004_130bps_fast@v5.2.0,4416,1.26767e+08,14650408448
NVIDIA RTX A6000,rna004_130bps_fast@v5.2.0,4480,1.27014e+08,14847543808
NVIDIA RTX A6000,rna004_130bps_fast@v5.2.0,4544,1.28442e+08,15044679168
NVIDIA RTX A6000,rna004_130bps_fast@v5.2.0,4608,1.26956e+08,15220843008
NVIDIA RTX A6000,rna004_130bps_fast@v5.2.0,4672,1.21864e+08,15417978368
NVIDIA RTX A6000,rna004_130bps_fast@v5.2.0,4736,1.25257e+08,15636085248
NVIDIA RTX A6000,rna004_130bps_fast@v5.2.0,4800,1.19663e+08,15826929152
NVIDIA RTX A6000,rna004_130bps_fast@v5.2.0,4864,1.29917e+08,16007287296
NVIDIA RTX A6000,rna004_130bps_fast@v5.2.0,4928,1.28166e+08,16221199872
NVIDIA RTX A6000,rna004_130bps_fast@v5.2.0,4992,1.30508e+08,16403655168
NVIDIA RTX A6000,rna004_130bps_fast@v5.2.0,5056,1.24297e+08,16598693376
NVIDIA RTX A6000,rna004_130bps_fast@v5.2.0,5120,1.24443e+08,16789537280
NVIDIA RTX A6000,rna004_130bps_fast@v5.2.0,5184,1.25348e+08,16988769792
NVIDIA RTX A6000,rna004_130bps_fast@v5.2.0,5248,1.28919e+08,17190099456
NVIDIA RTX A6000,rna004_130bps_fast@v5.2.0,5312,1.31239e+08,17383040512
NVIDIA RTX A6000,rna004_130bps_fast@v5.2.0,5376,1.29601e+08,17580175872
NVIDIA RTX A6000,rna004_130bps_fast@v5.2.0,5440,1.23635e+08,17773116928
NVIDIA RTX A6000,rna004_130bps_fast@v5.2.0,5504,1.22748e+08,17970252288
NVIDIA RTX A6000,rna004_130bps_fast@v5.2.0,5568,1.24937e+08,18169484800
NVIDIA RTX A6000,rna004_130bps_fast@v5.2.0,5632,1.25234e+08,18364523008
NVIDIA RTX A6000,rna004_130bps_fast@v5.2.0,5696,1.28166e+08,18559561216
NVIDIA RTX A6000,rna004_130bps_fast@v5.2.0,5760,1.19399e+08,18754599424
NVIDIA RTX A6000,rna004_130bps_fast@v5.2.0,5824,1.20961e+08,18951734784
NVIDIA RTX A6000,rna004_130bps_fast@v5.2.0,5888,1.22712e+08,19150967296
NVIDIA RTX A6000,rna004_130bps_fast@v5.2.0,5952,1.22208e+08,19346005504
NVIDIA RTX A6000,rna004_130bps_fast@v5.2.0,6016,1.25271e+08,19543140864
NVIDIA RTX A6000,rna004_130bps_fast@v5.2.0,6080,1.24383e+08,19748664832
NVIDIA RTX A6000,rna004_130bps_fast@v5.2.0,6144,1.2678e+08,19935314432
NVIDIA RTX A6000,rna004_130bps_fast@v5.2.0,6208,1.27216e+08,20130352640
NVIDIA RTX A6000,rna004_130bps_fast@v5.2.0,6272,1.25127e+08,20325390848
NVIDIA RTX A6000,rna004_130bps_fast@v5.2.0,6336,1.31327e+08,20539303424
NVIDIA RTX A6000,rna004_130bps_fast@v5.2.0,6400,1.32456e+08,20721758720
NVIDIA RTX A6000,rna004_130bps_fast@v5.2.0,6464,1.336e+08,20916796928
NVIDIA RTX A6000,rna004_130bps_fast@v5.2.0,6528,1.20997e+08,21111835136
NVIDIA RTX A6000,rna004_130bps_fast@v5.2.0,6592,1.20907e+08,21308970496
NVIDIA RTX A6000,rna004_130bps_fast@v5.2.0,6656,1.26339e+08,21508203008
NVIDIA RTX A6000,rna004_130bps_fast@v5.2.0,6720,1.24639e+08,21705338368
NVIDIA RTX A6000,rna004_130bps_fast@v5.2.0,6784,1.27902e+08,21898279424
NVIDIA RTX A6000,rna004_130bps_fast@v5.2.0,6848,1.17507e+08,22097511936
NVIDIA RTX A6000,rna004_130bps_fast@v5.2.0,6912,1.2768e+08,22288355840
NVIDIA RTX A6000,rna004_130bps_fast@v5.2.0,6976,1.21758e+08,22485491200
NVIDIA RTX A6000,rna004_130bps_fast@v5.2.0,7040,1.28919e+08,22686820864
NVIDIA RTX A6000,rna004_130bps_fast@v5.2.0,7104,1.26572e+08,22879761920
NVIDIA RTX A6000,rna004_130bps_fast@v5.2.0,7168,1.20609e+08,23078994432
NVIDIA RTX A6000,rna004_130bps_fast@v5.2.0,7232,1.26614e+08,23269838336
NVIDIA RTX A6000,rna004_130bps_fast@v5.2.0,7296,1.22841e+08,23466973696
NVIDIA RTX A6000,rna004_130bps_fast@v5.2.0,7360,1.1947e+08,23670400512
NVIDIA RTX A6000,rna004_130bps_fast@v5.2.0,7424,1.24866e+08,23863341568
NVIDIA RTX A6000,rna004_130bps_fast@v5.2.0,7488,1.27239e+08,24060476928
NVIDIA RTX A6000,rna004_130bps_fast@v5.2.0,7552,1.26439e+08,24257612288
NVIDIA RTX A6000,rna004_130bps_fast@v5.2.0,7616,1.18473e+08,24450553344
NVIDIA RTX A6000,rna004_130bps_fast@v5.2.0,7680,1.24715e+08,24647688704
NVIDIA RTX A6000,rna004_130bps_fast@v5.2.0,7744,1.2927e+08,24844824064
NVIDIA RTX A6000,rna004_130bps_fast@v5.2.0,7808,1.26332e+08,25039862272
NVIDIA RTX A6000,rna004_130bps_fast@v5.2.0,7872,1.28382e+08,25241191936
NVIDIA RTX A6000,rna004_130bps_fast@v5.2.0,7936,1.26757e+08,25432035840
NVIDIA RTX A6000,rna004_130bps_fast@v5.2.0,8000,1.17017e+08,25629171200
NVIDIA RTX A6000,rna004_130bps_fast@v5.2.0,8064,1.29361e+08,25826306560
NVIDIA RTX A6000,rna004_130bps_fast@v5.2.0,8128,1.16219e+08,26025539072
NVIDIA RTX A6000,rna004_130bps_fast@v5.2.0,8192,1.18533e+08,26220577280
NVIDIA RTX A6000,rna004_130bps_fast@v5.2.0,8256,1.30006e+08,26413518336
NVIDIA RTX A6000,rna004_130bps_fast@v5.2.0,8320,1.24208e+08,26577099264
NVIDIA RTX A6000,rna004_130bps_fast@v5.2.0,8384,1.31336e+08,26736485888
NVIDIA RTX A6000,rna004_130bps_fast@v5.2.0,8448,1.30494e+08,26906358272
NVIDIA RTX A6000,rna004_130bps_fast@v5.2.0,8512,1.28908e+08,27067842048
NVIDIA RTX A6000,rna004_130bps_fast@v5.2.0,8576,1.18697e+08,27229325824
NVIDIA RTX A6000,rna004_130bps_fast@v5.2.0,8640,1.18513e+08,27390809600
NVIDIA RTX A6000,rna004_130bps_fast@v5.2.0,8704,1.20005e+08,27556487680
NVIDIA RTX A6000,rna004_130bps_fast@v5.2.0,8768,1.27603e+08,27720068608
NVIDIA RTX A6000,rna004_130bps_fast@v5.2.0,8832,1.235e+08,27881552384
NVIDIA RTX A6000,rna004_130bps_fast@v5.2.0,8896,1.27834e+08,28040939008
NVIDIA RTX A6000,rna004_130bps_fast@v5.2.0,8960,1.32307e+08,28206617088
NVIDIA RTX A6000,rna004_130bps_fast@v5.2.0,9024,1.20293e+08,28370198016
NVIDIA RTX A6000,rna004_130bps_fast@v5.2.0,9088,1.2676e+08,28533778944
NVIDIA RTX A6000,rna004_130bps_fast@v5.2.0,9152,1.17217e+08,28697359872
NVIDIA RTX A6000,rna004_130bps_fast@v5.2.0,9216,1.27491e+08,28856746496
NVIDIA RTX A6000,rna004_130bps_fast@v5.2.0,9280,1.3129e+08,29022424576
NVIDIA RTX A6000,rna004_130bps_fast@v5.2.0,9344,1.23293e+08,29183908352
NVIDIA RTX A6000,rna004_130bps_fast@v5.2.0,9408,1.16356e+08,29532038656
NVIDIA RTX A6000,rna004_130bps_fast@v5.2.0,9472,1.19678e+08,29513167360
NVIDIA RTX A6000,rna004_130bps_fast@v5.2.0,9536,1.20367e+08,29670456832
NVIDIA RTX A6000,rna004_130bps_fast@v5.2.0,9600,1.29298e+08,29834037760
NVIDIA RTX A6000,rna004_130bps_fast@v5.2.0,9664,1.19091e+08,29997618688
NVIDIA RTX A6000,rna004_130bps_fast@v5.2.0,9728,1.28712e+08,30159102464
NVIDIA RTX A6000,rna004_130bps_fast@v5.2.0,9792,1.22798e+08,30324780544
NVIDIA RTX A6000,rna004_130bps_fast@v5.2.0,9856,1.25281e+08,30486264320
NVIDIA RTX A6000,rna004_130bps_fast@v5.2.0,9920,1.29935e+08,30647748096
NVIDIA RTX A6000,rna004_130bps_fast@v5.2.0,9984,1.29209e+08,30815523328
NVIDIA RTX A6000,rna004_130bps_fast@v5.2.0,10048,1.1439e+08,30972812800
NVIDIA RTX A6000,rna004_130bps_fast@v5.2.0,10112,1.22358e+08,31134296576
NVIDIA RTX A6000,rna004_130bps_fast@v5.2.0,10176,1.22241e+08,31304168960
NVIDIA RTX A6000,rna004_130bps_fast@v5.2.0,10240,1.3312e+08,31463555584
NVIDIA RTX A6000,rna004_fast@v6.0.0,64,2.84907e+07,1240121344
NVIDIA RTX A6000,rna004_fast@v6.0.0,128,5.26154e+07,1405550592
NVIDIA RTX A6000,rna004_fast@v6.0.0,192,7.31241e+07,1568563200
NVIDIA RTX A6000,rna004_fast@v6.0.0,256,9.02444e+07,1733671424
NVIDIA RTX A6000,rna004_fast@v6.0.0,320,1.05079e+08,1896684032
NVIDIA RTX A6000,rna004_fast@v6.0.0,384,1.0318e+08,2061793280
NVIDIA RTX A6000,rna004_fast@v6.0.0,448,1.12185e+08,2224805888
NVIDIA RTX A6000,rna004_fast@v6.0.0,512,1.22039e+08,2389914112
NVIDIA RTX A6000,rna004_fast@v6.0.0,576,1.29202e+08,2552926720
NVIDIA RTX A6000,rna004_fast@v6.0.0,640,1.35904e+08,2718035968
NVIDIA RTX A6000,rna004_fast@v6.0.0,704,1.29795e+08,2882259968
NVIDIA RTX A6000,rna004_fast@v6.0.0,768,1.33955e+08,3046156800
NVIDIA RTX A6000,rna004_fast@v6.0.0,832,1.39834e+08,3209457152
NVIDIA RTX A6000,rna004_fast@v6.0.0,896,1.43662e+08,3376267264
NVIDIA RTX A6000,rna004_fast@v6.0.0,960,1.48121e+08,3539388416
NVIDIA RTX A6000,rna004_fast@v6.0.0,1024,1.41759e+08,3703398912
NVIDIA RTX A6000,rna004_fast@v6.0.0,1088,1.46183e+08,3867509248
NVIDIA RTX A6000,rna004_fast@v6.0.0,1152,1.48023e+08,4028499968
NVIDIA RTX A6000,rna004_fast@v6.0.0,1216,1.51214e+08,4195952128
NVIDIA RTX A6000,rna004_fast@v6.0.0,1280,1.53637e+08,4356545024
NVIDIA RTX A6000,rna004_fast@v6.0.0,1344,1.58923e+08,4522442240
NVIDIA RTX A6000,rna004_fast@v6.0.0,1408,1.38653e+08,4684666880
NVIDIA RTX A6000,rna004_fast@v6.0.0,1472,1.39089e+08,4853834752
NVIDIA RTX A6000,rna004_fast@v6.0.0,1536,1.42014e+08,5014286848
NVIDIA RTX A6000,rna004_fast@v6.0.0,1600,1.4465e+08,5181031936
NVIDIA RTX A6000,rna004_fast@v6.0.0,1664,1.47141e+08,5341485056
NVIDIA RTX A6000,rna004_fast@v6.0.0,1728,1.45903e+08,5509042176
NVIDIA RTX A6000,rna004_fast@v6.0.0,1792,1.47703e+08,5672942592
NVIDIA RTX A6000,rna004_fast@v6.0.0,1856,1.49281e+08,5835634176
NVIDIA RTX A6000,rna004_fast@v6.0.0,1920,1.50652e+08,6002171904
NVIDIA RTX A6000,rna004_fast@v6.0.0,1984,1.51688e+08,6162625536
NVIDIA RTX A6000,rna004_fast@v6.0.0,2048,1.48354e+08,6330892800
NVIDIA RTX A6000,rna004_fast@v6.0.0,2112,1.4884e+08,6494614016
NVIDIA RTX A6000,rna004_fast@v6.0.0,2176,1.53273e+08,6656737792
NVIDIA RTX A6000,rna004_fast@v6.0.0,2240,1.53354e+08,6821215232
NVIDIA RTX A6000,rna004_fast@v6.0.0,2304,1.57521e+08,6981667328
NVIDIA RTX A6000,rna004_fast@v6.0.0,2368,1.52636e+08,7148797440
NVIDIA RTX A6000,rna004_fast@v6.0.0,2432,1.52077e+08,7314475520
NVIDIA RTX A6000,rna004_fast@v6.0.0,2496,1.55932e+08,7473862144
NVIDIA RTX A6000,rna004_fast@v6.0.0,2560,1.54805e+08,7640257024
NVIDIA RTX A6000,rna004_fast@v6.0.0,2624,1.5851e+08,7804904960
NVIDIA RTX A6000,rna004_fast@v6.0.0,2688,1.57039e+08,7968406016
NVIDIA RTX A6000,rna004_fast@v6.0.0,2752,1.49944e+08,8136574464
NVIDIA RTX A6000,rna004_fast@v6.0.0,2816,1.48049e+08,8295961088
NVIDIA RTX A6000,rna004_fast@v6.0.0,2880,1.51125e+08,8461968896
NVIDIA RTX A6000,rna004_fast@v6.0.0,2944,1.5444e+08,8626044928
NVIDIA RTX A6000,rna004_fast@v6.0.0,3008,1.52051e+08,8789509632
NVIDIA RTX A6000,rna004_fast@v6.0.0,3072,1.4938e+08,8953729536
NVIDIA RTX A6000,rna004_fast@v6.0.0,3136,1.51717e+08,9115853312
NVIDIA RTX A6000,rna004_fast@v6.0.0,3200,1.55051e+08,9282007040
NVIDIA RTX A6000,rna004_fast@v6.0.0,3264,1.52043e+08,9448112128
NVIDIA RTX A6000,rna004_fast@v6.0.0,3328,1.54716e+08,9608802816
NVIDIA RTX A6000,rna004_fast@v6.0.0,3392,1.51177e+08,9772736000
NVIDIA RTX A6000,rna004_fast@v6.0.0,3456,1.53808e+08,9932762624
NVIDIA RTX A6000,rna004_fast@v6.0.0,3520,1.56568e+08,10099483648
NVIDIA RTX A6000,rna004_fast@v6.0.0,3584,1.52531e+08,10266053120
NVIDIA RTX A6000,rna004_fast@v6.0.0,3648,1.54989e+08,10428804608
NVIDIA RTX A6000,rna004_fast@v6.0.0,3712,1.57474e+08,10594482688
NVIDIA RTX A6000,rna004_fast@v6.0.0,3776,1.53103e+08,10753882112
NVIDIA RTX A6000,rna004_fast@v6.0.0,3840,1.55651e+08,10920622592
NVIDIA RTX A6000,rna004_fast@v6.0.0,3904,1.58018e+08,11085270528
NVIDIA RTX A6000,rna004_fast@v6.0.0,3968,1.60093e+08,11248625152
NVIDIA RTX A6000,rna004_fast@v6.0.0,4032,1.55502e+08,11414484480
NVIDIA RTX A6000,rna004_fast@v6.0.0,4096,1.49695e+08,11580211712
NVIDIA RTX A6000,rna004_fast@v6.0.0,4160,1.52077e+08,11740025344
NVIDIA RTX A6000,rna004_fast@v6.0.0,4224,1.5434e+08,11906410496
NVIDIA RTX A6000,rna004_fast@v6.0.0,4288,1.56574e+08,12067631616
NVIDIA RTX A6000,rna004_fast@v6.0.0,4352,1.50496e+08,12233948672
NVIDIA RTX A6000,rna004_fast@v6.0.0,4416,1.5259e+08,12402261504
NVIDIA RTX A6000,rna004_fast@v6.0.0,4480,1.54831e+08,12563745280
NVIDIA RTX A6000,rna004_fast@v6.0.0,4544,1.56633e+08,12725229056
NVIDIA RTX A6000,rna004_fast@v6.0.0,4608,1.50248e+08,12886712832
NVIDIA RTX A6000,rna004_fast@v6.0.0,4672,1.52404e+08,13052955136
NVIDIA RTX A6000,rna004_fast@v6.0.0,4736,1.54221e+08,13219273216
NVIDIA RTX A6000,rna004_fast@v6.0.0,4800,1.56139e+08,13381396992
NVIDIA RTX A6000,rna004_fast@v6.0.0,4864,1.57987e+08,13547328000
NVIDIA RTX A6000,rna004_fast@v6.0.0,4928,1.50699e+08,13708811776
NVIDIA RTX A6000,rna004_fast@v6.0.0,4992,1.52796e+08,13872392704
NVIDIA RTX A6000,rna004_fast@v6.0.0,5056,1.54549e+08,14040376832
NVIDIA RTX A6000,rna004_fast@v6.0.0,5120,1.56282e+08,14200402432
NVIDIA RTX A6000,rna004_fast@v6.0.0,5184,1.5817e+08,14366720512
NVIDIA RTX A6000,rna004_fast@v6.0.0,5248,1.50555e+08,14533007872
NVIDIA RTX A6000,rna004_fast@v6.0.0,5312,1.52291e+08,14694491648
NVIDIA RTX A6000,rna004_fast@v6.0.0,5376,1.53917e+08,14860169728
NVIDIA RTX A6000,rna004_fast@v6.0.0,5440,1.55106e+08,15021653504
NVIDIA RTX A6000,rna004_fast@v6.0.0,5504,1.46977e+08,15187824128
NVIDIA RTX A6000,rna004_fast@v6.0.0,5568,1.48629e+08,15352045056
NVIDIA RTX A6000,rna004_fast@v6.0.0,5632,1.50063e+08,15514167808
NVIDIA RTX A6000,rna004_fast@v6.0.0,5696,1.51615e+08,15680171520
NVIDIA RTX A6000,rna004_fast@v6.0.0,5760,1.53202e+08,15841655296
NVIDIA RTX A6000,rna004_fast@v6.0.0,5824,1.54587e+08,16005236224
NVIDIA RTX A6000,rna004_fast@v6.0.0,5888,1.56192e+08,16175108608
NVIDIA RTX A6000,rna004_fast@v6.0.0,5952,1.57892e+08,16334495232
NVIDIA RTX A6000,rna004_fast@v6.0.0,6016,1.49119e+08,16502270464
NVIDIA RTX A6000,rna004_fast@v6.0.0,6080,1.5007e+08,16661657088
NVIDIA RTX A6000,rna004_fast@v6.0.0,6144,1.51412e+08,16827335168
NVIDIA RTX A6000,rna004_fast@v6.0.0,6208,1.52955e+08,16990916096
NVIDIA RTX A6000,rna004_fast@v6.0.0,6272,1.54124e+08,17152399872
NVIDIA RTX A6000,rna004_fast@v6.0.0,6336,1.55828e+08,17322272256
NVIDIA RTX A6000,rna004_fast@v6.0.0,6400,1.57237e+08,17487950336
NVIDIA RTX A6000,rna004_fast@v6.0.0,6464,1.47122e+08,17649434112
NVIDIA RTX A6000,rna004_fast@v6.0.0,6528,1.48367e+08,17813015040
NVIDIA RTX A6000,rna004_fast@v6.0.0,6592,1.49841e+08,17974498816
NVIDIA RTX A6000,rna004_fast@v6.0.0,6656,1.50899e+08,18140176896
NVIDIA RTX A6000,rna004_fast@v6.0.0,6720,1.52514e+08,18310049280
NVIDIA RTX A6000,rna004_fast@v6.0.0,6784,1.53347e+08,18467338752
NVIDIA RTX A6000,rna004_fast@v6.0.0,6848,1.41893e+08,18633016832
NVIDIA RTX A6000,rna004_fast@v6.0.0,6912,1.41878e+08,18792403456
NVIDIA RTX A6000,rna004_fast@v6.0.0,6976,1.45121e+08,18960178688
NVIDIA RTX A6000,rna004_fast@v6.0.0,7040,1.40886e+08,19123759616
NVIDIA RTX A6000,rna004_fast@v6.0.0,7104,1.42219e+08,19285243392
NVIDIA RTX A6000,rna004_fast@v6.0.0,7168,1.48286e+08,19453018624
NVIDIA RTX A6000,rna004_fast@v6.0.0,7232,1.49765e+08,19614502400
NVIDIA RTX A6000,rna004_fast@v6.0.0,7296,1.41936e+08,19782277632
NVIDIA RTX A6000,rna004_fast@v6.0.0,7360,1.52033e+08,19945858560
NVIDIA RTX A6000,rna004_fast@v6.0.0,7424,1.41704e+08,20107342336
NVIDIA RTX A6000,rna004_fast@v6.0.0,7488,1.42453e+08,20270923264
NVIDIA RTX A6000,rna004_fast@v6.0.0,7552,1.54983e+08,20434504192
NVIDIA RTX A6000,rna004_fast@v6.0.0,7616,1.41823e+08,20602279424
NVIDIA RTX A6000,rna004_fast@v6.0.0,7680,1.42559e+08,20767957504
NVIDIA RTX A6000,rna004_fast@v6.0.0,7744,1.45435e+08,20927344128
NVIDIA RTX A6000,rna004_fast@v6.0.0,7808,1.42022e+08,21093022208
NVIDIA RTX A6000,rna004_fast@v6.0.0,7872,1.47598e+08,21258700288
NVIDIA RTX A6000,rna004_fast@v6.0.0,7936,1.48685e+08,21418086912
NVIDIA RTX A6000,rna004_fast@v6.0.0,8000,1.42245e+08,21585862144
NVIDIA RTX A6000,rna004_fast@v6.0.0,8064,1.42633e+08,21747345920
NVIDIA RTX A6000,rna004_fast@v6.0.0,8128,1.4077e+08,21910926848
NVIDIA RTX A6000,rna004_fast@v6.0.0,8192,1.41638e+08,22078702080
NVIDIA RTX A6000,rna004_fast@v6.0.0,8256,1.41251e+08,22240185856
NVIDIA RTX A6000,rna004_fast@v6.0.0,8320,1.41939e+08,22370212352
NVIDIA RTX A6000,rna004_fast@v6.0.0,8384,1.5563e+08,22498141696
NVIDIA RTX A6000,rna004_fast@v6.0.0,8448,1.42468e+08,22632362496
NVIDIA RTX A6000,rna004_fast@v6.0.0,8512,1.41692e+08,22766583296
NVIDIA RTX A6000,rna004_fast@v6.0.0,8576,1.44252e+08,22892415488
NVIDIA RTX A6000,rna004_fast@v6.0.0,8640,1.44751e+08,23024539136
NVIDIA RTX A6000,rna004_fast@v6.0.0,8704,1.42625e+08,23150371328
NVIDIA RTX A6000,rna004_fast@v6.0.0,8768,1.42044e+08,23282494976
NVIDIA RTX A6000,rna004_fast@v6.0.0,8832,1.42778e+08,23418812928
NVIDIA RTX A6000,rna004_fast@v6.0.0,8896,1.48824e+08,23546742272
NVIDIA RTX A6000,rna004_fast@v6.0.0,8960,1.49823e+08,23676768768
NVIDIA RTX A6000,rna004_fast@v6.0.0,9024,1.50779e+08,23808892416
NVIDIA RTX A6000,rna004_fast@v6.0.0,9088,1.42736e+08,23932627456
NVIDIA RTX A6000,rna004_fast@v6.0.0,9152,1.52573e+08,24066848256
NVIDIA RTX A6000,rna004_fast@v6.0.0,9216,1.52122e+08,24194777600
NVIDIA RTX A6000,rna004_fast@v6.0.0,9280,1.53068e+08,24328998400
NVIDIA RTX A6000,rna004_fast@v6.0.0,9344,1.41454e+08,24461122048
NVIDIA RTX A6000,rna004_fast@v6.0.0,9408,1.43267e+08,24586954240
NVIDIA RTX A6000,rna004_fast@v6.0.0,9472,1.52601e+08,24721175040
NVIDIA RTX A6000,rna004_fast@v6.0.0,9536,1.41241e+08,24847007232
NVIDIA RTX A6000,rna004_fast@v6.0.0,9600,1.42341e+08,24979130880
NVIDIA RTX A6000,rna004_fast@v6.0.0,9664,1.41541e+08,25113351680
NVIDIA RTX A6000,rna004_fast@v6.0.0,9728,1.4091e+08,25241281024
NVIDIA RTX A6000,rna004_fast@v6.0.0,9792,1.40577e+08,25373404672
NVIDIA RTX A6000,rna004_fast@v6.0.0,9856,1.41555e+08,25501334016
NVIDIA RTX A6000,rna004_fast@v6.0.0,9920,1.40969e+08,25631360512
NVIDIA RTX A6000,rna004_fast@v6.0.0,9984,1.41523e+08,25763484160
NVIDIA RTX A6000,rna004_fast@v6.0.0,10048,1.4161e+08,25891413504
NVIDIA RTX A6000,rna004_fast@v6.0.0,10112,1.41712e+08,26027731456
NVIDIA RTX A6000,rna004_fast@v6.0.0,10176,1.41781e+08,26157757952
NVIDIA RTX A6000,rna004_fast@v6.0.0,10240,1.43756e+08,26283590144
NVIDIA RTX A6000,rna004_130bps_hac@v5.1.0,64,7.71764e+06,489934848
NVIDIA RTX A6000,rna004_130bps_hac@v5.1.0,128,1.49155e+07,958942208
NVIDIA RTX A6000,rna004_130bps_hac@v5.1.0,192,2.14129e+07,1424543232
NVIDIA RTX A6000,rna004_130bps_hac@v5.1.0,256,2.64029e+07,1894090240
NVIDIA RTX A6000,rna004_130bps_hac@v5.1.0,320,3.18167e+07,2361217536
NVIDIA RTX A6000,rna004_130bps_hac@v5.1.0,384,3.62343e+07,2844589056
NVIDIA RTX A6000,rna004_130bps_hac@v5.1.0,448,3.95556e+07,3297533440
NVIDIA RTX A6000,rna004_130bps_hac@v5.1.0,512,3.19867e+07,3762645504
NVIDIA RTX A6000,rna004_130bps_hac@v5.1.0,576,3.42981e+07,4243390976
NVIDIA RTX A6000,rna004_130bps_hac@v5.1.0,640,3.74483e+07,4714503168
NVIDIA RTX A6000,rna004_130bps_hac@v5.1.0,704,3.91121e+07,5167148544
NVIDIA RTX A6000,rna004_130bps_hac@v5.1.0,768,4.09736e+07,5655431168
NVIDIA RTX A6000,rna004_130bps_hac@v5.1.0,832,4.36956e+07,6105137664
NVIDIA RTX A6000,rna004_130bps_hac@v5.1.0,896,4.52882e+07,6589908992
NVIDIA RTX A6000,rna004_130bps_hac@v5.1.0,960,3.9809e+07,7060641280
NVIDIA RTX A6000,rna004_130bps_hac@v5.1.0,1024,4.03769e+07,7532673536
NVIDIA RTX A6000,rna004_130bps_hac@v5.1.0,1088,4.30012e+07,7994473984
NVIDIA RTX A6000,rna004_130bps_hac@v5.1.0,1152,4.67161e+07,8463254016
NVIDIA RTX A6000,rna004_130bps_hac@v5.1.0,1216,4.56955e+07,8931943936
NVIDIA RTX A6000,rna004_130bps_hac@v5.1.0,1280,5.05515e+07,9401426944
NVIDIA RTX A6000,rna004_130bps_hac@v5.1.0,1344,4.90773e+07,9870638080
NVIDIA RTX A6000,rna004_130bps_hac@v5.1.0,1408,5.27918e+07,10339226624
NVIDIA RTX A6000,rna004_130bps_hac@v5.1.0,1472,5.08684e+07,10842185728
NVIDIA RTX A6000,rna004_130bps_hac@v5.1.0,1536,5.43621e+07,11243799040
NVIDIA RTX A6000,rna004_130bps_hac@v5.1.0,1600,5.36507e+07,11748942336
NVIDIA RTX A6000,rna004_130bps_hac@v5.1.0,1664,5.72498e+07,12215032832
NVIDIA RTX A6000,rna004_130bps_hac@v5.1.0,1728,5.61688e+07,12693054464
NVIDIA RTX A6000,rna004_130bps_hac@v5.1.0,1792,5.97475e+07,13171037696
NVIDIA RTX A6000,rna004_130bps_hac@v5.1.0,1856,4.38453e+07,13624015360
NVIDIA RTX A6000,rna004_130bps_hac@v5.1.0,1920,4.34937e+07,14090411008
NVIDIA RTX A6000,rna004_130bps_hac@v5.1.0,1984,4.4772e+07,14564249088
NVIDIA RTX A6000,rna004_130bps_hac@v5.1.0,2048,4.4169e+07,15030400512
NVIDIA RTX A6000,rna004_130bps_hac@v5.1.0,2112,4.56997e+07,15498602496
NVIDIA RTX A6000,rna004_130bps_hac@v5.1.0,2176,4.69658e+07,15975297024
NVIDIA RTX A6000,rna004_130bps_hac@v5.1.0,2240,4.615e+07,16441715712
NVIDIA RTX A6000,rna004_130bps_hac@v5.1.0,2304,4.30175e+07,16912881664
NVIDIA RTX A6000,rna004_130bps_hac@v5.1.0,2368,5.33614e+07,17372867072
NVIDIA RTX A6000,rna004_130bps_hac@v5.1.0,2432,4.7662e+07,17843235840
NVIDIA RTX A6000,rna004_130bps_hac@v5.1.0,2496,5.38725e+07,18335729664
NVIDIA RTX A6000,rna004_130bps_hac@v5.1.0,2560,4.99614e+07,18799127040
NVIDIA RTX A6000,rna004_130bps_hac@v5.1.0,2624,5.65922e+07,19252109312
NVIDIA RTX A6000,rna004_130bps_hac@v5.1.0,2688,4.9864e+07,19715655680
NVIDIA RTX A6000,rna004_130bps_hac@v5.1.0,2752,4.85756e+07,20195908608
NVIDIA RTX A6000,rna004_130bps_hac@v5.1.0,2816,5.22557e+07,20637902848
NVIDIA RTX A6000,rna004_130bps_hac@v5.1.0,2880,5.04903e+07,21063371776
NVIDIA RTX A6000,rna004_130bps_hac@v5.1.0,2944,5.45387e+07,21601063936
NVIDIA RTX A6000,rna004_130bps_hac@v5.1.0,3008,4.96967e+07,22076390912
NVIDIA RTX A6000,rna004_130bps_hac@v5.1.0,3072,5.63434e+07,22550094336
NVIDIA RTX A6000,rna004_130bps_hac@v5.1.0,3136,5.19694e+07,22995958272
NVIDIA RTX A6000,rna004_130bps_hac@v5.1.0,3200,5.56729e+07,23467495424
NVIDIA RTX A6000,rna004_130bps_hac@v5.1.0,3264,5.39347e+07,23937764864
NVIDIA RTX A6000,rna004_130bps_hac@v5.1.0,3328,5.81549e+07,24407922176
NVIDIA RTX A6000,rna004_130bps_hac@v5.1.0,3392,5.60007e+07,24876957696
NVIDIA RTX A6000,rna004_130bps_hac@v5.1.0,3456,5.69779e+07,25367797248
NVIDIA RTX A6000,rna004_130bps_hac@v5.1.0,3520,5.17659e+07,25820059648
NVIDIA RTX A6000,rna004_130bps_hac@v5.1.0,3584,5.90904e+07,26290706432
NVIDIA RTX A6000,rna004_130bps_hac@v5.1.0,3648,4.9526e+07,26747895808
NVIDIA RTX A6000,rna004_130bps_hac@v5.1.0,3712,4.65617e+07,27231073792
NVIDIA RTX A6000,rna004_130bps_hac@v5.1.0,3776,5.14551e+07,27697978368
NVIDIA RTX A6000,rna004_130bps_hac@v5.1.0,3840,4.88011e+07,28160775168
NVIDIA RTX A6000,rna004_130bps_hac@v5.1.0,3904,5.32093e+07,28625124352
NVIDIA RTX A6000,rna004_130bps_hac@v5.1.0,3968,4.65331e+07,29032658432
NVIDIA RTX A6000,rna004_130bps_hac@v5.1.0,4032,5.43684e+07,29492951552
NVIDIA RTX A6000,rna004_130bps_hac@v5.1.0,4096,4.74732e+07,30038888960
NVIDIA RTX A6000,rna004_130bps_hac@v5.1.0,4160,5.26147e+07,30498210304
NVIDIA RTX A6000,rna004_130bps_hac@v5.1.0,4224,4.92728e+07,30981208576
NVIDIA RTX A6000,rna004_130bps_hac@v5.1.0,4288,5.0746e+07,31442900992
NVIDIA RTX A6000,rna004_130bps_hac@v5.1.0,4352,4.87096e+07,31908339200
NVIDIA RTX A6000,rna004_130bps_hac@v5.1.0,4416,5.56363e+07,32391771648
NVIDIA RTX A6000,rna004_130bps_hac@v5.1.0,4480,5.20367e+07,32860665344
NVIDIA RTX A6000,rna004_130bps_hac@v5.1.0,4544,5.26767e+07,33261007872
NVIDIA RTX A6000,rna004_130bps_hac@v5.1.0,4608,4.9937e+07,33785491456
NVIDIA RTX A6000,rna004_130bps_hac@v5.1.0,4672,4.85103e+07,34141728256
NVIDIA RTX A6000,rna004_130bps_hac@v5.1.0,4736,5.342e+07,34733617664
NVIDIA RTX A6000,rna004_130bps_hac@v5.1.0,4800,5.00231e+07,35083378176
NVIDIA RTX A6000,rna004_130bps_hac@v5.1.0,4864,5.25025e+07,35538852864
NVIDIA RTX A6000,rna004_130bps_hac@v5.1.0,4928,5.08985e+07,36182347264
NVIDIA RTX A6000,rna004_130bps_hac@v5.1.0,4992,5.56818e+07,36490610688
NVIDIA RTX A6000,rna004_130bps_hac@v5.1.0,5056,5.17452e+07,36958289408
NVIDIA RTX A6000,rna004_130bps_hac@v5.1.0,5120,4.75751e+07,37417580544
NVIDIA RTX A6000,rna004_130bps_hac@v5.1.0,5184,5.33899e+07,37903171584
NVIDIA RTX A6000,rna004_130bps_hac@v5.1.0,5248,5.43855e+07,38363424768
NVIDIA RTX A6000,rna004_130bps_hac@v5.1.0,5312,5.59055e+07,38816421888
NVIDIA RTX A6000,rna004_130bps_hac@v5.1.0,5376,5.57507e+07,39312187904
NVIDIA RTX A6000,rna004_130bps_hac@v5.1.0,5440,4.62998e+07,39771990528
NVIDIA RTX A6000,rna004_130bps_hac@v5.1.0,5504,4.59018e+07,40329321472
NVIDIA RTX A6000,rna004_130bps_hac@v5.1.0,5568,4.81502e+07,40764986880
NVIDIA RTX A6000,rna004_130bps_hac@v5.1.0,5632,4.24559e+07,41180783104
NVIDIA RTX A6000,rna004_130bps_hac@v5.1.0,5696,4.51401e+07,41722612736
NVIDIA RTX A6000,rna004_130bps_hac@v5.1.0,5760,4.91432e+07,42090178560
NVIDIA RTX A6000,rna004_130bps_hac@v5.1.0,5824,4.90042e+07,42587098624
NVIDIA RTX A6000,rna004_130bps_hac@v5.1.0,5888,4.74348e+07,43027634176
NVIDIA RTX A6000,rna004_130bps_hac@v5.1.0,5952,4.43879e+07,43491120128
NVIDIA RTX A6000,rna004_130bps_hac@v5.1.0,6016,5.12911e+07,43942021120
NVIDIA RTX A6000,rna004_130bps_hac@v5.1.0,6080,4.75231e+07,44459005440
NVIDIA RTX A6000,rna004_130bps_hac@v5.1.0,6144,4.57793e+07,44922294272
NVIDIA RTX A6000,rna004_130bps_hac@v5.1.0,6208,5.132e+07,45359739904
NVIDIA RTX A6000,rna004_130bps_hac@v5.2.0,64,7.43494e+06,490080768
NVIDIA RTX A6000,rna004_130bps_hac@v5.2.0,128,1.43639e+07,957965824
NVIDIA RTX A6000,rna004_130bps_hac@v5.2.0,192,2.06401e+07,1432355840
NVIDIA RTX A6000,rna004_130bps_hac@v5.2.0,256,2.62389e+07,1894124032
NVIDIA RTX A6000,rna004_130bps_hac@v5.2.0,320,3.08774e+07,2361274880
NVIDIA RTX A6000,rna004_130bps_hac@v5.2.0,384,3.51461e+07,2844589056
NVIDIA RTX A6000,rna004_130bps_hac@v5.2.0,448,3.82747e+07,3297667072
NVIDIA RTX A6000,rna004_130bps_hac@v5.2.0,512,3.14752e+07,3765033984
NVIDIA RTX A6000,rna004_130bps_hac@v5.2.0,576,3.37023e+07,4231984640
NVIDIA RTX A6000,rna004_130bps_hac@v5.2.0,640,3.61358e+07,4707798528
NVIDIA RTX A6000,rna004_130bps_hac@v5.2.0,704,3.84245e+07,5179877376
NVIDIA RTX A6000,rna004_130bps_hac@v5.2.0,768,4.10992e+07,5652940288
NVIDIA RTX A6000,rna004_130bps_hac@v5.2.0,832,4.2879e+07,6123738112
NVIDIA RTX A6000,rna004_130bps_hac@v5.2.0,896,4.52669e+07,6592012288
NVIDIA RTX A6000,rna004_130bps_hac@v5.2.0,960,3.89781e+07,7041220096
NVIDIA RTX A6000,rna004_130bps_hac@v5.2.0,1024,4.03815e+07,7525670912
NVIDIA RTX A6000,rna004_130bps_hac@v5.2.0,1088,4.1958e+07,8010997760
NVIDIA RTX A6000,rna004_130bps_hac@v5.2.0,1152,4.66535e+07,8463235584
NVIDIA RTX A6000,rna004_130bps_hac@v5.2.0,1216,4.56808e+07,8931951616
NVIDIA RTX A6000,rna004_130bps_hac@v5.2.0,1280,4.92994e+07,9410980352
NVIDIA RTX A6000,rna004_130bps_hac@v5.2.0,1344,4.7652e+07,9869612544
NVIDIA RTX A6000,rna004_130bps_hac@v5.2.0,1408,5.1415e+07,10365075456
NVIDIA RTX A6000,rna004_130bps_hac@v5.2.0,1472,5.0804e+07,10816010240
NVIDIA RTX A6000,rna004_130bps_hac@v5.2.0,1536,5.29395e+07,11244011520
NVIDIA RTX A6000,rna004_130bps_hac@v5.2.0,1600,5.19824e+07,11760901632
NVIDIA RTX A6000,rna004_130bps_hac@v5.2.0,1664,5.56786e+07,12222604288
NVIDIA RTX A6000,rna004_130bps_hac@v5.2.0,1728,5.43238e+07,12724600320
NVIDIA RTX A6000,rna004_130bps_hac@v5.2.0,1792,5.82292e+07,13176684544
NVIDIA RTX A6000,rna004_130bps_hac@v5.2.0,1856,4.19417e+07,13636567040
NVIDIA RTX A6000,rna004_130bps_hac@v5.2.0,1920,4.33752e+07,14090582016
NVIDIA RTX A6000,rna004_130bps_hac@v5.2.0,1984,4.28922e+07,14601394688
NVIDIA RTX A6000,rna004_130bps_hac@v5.2.0,2048,4.41692e+07,15032423936
NVIDIA RTX A6000,rna004_130bps_hac@v5.2.0,2112,4.56987e+07,15507043328
NVIDIA RTX A6000,rna004_130bps_hac@v5.2.0,2176,4.49336e+07,15980608000
NVIDIA RTX A6000,rna004_130bps_hac@v5.2.0,2240,4.62518e+07,16443618304
NVIDIA RTX A6000,rna004_130bps_hac@v5.2.0,2304,4.3013e+07,16903297536
NVIDIA RTX A6000,rna004_130bps_hac@v5.2.0,2368,5.34116e+07,17389111296
NVIDIA RTX A6000,rna004_130bps_hac@v5.2.0,2432,4.74461e+07,17855929856
NVIDIA RTX A6000,rna004_130bps_hac@v5.2.0,2496,5.37894e+07,18316648448
NVIDIA RTX A6000,rna004_130bps_hac@v5.2.0,2560,5.00241e+07,18782692352
NVIDIA RTX A6000,rna004_130bps_hac@v5.2.0,2624,5.39677e+07,19252256256
NVIDIA RTX A6000,rna004_130bps_hac@v5.2.0,2688,4.99667e+07,19715694592
NVIDIA RTX A6000,rna004_130bps_hac@v5.2.0,2752,4.85775e+07,20196039680
NVIDIA RTX A6000,rna004_130bps_hac@v5.2.0,2816,5.21252e+07,20656423424
NVIDIA RTX A6000,rna004_130bps_hac@v5.2.0,2880,4.81075e+07,21130408448
NVIDIA RTX A6000,rna004_130bps_hac@v5.2.0,2944,5.16345e+07,21600125440
NVIDIA RTX A6000,rna004_130bps_hac@v5.2.0,3008,5.00291e+07,22064286208
NVIDIA RTX A6000,rna004_130bps_hac@v5.2.0,3072,5.33442e+07,22534541824
NVIDIA RTX A6000,rna004_130bps_hac@v5.2.0,3136,5.18706e+07,22926664704
NVIDIA RTX A6000,rna004_130bps_hac@v5.2.0,3200,5.30746e+07,23489910784
NVIDIA RTX A6000,rna004_130bps_hac@v5.2.0,3264,5.06955e+07,23937782784
NVIDIA RTX A6000,rna004_130bps_hac@v5.2.0,3328,5.76958e+07,24359711744
NVIDIA RTX A6000,rna004_130bps_hac@v5.2.0,3392,4.97597e+07,24877772800
NVIDIA RTX A6000,rna004_130bps_hac@v5.2.0,3456,5.70159e+07,25357411328
NVIDIA RTX A6000,rna004_130bps_hac@v5.2.0,3520,5.44233e+07,25819718144
NVIDIA RTX A6000,rna004_130bps_hac@v5.2.0,3584,5.78626e+07,26330437632
NVIDIA RTX A6000,rna004_130bps_hac@v5.2.0,3648,4.98005e+07,26748426240
NVIDIA RTX A6000,rna004_130bps_hac@v5.2.0,3712,4.68954e+07,27230906368
NVIDIA RTX A6000,rna004_130bps_hac@v5.2.0,3776,5.0919e+07,27717062144
NVIDIA RTX A6000,rna004_130bps_hac@v5.2.0,3840,4.4619e+07,28070614528
NVIDIA RTX A6000,rna004_130bps_hac@v5.2.0,3904,4.94506e+07,28624560128
NVIDIA RTX A6000,rna004_130bps_hac@v5.2.0,3968,4.65126e+07,29112391168
NVIDIA RTX A6000,rna004_130bps_hac@v5.2.0,4032,5.1076e+07,29574925824
NVIDIA RTX A6000,rna004_130bps_hac@v5.2.0,4096,4.73568e+07,29933600256
NVIDIA RTX A6000,rna004_130bps_hac@v5.2.0,4160,4.93258e+07,30391905792
NVIDIA RTX A6000,rna004_130bps_hac@v5.2.0,4224,4.93178e+07,30981476352
NVIDIA RTX A6000,rna004_130bps_hac@v5.2.0,4288,5.01232e+07,31347316224
NVIDIA RTX A6000,rna004_130bps_hac@v5.2.0,4352,5.0383e+07,31908199424
NVIDIA RTX A6000,rna004_130bps_hac@v5.2.0,4416,5.1949e+07,32379246592
NVIDIA RTX A6000,rna004_130bps_hac@v5.2.0,4480,4.7907e+07,32909356032
NVIDIA RTX A6000,rna004_130bps_hac@v5.2.0,4544,4.86647e+07,33224157184
NVIDIA RTX A6000,rna004_130bps_hac@v5.2.0,4608,4.30453e+07,33785616896
NVIDIA RTX A6000,rna004_130bps_hac@v5.2.0,4672,4.86685e+07,34141728256
NVIDIA RTX A6000,rna004_130bps_hac@v5.2.0,4736,5.36124e+07,34621990912
NVIDIA RTX A6000,rna004_130bps_hac@v5.2.0,4800,5.14362e+07,35072893952
NVIDIA RTX A6000,rna004_130bps_hac@v5.2.0,4864,5.05758e+07,35566727680
NVIDIA RTX A6000,rna004_130bps_hac@v5.2.0,4928,5.07122e+07,36031188992
NVIDIA RTX A6000,rna004_130bps_hac@v5.2.0,4992,5.1816e+07,36522611712
NVIDIA RTX A6000,rna004_130bps_hac@v5.2.0,5056,5.2347e+07,36958289408
NVIDIA RTX A6000,rna004_130bps_hac@v5.2.0,5120,5.209e+07,37417580544
NVIDIA RTX A6000,rna004_130bps_hac@v5.2.0,5184,4.87384e+07,38003349504
NVIDIA RTX A6000,rna004_130bps_hac@v5.2.0,5248,5.51256e+07,38388126208
NVIDIA RTX A6000,rna004_130bps_hac@v5.2.0,5312,4.96111e+07,38950029312
NVIDIA RTX A6000,rna004_130bps_hac@v5.2.0,5376,5.45224e+07,39431644160
NVIDIA RTX A6000,rna004_130bps_hac@v5.2.0,5440,4.88625e+07,39739198976
NVIDIA RTX A6000,rna004_130bps_hac@v5.2.0,5504,4.63079e+07,40254887424
NVIDIA RTX A6000,rna004_130bps_hac@v5.2.0,5568,4.69515e+07,40719480320
NVIDIA RTX A6000,rna004_130bps_hac@v5.2.0,5632,4.33999e+07,41252340224
NVIDIA RTX A6000,rna004_130bps_hac@v5.2.0,5696,4.34257e+07,41694195200
NVIDIA RTX A6000,rna004_130bps_hac@v5.2.0,5760,4.42079e+07,42116463616
NVIDIA RTX A6000,rna004_130bps_hac@v5.2.0,5824,4.78765e+07,42632930304
NVIDIA RTX A6000,rna004_130bps_hac@v5.2.0,5888,4.73967e+07,43027634176
NVIDIA RTX A6000,rna004_130bps_hac@v5.2.0,5952,4.8558e+07,43698193920
NVIDIA RTX A6000,rna004_130bps_hac@v5.2.0,6016,4.78238e+07,44029169152
NVIDIA RTX A6000,rna004_130bps_hac@v5.2.0,6080,4.89454e+07,44418088448
NVIDIA RTX A6000,rna004_130bps_hac@v5.2.0,6144,4.58396e+07,44922686464
NVIDIA RTX A6000,rna004_130bps_hac@v5.2.0,6208,5.07814e+07,45359739904
NVIDIA RTX A6000,rna004_hac@v6.0.0,64,2.0465e+06,518511104
NVIDIA RTX A6000,rna004_hac@v6.0.0,128,3.95965e+06,1004039168
NVIDIA RTX A6000,rna004_hac@v6.0.0,192,5.94059e+06,1491330048
NVIDIA RTX A6000,rna004_hac@v6.0.0,256,7.91341e+06,1974433792
NVIDIA RTX A6000,rna004_hac@v6.0.0,320,9.57631e+06,2461726208
NVIDIA RTX A6000,rna004_hac@v6.0.0,384,1.11023e+07,2946928128
NVIDIA RTX A6000,rna004_hac@v6.0.0,448,1.25018e+07,3432305664
NVIDIA RTX A6000,rna004_hac@v6.0.0,512,1.37579e+07,3918374400
NVIDIA RTX A6000,rna004_hac@v6.0.0,576,1.49115e+07,4402507776
NVIDIA RTX A6000,rna004_hac@v6.0.0,640,1.59221e+07,4889804800
NVIDIA RTX A6000,rna004_hac@v6.0.0,704,1.05202e+07,5374126080
NVIDIA RTX A6000,rna004_hac@v6.0.0,768,2.13328e+07,5861272064
NVIDIA RTX A6000,rna004_hac@v6.0.0,832,1.241e+07,6345668096
NVIDIA RTX A6000,rna004_hac@v6.0.0,896,2.04666e+07,6832555520
NVIDIA RTX A6000,rna004_hac@v6.0.0,960,1.33873e+07,7315786752
NVIDIA RTX A6000,rna004_hac@v6.0.0,1024,2.22958e+07,7803108864
NVIDIA RTX A6000,rna004_hac@v6.0.0,1088,1.51316e+07,8288278016
NVIDIA RTX A6000,rna004_hac@v6.0.0,1152,2.2885e+07,8771452416
NVIDIA RTX A6000,rna004_hac@v6.0.0,1216,1.20953e+07,9261058048
NVIDIA RTX A6000,rna004_hac@v6.0.0,1280,2.78985e+07,9743861248
NVIDIA RTX A6000,rna004_hac@v6.0.0,1344,3.06186e+07,10229849088
NVIDIA RTX A6000,rna004_hac@v6.0.0,1408,1.39479e+07,10714246656
NVIDIA RTX A6000,rna004_hac@v6.0.0,1472,1.45654e+07,11205596160
NVIDIA RTX A6000,rna004_hac@v6.0.0,1536,3.3325e+07,11690403328
NVIDIA RTX A6000,rna004_hac@v6.0.0,1600,1.43295e+07,12172980736
NVIDIA RTX A6000,rna004_hac@v6.0.0,1664,1.48947e+07,12657724928
NVIDIA RTX A6000,rna004_hac@v6.0.0,1728,3.40918e+07,13149512192
NVIDIA RTX A6000,rna004_hac@v6.0.0,1792,3.53101e+07,13636737024
NVIDIA RTX A6000,rna004_hac@v6.0.0,1856,1.29386e+07,14116108800
NVIDIA RTX A6000,rna004_hac@v6.0.0,1920,2.08602e+07,14602933760
NVIDIA RTX A6000,rna004_hac@v6.0.0,1984,1.38051e+07,15085572608
NVIDIA RTX A6000,rna004_hac@v6.0.0,2048,3.61053e+07,15577858560
NVIDIA RTX A6000,rna004_hac@v6.0.0,2112,1.46694e+07,16064882176
NVIDIA RTX A6000,rna004_hac@v6.0.0,2176,2.15254e+07,16543688192
NVIDIA RTX A6000,rna004_hac@v6.0.0,2240,1.54794e+07,17028691968
NVIDIA RTX A6000,rna004_hac@v6.0.0,2304,3.39634e+07,17511357440
NVIDIA RTX A6000,rna004_hac@v6.0.0,2368,1.40081e+07,18008537088
NVIDIA RTX A6000,rna004_hac@v6.0.0,2432,1.43673e+07,18493316608
NVIDIA RTX A6000,rna004_hac@v6.0.0,2496,2.2225e+07,18971480576
NVIDIA RTX A6000,rna004_hac@v6.0.0,2560,2.76163e+07,19456544256
NVIDIA RTX A6000,rna004_hac@v6.0.0,2624,1.3225e+07,19943387136
NVIDIA RTX A6000,rna004_hac@v6.0.0,2688,1.35051e+07,20432544256
NVIDIA RTX A6000,rna004_hac@v6.0.0,2752,1.3815e+07,20919792128
NVIDIA RTX A6000,rna004_hac@v6.0.0,2816,1.41046e+07,21400055296
NVIDIA RTX A6000,rna004_hac@v6.0.0,2880,2.83187e+07,21882888704
NVIDIA RTX A6000,rna004_hac@v6.0.0,2944,2.03508e+07,22371253760
NVIDIA RTX A6000,rna004_hac@v6.0.0,3008,1.33745e+07,22860146688
NVIDIA RTX A6000,rna004_hac@v6.0.0,3072,2.87427e+07,23345520128
NVIDIA RTX A6000,rna004_hac@v6.0.0,3136,1.4577e+07,23824324096
NVIDIA RTX A6000,rna004_hac@v6.0.0,3200,2.20087e+07,24311737344
NVIDIA RTX A6000,rna004_hac@v6.0.0,3264,3.03454e+07,24800039424
NVIDIA RTX A6000,rna004_hac@v6.0.0,3328,2.06092e+07,25285901824
NVIDIA RTX A6000,rna004_hac@v6.0.0,3392,1.51817e+07,25773097472
NVIDIA RTX A6000,rna004_hac@v6.0.0,3456,3.19267e+07,26251935232
NVIDIA RTX A6000,rna004_hac@v6.0.0,3520,1.43649e+07,26740155904
NVIDIA RTX A6000,rna004_hac@v6.0.0,3584,2.99162e+07,27226795008
NVIDIA RTX A6000,rna004_hac@v6.0.0,3648,1.46445e+07,27714482688
NVIDIA RTX A6000,rna004_hac@v6.0.0,3712,1.47079e+07,28201319936
NVIDIA RTX A6000,rna004_hac@v6.0.0,3776,1.48945e+07,28677671936
NVIDIA RTX A6000,rna004_hac@v6.0.0,3840,1.50662e+07,29165905920
NVIDIA RTX A6000,rna004_hac@v6.0.0,3904,1.51094e+07,29652715520
NVIDIA RTX A6000,rna004_hac@v6.0.0,3968,1.53257e+07,30142872064
NVIDIA RTX A6000,rna004_hac@v6.0.0,4032,3.10064e+07,30627795456
NVIDIA RTX A6000,rna004_hac@v6.0.0,4096,3.03999e+07,31110712832
NVIDIA RTX A6000,rna004_hac@v6.0.0,4160,2.50977e+07,31594115584
NVIDIA RTX A6000,rna004_hac@v6.0.0,4224,2.20664e+07,32078484480
NVIDIA RTX A6000,rna004_hac@v6.0.0,4288,1.48939e+07,32568365056
NVIDIA RTX A6000,rna004_hac@v6.0.0,4352,3.09711e+07,33053735424
NVIDIA RTX A6000,rna004_hac@v6.0.0,4416,1.51094e+07,33555505664
NVIDIA RTX A6000,rna004_hac@v6.0.0,4480,2.10151e+07,34035768832
NVIDIA RTX A6000,rna004_hac@v6.0.0,4544,1.40817e+07,34520224256
NVIDIA RTX A6000,rna004_hac@v6.0.0,4608,3.38824e+07,34998390272
NVIDIA RTX A6000,rna004_hac@v6.0.0,4672,1.35159e+07,35479215616
NVIDIA RTX A6000,rna004_hac@v6.0.0,4736,1.35685e+07,35978993152
NVIDIA RTX A6000,rna004_hac@v6.0.0,4800,2.93317e+07,36461991424
NVIDIA RTX A6000,rna004_hac@v6.0.0,4864,1.3789e+07,36948798976
NVIDIA RTX A6000,rna004_hac@v6.0.0,4928,1.52733e+07,37424865792
NVIDIA RTX A6000,rna004_hac@v6.0.0,4992,3.10226e+07,37909323264
NVIDIA RTX A6000,rna004_hac@v6.0.0,5056,1.54585e+07,38406570496
NVIDIA RTX A6000,rna004_hac@v6.0.0,5120,1.55599e+07,38887472640
NVIDIA RTX A6000,rna004_hac@v6.0.0,5184,3.13612e+07,39372569600
NVIDIA RTX A6000,rna004_hac@v6.0.0,5248,2.03614e+07,39857634816
NVIDIA RTX A6000,rna004_hac@v6.0.0,5312,1.50047e+07,40337895936
NVIDIA RTX A6000,rna004_hac@v6.0.0,5376,2.05776e+07,40832839168
NVIDIA RTX A6000,rna004_hac@v6.0.0,5440,2.74096e+07,41317294592
NVIDIA RTX A6000,rna004_hac@v6.0.0,5504,2.06036e+07,41800147456
NVIDIA RTX A6000,rna004_hac@v6.0.0,5568,1.53092e+07,42283147264
NVIDIA RTX A6000,rna004_hac@v6.0.0,5632,2.26486e+07,42761950720
NVIDIA RTX A6000,rna004_130bps_sup@v5.1.0,32,4.99563e+06,2044668928
NVIDIA RTX A6000,rna004_130bps_sup@v5.1.0,64,6.1062e+06,3216355840
NVIDIA RTX A6000,rna004_130bps_sup@v5.1.0,96,6.1603e+06,4393285632
NVIDIA RTX A6000,rna004_130bps_sup@v5.1.0,128,6.58383e+06,5580701184
NVIDIA RTX A6000,rna004_130bps_sup@v5.1.0,160,6.73704e+06,6770311680
NVIDIA RTX A6000,rna004_130bps_sup@v5.1.0,192,6.69631e+06,7960315904
NVIDIA RTX A6000,rna004_130bps_sup@v5.1.0,224,6.58395e+06,9152156160
NVIDIA RTX A6000,rna004_130bps_sup@v5.1.0,256,6.56858e+06,10341897216
NVIDIA RTX A6000,rna004_130bps_sup@v5.1.0,288,6.88117e+06,11540584960
NVIDIA RTX A6000,rna004_130bps_sup@v5.1.0,320,7.01042e+06,12721905664
NVIDIA RTX A6000,rna004_130bps_sup@v5.1.0,352,6.49031e+06,13926984704
NVIDIA RTX A6000,rna004_130bps_sup@v5.1.0,384,6.40772e+06,15106503168
NVIDIA RTX A6000,rna004_130bps_sup@v5.2.0,32,5.05187e+06,2044668928
NVIDIA RTX A6000,rna004_130bps_sup@v5.2.0,64,5.97568e+06,3218715136
NVIDIA RTX A6000,rna004_130bps_sup@v5.2.0,96,6.34568e+06,4389746688
NVIDIA RTX A6000,rna004_130bps_sup@v5.2.0,128,6.58258e+06,5580701184
NVIDIA RTX A6000,rna004_130bps_sup@v5.2.0,160,6.7586e+06,6776209920
NVIDIA RTX A6000,rna004_130bps_sup@v5.2.0,192,6.69329e+06,7967393792
NVIDIA RTX A6000,rna004_130bps_sup@v5.2.0,224,6.60404e+06,9158349312
NVIDIA RTX A6000,rna004_130bps_sup@v5.2.0,256,6.59482e+06,10351334400
NVIDIA RTX A6000,rna004_130bps_sup@v5.2.0,288,6.88507e+06,11540584960
NVIDIA RTX A6000,rna004_130bps_sup@v5.2.0,320,6.99896e+06,12733702144
NVIDIA RTX A6000,rna004_130bps_sup@v5.2.0,352,6.50223e+06,13922790400
NVIDIA RTX A6000,rna004_130bps_sup@v5.2.0,384,7.03681e+06,15117120000
NVIDIA RTX A6000,rna004_sup@v6.0.0,32,4.52912e+06,2128528384
NVIDIA RTX A6000,rna004_sup@v6.0.0,64,5.29754e+06,3301394944
NVIDIA RTX A6000,rna004_sup@v6.0.0,96,5.47118e+06,4474785792
NVIDIA RTX A6000,rna004_sup@v6.0.0,128,5.65017e+06,5665740288
NVIDIA RTX A6000,rna004_sup@v6.0.0,160,5.60131e+06,6855350784
NVIDIA RTX A6000,rna004_sup@v6.0.0,192,5.65665e+06,8045355008
NVIDIA RTX A6000,rna004_sup@v6.0.0,224,5.77333e+06,9235130880
NVIDIA RTX A6000,rna004_sup@v6.0.0,256,5.66287e+06,10426936320
NVIDIA RTX A6000,rna004_sup@v6.0.0,288,5.83145e+06,11617661440
NVIDIA RTX A6000,rna004_sup@v6.0.0,320,5.88553e+06,12809893888
NVIDIA RTX A6000,rna004_sup@v6.0.0,352,5.83346e+06,13999047680
NVIDIA RTX A6000,rna004_sup@v6.0.0,384,5.67844e+06,15191542272
