NVIDIA GeForce RTX 5090,dna_r10.4.1_e8.2_400bps_fast@v4.3.0,64,4.17652e+07,1223602688
NVIDIA GeForce RTX 5090,dna_r10.4.1_e8.2_400bps_fast@v4.3.0,128,6.77879e+07,1371934720
NVIDIA GeForce RTX 5090,dna_r10.4.1_e8.2_400bps_fast@v4.3.0,192,9.77403e+07,1518170112
NVIDIA GeForce RTX 5090,dna_r10.4.1_e8.2_400bps_fast@v4.3.0,256,1.26138e+08,1666501120
NVIDIA GeForce RTX 5090,dna_r10.4.1_e8.2_400bps_fast@v4.3.0,320,1.5177e+08,1812736512
NVIDIA GeForce RTX 5090,dna_r10.4.1_e8.2_400bps_fast@v4.3.0,384,1.72122e+08,1966648320
NVIDIA GeForce RTX 5090,dna_r10.4.1_e8.2_400bps_fast@v4.3.0,448,1.85821e+08,2105206784
NVIDIA GeForce RTX 5090,dna_r10.4.1_e8.2_400bps_fast@v4.3.0,512,2.05189e+08,2253537792
NVIDIA GeForce RTX 5090,dna_r10.4.1_e8.2_400bps_fast@v4.3.0,576,2.22466e+08,2399773184
NVIDIA GeForce RTX 5090,dna_r10.4.1_e8.2_400bps_fast@v4.3.0,640,2.38089e+08,2548105216
NVIDIA GeForce RTX 5090,dna_r10.4.1_e8.2_400bps_fast@v4.3.0,704,2.45803e+08,2693454848
NVIDIA GeForce RTX 5090,dna_r10.4.1_e8.2_400bps_fast@v4.3.0,768,2.61053e+08,2840574464
NVIDIA GeForce RTX 5090,dna_r10.4.1_e8.2_400bps_fast@v4.3.0,832,2.71358e+08,2987097600
NVIDIA GeForce RTX 5090,dna_r10.4.1_e8.2_400bps_fast@v4.3.0,896,2.84994e+08,3137064960
NVIDIA GeForce RTX 5090,dna_r10.4.1_e8.2_400bps_fast@v4.3.0,960,3.01754e+08,3283474432
NVIDIA GeForce RTX 5090,dna_r10.4.1_e8.2_400bps_fast@v4.3.0,1024,3.08995e+08,3428610560
NVIDIA GeForce RTX 5090,dna_r10.4.1_e8.2_400bps_fast@v4.3.0,1088,3.15621e+08,3575943680
NVIDIA GeForce RTX 5090,dna_r10.4.1_e8.2_400bps_fast@v4.3.0,1152,3.23724e+08,3722254336
NVIDIA GeForce RTX 5090,dna_r10.4.1_e8.2_400bps_fast@v4.3.0,1216,3.35437e+08,3872929280
NVIDIA GeForce RTX 5090,dna_r10.4.1_e8.2_400bps_fast@v4.3.0,1280,3.35043e+08,4016744960
NVIDIA GeForce RTX 5090,dna_r10.4.1_e8.2_400bps_fast@v4.3.0,1344,3.59719e+08,4163767808
NVIDIA GeForce RTX 5090,dna_r10.4.1_e8.2_400bps_fast@v4.3.0,1408,3.24346e+08,4311638016
NVIDIA GeForce RTX 5090,dna_r10.4.1_e8.2_400bps_fast@v4.3.0,1472,3.3556e+08,4461605888
NVIDIA GeForce RTX 5090,dna_r10.4.1_e8.2_400bps_fast@v4.3.0,1536,3.31729e+08,4605280768
NVIDIA GeForce RTX 5090,dna_r10.4.1_e8.2_400bps_fast@v4.3.0,1600,3.43509e+08,4755248640
NVIDIA GeForce RTX 5090,dna_r10.4.1_e8.2_400bps_fast@v4.3.0,1664,3.43496e+08,4898924544
NVIDIA GeForce RTX 5090,dna_r10.4.1_e8.2_400bps_fast@v4.3.0,1728,3.52472e+08,5047607296
NVIDIA GeForce RTX 5090,dna_r10.4.1_e8.2_400bps_fast@v4.3.0,1792,3.59286e+08,5194730496
NVIDIA GeForce RTX 5090,dna_r10.4.1_e8.2_400bps_fast@v4.3.0,1856,3.6061e+08,5340644864
NVIDIA GeForce RTX 5090,dna_r10.4.1_e8.2_400bps_fast@v4.3.0,1920,3.61328e+08,5490405376
NVIDIA GeForce RTX 5090,dna_r10.4.1_e8.2_400bps_fast@v4.3.0,1984,3.73747e+08,5634081792
NVIDIA GeForce RTX 5090,dna_r10.4.1_e8.2_400bps_fast@v4.3.0,2048,3.65988e+08,5783474688
NVIDIA GeForce RTX 5090,dna_r10.4.1_e8.2_400bps_fast@v4.3.0,2112,3.63799e+08,5930418688
NVIDIA GeForce RTX 5090,dna_r10.4.1_e8.2_400bps_fast@v4.3.0,2176,3.62717e+08,6075765248
NVIDIA GeForce RTX 5090,dna_r10.4.1_e8.2_400bps_fast@v4.3.0,2240,3.73129e+08,6224142336
NVIDIA GeForce RTX 5090,dna_r10.4.1_e8.2_400bps_fast@v4.3.0,2304,3.69635e+08,6369238016
NVIDIA GeForce RTX 5090,dna_r10.4.1_e8.2_400bps_fast@v4.3.0,2368,3.79497e+08,6517493248
NVIDIA GeForce RTX 5090,dna_r10.4.1_e8.2_400bps_fast@v4.3.0,2432,3.86223e+08,6666394112
NVIDIA GeForce RTX 5090,dna_r10.4.1_e8.2_400bps_fast@v4.3.0,2496,3.75716e+08,6808896000
NVIDIA GeForce RTX 5090,dna_r10.4.1_e8.2_400bps_fast@v4.3.0,2560,3.90404e+08,6958621184
NVIDIA GeForce RTX 5090,dna_r10.4.1_e8.2_400bps_fast@v4.3.0,2624,4.00193e+08,7106491904
NVIDIA GeForce RTX 5090,dna_r10.4.1_e8.2_400bps_fast@v4.3.0,2688,3.93753e+08,7251118592
NVIDIA GeForce RTX 5090,dna_r10.4.1_e8.2_400bps_fast@v4.3.0,2752,3.71634e+08,7402509824
NVIDIA GeForce RTX 5090,dna_r10.4.1_e8.2_400bps_fast@v4.3.0,2816,3.89017e+08,7545119232
NVIDIA GeForce RTX 5090,dna_r10.4.1_e8.2_400bps_fast@v4.3.0,2880,3.8821e+08,7694349824
NVIDIA GeForce RTX 5090,dna_r10.4.1_e8.2_400bps_fast@v4.3.0,2944,3.90838e+08,7841648640
NVIDIA GeForce RTX 5090,dna_r10.4.1_e8.2_400bps_fast@v4.3.0,3008,3.96867e+08,7988336128
NVIDIA GeForce RTX 5090,dna_r10.4.1_e8.2_400bps_fast@v4.3.0,3072,3.84323e+08,8133681664
NVIDIA GeForce RTX 5090,dna_r10.4.1_e8.2_400bps_fast@v4.3.0,3136,4.03112e+08,8279028224
NVIDIA GeForce RTX 5090,dna_r10.4.1_e8.2_400bps_fast@v4.3.0,3200,3.99429e+08,8428404736
NVIDIA GeForce RTX 5090,dna_r10.4.1_e8.2_400bps_fast@v4.3.0,3264,4.00063e+08,8577732608
NVIDIA GeForce RTX 5090,dna_r10.4.1_e8.2_400bps_fast@v4.3.0,3328,3.85887e+08,8721646080
NVIDIA GeForce RTX 5090,dna_r10.4.1_e8.2_400bps_fast@v4.3.0,3392,3.96308e+08,8868802048
NVIDIA GeForce RTX 5090,dna_r10.4.1_e8.2_400bps_fast@v4.3.0,3456,4.03443e+08,9012051456
NVIDIA GeForce RTX 5090,dna_r10.4.1_e8.2_400bps_fast@v4.3.0,3520,3.91688e+08,9161995264
NVIDIA GeForce RTX 5090,dna_r10.4.1_e8.2_400bps_fast@v4.3.0,3584,3.97174e+08,9311787520
NVIDIA GeForce RTX 5090,dna_r10.4.1_e8.2_400bps_fast@v4.3.0,3648,3.83274e+08,9457761792
NVIDIA GeForce RTX 5090,dna_r10.4.1_e8.2_400bps_fast@v4.3.0,3712,4.036e+08,9604565504
NVIDIA GeForce RTX 5090,dna_r10.4.1_e8.2_400bps_fast@v4.3.0,3776,3.74637e+08,9747186176
NVIDIA GeForce RTX 5090,dna_r10.4.1_e8.2_400bps_fast@v4.3.0,3840,3.87766e+08,9897150976
NVIDIA GeForce RTX 5090,dna_r10.4.1_e8.2_400bps_fast@v4.3.0,3904,4.10309e+08,10045021696
NVIDIA GeForce RTX 5090,dna_r10.4.1_e8.2_400bps_fast@v4.3.0,3968,3.99506e+08,10191599104
NVIDIA GeForce RTX 5090,dna_r10.4.1_e8.2_400bps_fast@v4.3.0,4032,4.05902e+08,10338584064
NVIDIA GeForce RTX 5090,dna_r10.4.1_e8.2_400bps_fast@v4.3.0,4096,3.84729e+08,10489582080
NVIDIA GeForce RTX 5090,dna_r10.4.1_e8.2_400bps_fast@v4.3.0,4160,3.87136e+08,10632191488
NVIDIA GeForce RTX 5090,dna_r10.4.1_e8.2_400bps_fast@v4.3.0,4224,3.90448e+08,10781372928
NVIDIA GeForce RTX 5090,dna_r10.4.1_e8.2_400bps_fast@v4.3.0,4288,3.92626e+08,10924622336
NVIDIA GeForce RTX 5090,dna_r10.4.1_e8.2_400bps_fast@v4.3.0,4352,4.03756e+08,11072065024
NVIDIA GeForce RTX 5090,dna_r10.4.1_e8.2_400bps_fast@v4.3.0,4416,3.92627e+08,11223600640
NVIDIA GeForce RTX 5090,dna_r10.4.1_e8.2_400bps_fast@v4.3.0,4480,3.9561e+08,11368307200
NVIDIA GeForce RTX 5090,dna_r10.4.1_e8.2_400bps_fast@v4.3.0,4544,3.77539e+08,11515110912
NVIDIA GeForce RTX 5090,dna_r10.4.1_e8.2_400bps_fast@v4.3.0,4608,4.00587e+08,11659817472
NVIDIA GeForce RTX 5090,dna_r10.4.1_e8.2_400bps_fast@v4.3.0,4672,4.10521e+08,11809282560
NVIDIA GeForce RTX 5090,dna_r10.4.1_e8.2_400bps_fast@v4.3.0,4736,3.96494e+08,11956726272
NVIDIA GeForce RTX 5090,dna_r10.4.1_e8.2_400bps_fast@v4.3.0,4800,3.888e+08,12102072832
NVIDIA GeForce RTX 5090,dna_r10.4.1_e8.2_400bps_fast@v4.3.0,4864,3.94354e+08,12251226624
NVIDIA GeForce RTX 5090,dna_r10.4.1_e8.2_400bps_fast@v4.3.0,4928,3.97668e+08,12395933184
NVIDIA GeForce RTX 5090,dna_r10.4.1_e8.2_400bps_fast@v4.3.0,4992,4.13798e+08,12542736896
NVIDIA GeForce RTX 5090,dna_r10.4.1_e8.2_400bps_fast@v4.3.0,5056,4.08628e+08,12691846656
NVIDIA GeForce RTX 5090,dna_r10.4.1_e8.2_400bps_fast@v4.3.0,5120,4.04846e+08,12835095040
NVIDIA GeForce RTX 5090,dna_r10.4.1_e8.2_400bps_fast@v4.3.0,5184,3.99214e+08,12984635904
NVIDIA GeForce RTX 5090,dna_r10.4.1_e8.2_400bps_fast@v4.3.0,5248,4.17402e+08,13134146048
NVIDIA GeForce RTX 5090,dna_r10.4.1_e8.2_400bps_fast@v4.3.0,5312,4.09888e+08,13278852608
NVIDIA GeForce RTX 5090,dna_r10.4.1_e8.2_400bps_fast@v4.3.0,5376,4.13394e+08,13425656320
NVIDIA GeForce RTX 5090,dna_r10.4.1_e8.2_400bps_fast@v4.3.0,5440,4.21012e+08,13570362880
NVIDIA GeForce RTX 5090,dna_r10.4.1_e8.2_400bps_fast@v4.3.0,5504,4.01952e+08,13723458048
NVIDIA GeForce RTX 5090,dna_r10.4.1_e8.2_400bps_fast@v4.3.0,5568,3.76482e+08,13870261760
NVIDIA GeForce RTX 5090,dna_r10.4.1_e8.2_400bps_fast@v4.3.0,5632,4.0719e+08,14014968320
NVIDIA GeForce RTX 5090,dna_r10.4.1_e8.2_400bps_fast@v4.3.0,5696,4.06016e+08,14161772032
NVIDIA GeForce RTX 5090,dna_r10.4.1_e8.2_400bps_fast@v4.3.0,5760,4.13899e+08,14306478592
NVIDIA GeForce RTX 5090,dna_r10.4.1_e8.2_400bps_fast@v4.3.0,5824,4.02537e+08,14453282304
NVIDIA GeForce RTX 5090,dna_r10.4.1_e8.2_400bps_fast@v4.3.0,5888,4.18864e+08,14606377472
NVIDIA GeForce RTX 5090,dna_r10.4.1_e8.2_400bps_fast@v4.3.0,5952,4.11447e+08,14748986880
NVIDIA GeForce RTX 5090,dna_r10.4.1_e8.2_400bps_fast@v4.3.0,6016,3.83461e+08,14899984896
NVIDIA GeForce RTX 5090,dna_r10.4.1_e8.2_400bps_fast@v4.3.0,6080,4.08548e+08,15040497152
NVIDIA GeForce RTX 5090,dna_r10.4.1_e8.2_400bps_fast@v4.3.0,6144,4.00446e+08,15189398016
NVIDIA GeForce RTX 5090,dna_r10.4.1_e8.2_400bps_fast@v4.3.0,6208,4.05869e+08,15336201728
NVIDIA GeForce RTX 5090,dna_r10.4.1_e8.2_400bps_fast@v4.3.0,6272,3.98508e+08,15480908288
NVIDIA GeForce RTX 5090,dna_r10.4.1_e8.2_400bps_fast@v4.3.0,6336,4.09104e+08,15634003456
NVIDIA GeForce RTX 5090,dna_r10.4.1_e8.2_400bps_fast@v4.3.0,6400,4.02779e+08,15780807168
NVIDIA GeForce RTX 5090,dna_r10.4.1_e8.2_400bps_fast@v4.3.0,6464,3.96919e+08,15925513728
NVIDIA GeForce RTX 5090,dna_r10.4.1_e8.2_400bps_fast@v4.3.0,6528,3.8269e+08,16072317440
NVIDIA GeForce RTX 5090,dna_r10.4.1_e8.2_400bps_fast@v4.3.0,6592,4.164e+08,16217024000
NVIDIA GeForce RTX 5090,dna_r10.4.1_e8.2_400bps_fast@v4.3.0,6656,4.11742e+08,16365924864
NVIDIA GeForce RTX 5090,dna_r10.4.1_e8.2_400bps_fast@v4.3.0,6720,3.73585e+08,16516922880
NVIDIA GeForce RTX 5090,dna_r10.4.1_e8.2_400bps_fast@v4.3.0,6784,4.02981e+08,16659532288
NVIDIA GeForce RTX 5090,dna_r10.4.1_e8.2_400bps_fast@v4.3.0,6848,3.97907e+08,16808433152
NVIDIA GeForce RTX 5090,dna_r10.4.1_e8.2_400bps_fast@v4.3.0,6912,3.84394e+08,16951042560
NVIDIA GeForce RTX 5090,dna_r10.4.1_e8.2_400bps_fast@v4.3.0,6976,3.89107e+08,17102040576
NVIDIA GeForce RTX 5090,dna_r10.4.1_e8.2_400bps_fast@v4.3.0,7040,4.00647e+08,17246747136
NVIDIA GeForce RTX 5090,dna_r10.4.1_e8.2_400bps_fast@v4.3.0,7104,3.81493e+08,17391453696
NVIDIA GeForce RTX 5090,dna_r10.4.1_e8.2_400bps_fast@v4.3.0,7168,3.96403e+08,17542451712
NVIDIA GeForce RTX 5090,dna_r10.4.1_e8.2_400bps_fast@v4.3.0,7232,4.02591e+08,17687158272
NVIDIA GeForce RTX 5090,dna_r10.4.1_e8.2_400bps_fast@v4.3.0,7296,4.0354e+08,17838156288
NVIDIA GeForce RTX 5090,dna_r10.4.1_e8.2_400bps_fast@v4.3.0,7360,3.9684e+08,17982862848
NVIDIA GeForce RTX 5090,dna_r10.4.1_e8.2_400bps_fast@v4.3.0,7424,3.96014e+08,18127569408
NVIDIA GeForce RTX 5090,dna_r10.4.1_e8.2_400bps_fast@v4.3.0,7488,3.8876e+08,18274373120
NVIDIA GeForce RTX 5090,dna_r10.4.1_e8.2_400bps_fast@v4.3.0,7552,4.00318e+08,18421176832
NVIDIA GeForce RTX 5090,dna_r10.4.1_e8.2_400bps_fast@v4.3.0,7616,3.90373e+08,18572174848
NVIDIA GeForce RTX 5090,dna_r10.4.1_e8.2_400bps_fast@v4.3.0,7680,3.885e+08,18876264960
NVIDIA GeForce RTX 5090,dna_r10.4.1_e8.2_400bps_fast@v4.3.0,7744,4.0078e+08,18861587968
NVIDIA GeForce RTX 5090,dna_r10.4.1_e8.2_400bps_fast@v4.3.0,7808,4.03315e+08,19010488832
NVIDIA GeForce RTX 5090,dna_r10.4.1_e8.2_400bps_fast@v4.3.0,7872,4.20087e+08,19159389696
NVIDIA GeForce RTX 5090,dna_r10.4.1_e8.2_400bps_fast@v4.3.0,7936,4.07908e+08,19304096256
NVIDIA GeForce RTX 5090,dna_r10.4.1_e8.2_400bps_fast@v4.3.0,8000,4.11484e+08,19455094272
NVIDIA GeForce RTX 5090,dna_r10.4.1_e8.2_400bps_fast@v4.3.0,8064,4.06579e+08,19597703680
NVIDIA GeForce RTX 5090,dna_r10.4.1_e8.2_400bps_fast@v4.3.0,8128,4.03372e+08,19744507392
NVIDIA GeForce RTX 5090,dna_r10.4.1_e8.2_400bps_fast@v4.3.0,8192,3.79878e+08,19895505408
NVIDIA GeForce RTX 5090,dna_r10.4.1_e8.2_400bps_fast@v4.3.0,8256,3.67205e+08,20040211968
NVIDIA GeForce RTX 5090,dna_r10.4.1_e8.2_400bps_fast@v4.3.0,8320,3.98075e+08,20153461248
NVIDIA GeForce RTX 5090,dna_r10.4.1_e8.2_400bps_fast@v4.3.0,8384,3.85638e+08,20262516224
NVIDIA GeForce RTX 5090,dna_r10.4.1_e8.2_400bps_fast@v4.3.0,8448,3.72234e+08,20379959808
NVIDIA GeForce RTX 5090,dna_r10.4.1_e8.2_400bps_fast@v4.3.0,8512,3.60865e+08,20497403392
NVIDIA GeForce RTX 5090,dna_r10.4.1_e8.2_400bps_fast@v4.3.0,8576,3.7619e+08,20606458368
NVIDIA GeForce RTX 5090,dna_r10.4.1_e8.2_400bps_fast@v4.3.0,8640,3.83798e+08,20721804800
NVIDIA GeForce RTX 5090,dna_r10.4.1_e8.2_400bps_fast@v4.3.0,8704,3.95847e+08,20828762624
NVIDIA GeForce RTX 5090,dna_r10.4.1_e8.2_400bps_fast@v4.3.0,8768,3.54919e+08,20944109056
NVIDIA GeForce RTX 5090,dna_r10.4.1_e8.2_400bps_fast@v4.3.0,8832,3.67822e+08,21063649792
NVIDIA GeForce RTX 5090,dna_r10.4.1_e8.2_400bps_fast@v4.3.0,8896,3.92503e+08,21174801920
NVIDIA GeForce RTX 5090,dna_r10.4.1_e8.2_400bps_fast@v4.3.0,8960,3.93469e+08,21288051200
NVIDIA GeForce RTX 5090,dna_r10.4.1_e8.2_400bps_fast@v4.3.0,9024,3.72615e+08,21403397632
NVIDIA GeForce RTX 5090,dna_r10.4.1_e8.2_400bps_fast@v4.3.0,9088,3.84138e+08,21510355456
NVIDIA GeForce RTX 5090,dna_r10.4.1_e8.2_400bps_fast@v4.3.0,9152,3.5498e+08,21627799040
NVIDIA GeForce RTX 5090,dna_r10.4.1_e8.2_400bps_fast@v4.3.0,9216,3.95135e+08,21738951168
NVIDIA GeForce RTX 5090,dna_r10.4.1_e8.2_400bps_fast@v4.3.0,9280,3.93079e+08,21856394752
NVIDIA GeForce RTX 5090,dna_r10.4.1_e8.2_400bps_fast@v4.3.0,9344,3.86395e+08,21971741184
NVIDIA GeForce RTX 5090,dna_r10.4.1_e8.2_400bps_fast@v4.3.0,9408,3.8562e+08,22078699008
NVIDIA GeForce RTX 5090,dna_r10.4.1_e8.2_400bps_fast@v4.3.0,9472,4.08579e+08,22196142592
NVIDIA GeForce RTX 5090,dna_r10.4.1_e8.2_400bps_fast@v4.3.0,9536,3.42278e+08,22305197568
NVIDIA GeForce RTX 5090,dna_r10.4.1_e8.2_400bps_fast@v4.3.0,9600,3.6223e+08,22613481984
NVIDIA GeForce RTX 5090,dna_r10.4.1_e8.2_400bps_fast@v4.3.0,9664,3.46756e+08,22537987584
NVIDIA GeForce RTX 5090,dna_r10.4.1_e8.2_400bps_fast@v4.3.0,9728,3.89473e+08,22647042560
NVIDIA GeForce RTX 5090,dna_r10.4.1_e8.2_400bps_fast@v4.3.0,9792,3.95621e+08,22762388992
NVIDIA GeForce RTX 5090,dna_r10.4.1_e8.2_400bps_fast@v4.3.0,9856,4.01247e+08,22873541120
NVIDIA GeForce RTX 5090,dna_r10.4.1_e8.2_400bps_fast@v4.3.0,9920,3.99605e+08,23137785344
NVIDIA GeForce RTX 5090,dna_r10.4.1_e8.2_400bps_fast@v4.3.0,9984,3.46519e+08,23102136832
NVIDIA GeForce RTX 5090,dna_r10.4.1_e8.2_400bps_fast@v4.3.0,10048,3.56471e+08,23211191808
NVIDIA GeForce RTX 5090,dna_r10.4.1_e8.2_400bps_fast@v4.3.0,10112,3.69859e+08,23330732544
NVIDIA GeForce RTX 5090,dna_r10.4.1_e8.2_400bps_fast@v4.3.0,10176,3.65451e+08,23446078976
NVIDIA GeForce RTX 5090,dna_r10.4.1_e8.2_400bps_fast@v4.3.0,10240,3.95829e+08,23555133952
NVIDIA GeForce RTX 5090,dna_r10.4.1_e8.2_400bps_fast@v5.0.0,64,4.10933e+07,1223602688
NVIDIA GeForce RTX 5090,dna_r10.4.1_e8.2_400bps_fast@v5.0.0,128,6.7986e+07,1371934720
NVIDIA GeForce RTX 5090,dna_r10.4.1_e8.2_400bps_fast@v5.0.0,192,9.73201e+07,1518170112
NVIDIA GeForce RTX 5090,dna_r10.4.1_e8.2_400bps_fast@v5.0.0,256,1.25147e+08,1666501120
NVIDIA GeForce RTX 5090,dna_r10.4.1_e8.2_400bps_fast@v5.0.0,320,1.51203e+08,1812736512
NVIDIA GeForce RTX 5090,dna_r10.4.1_e8.2_400bps_fast@v5.0.0,384,1.72342e+08,1958971392
NVIDIA GeForce RTX 5090,dna_r10.4.1_e8.2_400bps_fast@v5.0.0,448,1.83622e+08,2105206784
NVIDIA GeForce RTX 5090,dna_r10.4.1_e8.2_400bps_fast@v5.0.0,512,2.05265e+08,2253537792
NVIDIA GeForce RTX 5090,dna_r10.4.1_e8.2_400bps_fast@v5.0.0,576,2.22337e+08,2399773184
NVIDIA GeForce RTX 5090,dna_r10.4.1_e8.2_400bps_fast@v5.0.0,640,2.39458e+08,2548105216
NVIDIA GeForce RTX 5090,dna_r10.4.1_e8.2_400bps_fast@v5.0.0,704,2.43837e+08,2693454848
NVIDIA GeForce RTX 5090,dna_r10.4.1_e8.2_400bps_fast@v5.0.0,768,2.5899e+08,2840574464
NVIDIA GeForce RTX 5090,dna_r10.4.1_e8.2_400bps_fast@v5.0.0,832,2.7468e+08,2987097600
NVIDIA GeForce RTX 5090,dna_r10.4.1_e8.2_400bps_fast@v5.0.0,896,2.86448e+08,3137064960
NVIDIA GeForce RTX 5090,dna_r10.4.1_e8.2_400bps_fast@v5.0.0,960,2.96874e+08,3283474432
NVIDIA GeForce RTX 5090,dna_r10.4.1_e8.2_400bps_fast@v5.0.0,1024,3.10712e+08,3428610560
NVIDIA GeForce RTX 5090,dna_r10.4.1_e8.2_400bps_fast@v5.0.0,1088,3.17187e+08,3575943680
NVIDIA GeForce RTX 5090,dna_r10.4.1_e8.2_400bps_fast@v5.0.0,1152,3.26582e+08,3722254336
NVIDIA GeForce RTX 5090,dna_r10.4.1_e8.2_400bps_fast@v5.0.0,1216,3.32143e+08,3872929280
NVIDIA GeForce RTX 5090,dna_r10.4.1_e8.2_400bps_fast@v5.0.0,1280,3.34384e+08,4016744960
NVIDIA GeForce RTX 5090,dna_r10.4.1_e8.2_400bps_fast@v5.0.0,1344,3.43854e+08,4163767808
NVIDIA GeForce RTX 5090,dna_r10.4.1_e8.2_400bps_fast@v5.0.0,1408,3.18888e+08,4340998144
NVIDIA GeForce RTX 5090,dna_r10.4.1_e8.2_400bps_fast@v5.0.0,1472,3.29655e+08,4461605888
NVIDIA GeForce RTX 5090,dna_r10.4.1_e8.2_400bps_fast@v5.0.0,1536,3.36109e+08,4605280768
NVIDIA GeForce RTX 5090,dna_r10.4.1_e8.2_400bps_fast@v5.0.0,1600,3.40717e+08,4755248640
NVIDIA GeForce RTX 5090,dna_r10.4.1_e8.2_400bps_fast@v5.0.0,1664,3.47591e+08,4898924544
NVIDIA GeForce RTX 5090,dna_r10.4.1_e8.2_400bps_fast@v5.0.0,1728,3.52821e+08,5047607296
NVIDIA GeForce RTX 5090,dna_r10.4.1_e8.2_400bps_fast@v5.0.0,1792,3.58111e+08,5194730496
NVIDIA GeForce RTX 5090,dna_r10.4.1_e8.2_400bps_fast@v5.0.0,1856,3.60237e+08,5340644864
NVIDIA GeForce RTX 5090,dna_r10.4.1_e8.2_400bps_fast@v5.0.0,1920,3.64994e+08,5490405376
NVIDIA GeForce RTX 5090,dna_r10.4.1_e8.2_400bps_fast@v5.0.0,1984,3.70866e+08,5634081792
NVIDIA GeForce RTX 5090,dna_r10.4.1_e8.2_400bps_fast@v5.0.0,2048,3.60007e+08,5783474688
NVIDIA GeForce RTX 5090,dna_r10.4.1_e8.2_400bps_fast@v5.0.0,2112,3.67967e+08,5930418688
NVIDIA GeForce RTX 5090,dna_r10.4.1_e8.2_400bps_fast@v5.0.0,2176,3.67676e+08,6075765248
NVIDIA GeForce RTX 5090,dna_r10.4.1_e8.2_400bps_fast@v5.0.0,2240,3.75862e+08,6224142336
NVIDIA GeForce RTX 5090,dna_r10.4.1_e8.2_400bps_fast@v5.0.0,2304,3.76896e+08,6369275392
NVIDIA GeForce RTX 5090,dna_r10.4.1_e8.2_400bps_fast@v5.0.0,2368,3.8566e+08,6517493248
NVIDIA GeForce RTX 5090,dna_r10.4.1_e8.2_400bps_fast@v5.0.0,2432,3.7568e+08,6665966592
NVIDIA GeForce RTX 5090,dna_r10.4.1_e8.2_400bps_fast@v5.0.0,2496,3.8552e+08,6809003520
NVIDIA GeForce RTX 5090,dna_r10.4.1_e8.2_400bps_fast@v5.0.0,2560,3.84676e+08,6958621184
NVIDIA GeForce RTX 5090,dna_r10.4.1_e8.2_400bps_fast@v5.0.0,2624,3.93416e+08,7106491904
NVIDIA GeForce RTX 5090,dna_r10.4.1_e8.2_400bps_fast@v5.0.0,2688,3.98607e+08,7251118592
NVIDIA GeForce RTX 5090,dna_r10.4.1_e8.2_400bps_fast@v5.0.0,2752,3.8172e+08,7402509824
NVIDIA GeForce RTX 5090,dna_r10.4.1_e8.2_400bps_fast@v5.0.0,2816,3.91454e+08,7545119232
NVIDIA GeForce RTX 5090,dna_r10.4.1_e8.2_400bps_fast@v5.0.0,2880,3.79685e+08,7694349824
NVIDIA GeForce RTX 5090,dna_r10.4.1_e8.2_400bps_fast@v5.0.0,2944,3.96193e+08,7841648640
NVIDIA GeForce RTX 5090,dna_r10.4.1_e8.2_400bps_fast@v5.0.0,3008,4.02072e+08,7988336128
NVIDIA GeForce RTX 5090,dna_r10.4.1_e8.2_400bps_fast@v5.0.0,3072,3.91477e+08,8133681664
NVIDIA GeForce RTX 5090,dna_r10.4.1_e8.2_400bps_fast@v5.0.0,3136,3.89986e+08,8279028224
NVIDIA GeForce RTX 5090,dna_r10.4.1_e8.2_400bps_fast@v5.0.0,3200,3.81471e+08,8428404736
NVIDIA GeForce RTX 5090,dna_r10.4.1_e8.2_400bps_fast@v5.0.0,3264,3.99018e+08,8577732608
NVIDIA GeForce RTX 5090,dna_r10.4.1_e8.2_400bps_fast@v5.0.0,3328,4.01217e+08,8721646080
NVIDIA GeForce RTX 5090,dna_r10.4.1_e8.2_400bps_fast@v5.0.0,3392,3.99685e+08,8868802048
NVIDIA GeForce RTX 5090,dna_r10.4.1_e8.2_400bps_fast@v5.0.0,3456,4.04305e+08,9012051456
NVIDIA GeForce RTX 5090,dna_r10.4.1_e8.2_400bps_fast@v5.0.0,3520,3.96208e+08,9161995264
NVIDIA GeForce RTX 5090,dna_r10.4.1_e8.2_400bps_fast@v5.0.0,3584,3.9144e+08,9311787520
NVIDIA GeForce RTX 5090,dna_r10.4.1_e8.2_400bps_fast@v5.0.0,3648,3.83399e+08,9457761792
NVIDIA GeForce RTX 5090,dna_r10.4.1_e8.2_400bps_fast@v5.0.0,3712,3.98287e+08,9604565504
NVIDIA GeForce RTX 5090,dna_r10.4.1_e8.2_400bps_fast@v5.0.0,3776,3.94139e+08,9747187712
NVIDIA GeForce RTX 5090,dna_r10.4.1_e8.2_400bps_fast@v5.0.0,3840,3.87781e+08,9897150976
NVIDIA GeForce RTX 5090,dna_r10.4.1_e8.2_400bps_fast@v5.0.0,3904,3.99991e+08,10045021696
NVIDIA GeForce RTX 5090,dna_r10.4.1_e8.2_400bps_fast@v5.0.0,3968,3.98604e+08,10191599104
NVIDIA GeForce RTX 5090,dna_r10.4.1_e8.2_400bps_fast@v5.0.0,4032,3.99766e+08,10338584064
NVIDIA GeForce RTX 5090,dna_r10.4.1_e8.2_400bps_fast@v5.0.0,4096,3.89684e+08,10489582080
NVIDIA GeForce RTX 5090,dna_r10.4.1_e8.2_400bps_fast@v5.0.0,4160,3.95113e+08,10632191488
NVIDIA GeForce RTX 5090,dna_r10.4.1_e8.2_400bps_fast@v5.0.0,4224,3.92449e+08,10781372928
NVIDIA GeForce RTX 5090,dna_r10.4.1_e8.2_400bps_fast@v5.0.0,4288,3.89331e+08,10924622336
NVIDIA GeForce RTX 5090,dna_r10.4.1_e8.2_400bps_fast@v5.0.0,4352,3.77272e+08,11072065024
NVIDIA GeForce RTX 5090,dna_r10.4.1_e8.2_400bps_fast@v5.0.0,4416,4.01559e+08,11223600640
NVIDIA GeForce RTX 5090,dna_r10.4.1_e8.2_400bps_fast@v5.0.0,4480,3.99221e+08,11368307200
NVIDIA GeForce RTX 5090,dna_r10.4.1_e8.2_400bps_fast@v5.0.0,4544,4.0474e+08,11515110912
NVIDIA GeForce RTX 5090,dna_r10.4.1_e8.2_400bps_fast@v5.0.0,4608,3.95477e+08,11659817472
NVIDIA GeForce RTX 5090,dna_r10.4.1_e8.2_400bps_fast@v5.0.0,4672,3.98042e+08,11809282560
NVIDIA GeForce RTX 5090,dna_r10.4.1_e8.2_400bps_fast@v5.0.0,4736,3.78177e+08,11956726272
NVIDIA GeForce RTX 5090,dna_r10.4.1_e8.2_400bps_fast@v5.0.0,4800,3.92525e+08,12102072832
NVIDIA GeForce RTX 5090,dna_r10.4.1_e8.2_400bps_fast@v5.0.0,4864,3.9492e+08,12251226624
NVIDIA GeForce RTX 5090,dna_r10.4.1_e8.2_400bps_fast@v5.0.0,4928,3.99486e+08,12395933184
NVIDIA GeForce RTX 5090,dna_r10.4.1_e8.2_400bps_fast@v5.0.0,4992,3.98027e+08,12542736896
NVIDIA GeForce RTX 5090,dna_r10.4.1_e8.2_400bps_fast@v5.0.0,5056,3.93893e+08,12691846656
NVIDIA GeForce RTX 5090,dna_r10.4.1_e8.2_400bps_fast@v5.0.0,5120,4.05277e+08,12835095040
NVIDIA GeForce RTX 5090,dna_r10.4.1_e8.2_400bps_fast@v5.0.0,5184,4.08689e+08,12984635904
NVIDIA GeForce RTX 5090,dna_r10.4.1_e8.2_400bps_fast@v5.0.0,5248,3.68107e+08,13134146048
NVIDIA GeForce RTX 5090,dna_r10.4.1_e8.2_400bps_fast@v5.0.0,5312,3.71712e+08,13278852608
NVIDIA GeForce RTX 5090,dna_r10.4.1_e8.2_400bps_fast@v5.0.0,5376,4.03877e+08,13425656320
NVIDIA GeForce RTX 5090,dna_r10.4.1_e8.2_400bps_fast@v5.0.0,5440,3.78824e+08,13570362880
NVIDIA GeForce RTX 5090,dna_r10.4.1_e8.2_400bps_fast@v5.0.0,5504,3.74501e+08,13723458048
NVIDIA GeForce RTX 5090,dna_r10.4.1_e8.2_400bps_fast@v5.0.0,5568,3.85419e+08,13870261760
NVIDIA GeForce RTX 5090,dna_r10.4.1_e8.2_400bps_fast@v5.0.0,5632,4.00583e+08,14014968320
NVIDIA GeForce RTX 5090,dna_r10.4.1_e8.2_400bps_fast@v5.0.0,5696,4.08432e+08,14161772032
NVIDIA GeForce RTX 5090,dna_r10.4.1_e8.2_400bps_fast@v5.0.0,5760,4.08346e+08,14306478592
NVIDIA GeForce RTX 5090,dna_r10.4.1_e8.2_400bps_fast@v5.0.0,5824,4.12524e+08,14453282304
NVIDIA GeForce RTX 5090,dna_r10.4.1_e8.2_400bps_fast@v5.0.0,5888,3.93966e+08,14728012288
NVIDIA GeForce RTX 5090,dna_r10.4.1_e8.2_400bps_fast@v5.0.0,5952,3.93534e+08,14748986880
NVIDIA GeForce RTX 5090,dna_r10.4.1_e8.2_400bps_fast@v5.0.0,6016,3.98778e+08,14899984896
NVIDIA GeForce RTX 5090,dna_r10.4.1_e8.2_400bps_fast@v5.0.0,6080,3.64796e+08,15181006336
NVIDIA GeForce RTX 5090,dna_r10.4.1_e8.2_400bps_fast@v5.0.0,6144,3.63899e+08,15189398016
NVIDIA GeForce RTX 5090,dna_r10.4.1_e8.2_400bps_fast@v5.0.0,6208,3.80267e+08,15336201728
NVIDIA GeForce RTX 5090,dna_r10.4.1_e8.2_400bps_fast@v5.0.0,6272,4.14558e+08,15480908288
NVIDIA GeForce RTX 5090,dna_r10.4.1_e8.2_400bps_fast@v5.0.0,6336,3.82019e+08,15730472448
NVIDIA GeForce RTX 5090,dna_r10.4.1_e8.2_400bps_fast@v5.0.0,6400,3.91938e+08,15780807168
NVIDIA GeForce RTX 5090,dna_r10.4.1_e8.2_400bps_fast@v5.0.0,6464,3.98893e+08,15925513728
NVIDIA GeForce RTX 5090,dna_r10.4.1_e8.2_400bps_fast@v5.0.0,6528,4.00732e+08,16072317440
NVIDIA GeForce RTX 5090,dna_r10.4.1_e8.2_400bps_fast@v5.0.0,6592,3.81561e+08,16351241728
NVIDIA GeForce RTX 5090,dna_r10.4.1_e8.2_400bps_fast@v5.0.0,6656,3.8149e+08,16365924864
NVIDIA GeForce RTX 5090,dna_r10.4.1_e8.2_400bps_fast@v5.0.0,6720,3.91873e+08,16516922880
NVIDIA GeForce RTX 5090,dna_r10.4.1_e8.2_400bps_fast@v5.0.0,6784,4.04707e+08,16659884544
NVIDIA GeForce RTX 5090,dna_r10.4.1_e8.2_400bps_fast@v5.0.0,6848,3.77876e+08,16808433152
NVIDIA GeForce RTX 5090,dna_r10.4.1_e8.2_400bps_fast@v5.0.0,6912,3.7561e+08,16951042560
NVIDIA GeForce RTX 5090,dna_r10.4.1_e8.2_400bps_fast@v5.0.0,6976,4.01299e+08,17102040576
NVIDIA GeForce RTX 5090,dna_r10.4.1_e8.2_400bps_fast@v5.0.0,7040,3.70082e+08,17246747136
NVIDIA GeForce RTX 5090,dna_r10.4.1_e8.2_400bps_fast@v5.0.0,7104,4.0679e+08,17391453696
NVIDIA GeForce RTX 5090,dna_r10.4.1_e8.2_400bps_fast@v5.0.0,7168,3.84092e+08,17542451712
NVIDIA GeForce RTX 5090,dna_r10.4.1_e8.2_400bps_fast@v5.0.0,7232,3.87e+08,17687158272
NVIDIA GeForce RTX 5090,dna_r10.4.1_e8.2_400bps_fast@v5.0.0,7296,3.9371e+08,17838156288
NVIDIA GeForce RTX 5090,dna_r10.4.1_e8.2_400bps_fast@v5.0.0,7360,3.73426e+08,18133857792
NVIDIA GeForce RTX 5090,dna_r10.4.1_e8.2_400bps_fast@v5.0.0,7424,3.97017e+08,18127569408
NVIDIA GeForce RTX 5090,dna_r10.4.1_e8.2_400bps_fast@v5.0.0,7488,3.87586e+08,18274373120
NVIDIA GeForce RTX 5090,dna_r10.4.1_e8.2_400bps_fast@v5.0.0,7552,3.63027e+08,18421176832
NVIDIA GeForce RTX 5090,dna_r10.4.1_e8.2_400bps_fast@v5.0.0,7616,3.7608e+08,18572174848
NVIDIA GeForce RTX 5090,dna_r10.4.1_e8.2_400bps_fast@v5.0.0,7680,3.86975e+08,18721075712
NVIDIA GeForce RTX 5090,dna_r10.4.1_e8.2_400bps_fast@v5.0.0,7744,4.0439e+08,19016777216
NVIDIA GeForce RTX 5090,dna_r10.4.1_e8.2_400bps_fast@v5.0.0,7808,4.04574e+08,19010488832
NVIDIA GeForce RTX 5090,dna_r10.4.1_e8.2_400bps_fast@v5.0.0,7872,4.05739e+08,19159389696
NVIDIA GeForce RTX 5090,dna_r10.4.1_e8.2_400bps_fast@v5.0.0,7936,3.97674e+08,19304096256
NVIDIA GeForce RTX 5090,dna_r10.4.1_e8.2_400bps_fast@v5.0.0,8000,3.82076e+08,19455094272
NVIDIA GeForce RTX 5090,dna_r10.4.1_e8.2_400bps_fast@v5.0.0,8064,3.64172e+08,19597703680
NVIDIA GeForce RTX 5090,dna_r10.4.1_e8.2_400bps_fast@v5.0.0,8128,3.90074e+08,19744507392
NVIDIA GeForce RTX 5090,dna_r10.4.1_e8.2_400bps_fast@v5.0.0,8192,4.07405e+08,19895505408
NVIDIA GeForce RTX 5090,dna_r10.4.1_e8.2_400bps_fast@v5.0.0,8256,3.77965e+08,20040211968
NVIDIA GeForce RTX 5090,dna_r10.4.1_e8.2_400bps_fast@v5.0.0,8320,3.56867e+08,20321233408
NVIDIA GeForce RTX 5090,dna_r10.4.1_e8.2_400bps_fast@v5.0.0,8384,3.88715e+08,20262516224
NVIDIA GeForce RTX 5090,dna_r10.4.1_e8.2_400bps_fast@v5.0.0,8448,4.02182e+08,20379959808
NVIDIA GeForce RTX 5090,dna_r10.4.1_e8.2_400bps_fast@v5.0.0,8512,4.03534e+08,20497403392
NVIDIA GeForce RTX 5090,dna_r10.4.1_e8.2_400bps_fast@v5.0.0,8576,3.77933e+08,20606458368
NVIDIA GeForce RTX 5090,dna_r10.4.1_e8.2_400bps_fast@v5.0.0,8640,3.80207e+08,20721804800
NVIDIA GeForce RTX 5090,dna_r10.4.1_e8.2_400bps_fast@v5.0.0,8704,3.86847e+08,20828762624
NVIDIA GeForce RTX 5090,dna_r10.4.1_e8.2_400bps_fast@v5.0.0,8768,3.90323e+08,21120269824
NVIDIA GeForce RTX 5090,dna_r10.4.1_e8.2_400bps_fast@v5.0.0,8832,3.854e+08,21063649792
NVIDIA GeForce RTX 5090,dna_r10.4.1_e8.2_400bps_fast@v5.0.0,8896,3.73016e+08,21174801920
NVIDIA GeForce RTX 5090,dna_r10.4.1_e8.2_400bps_fast@v5.0.0,8960,3.92968e+08,21288051200
NVIDIA GeForce RTX 5090,dna_r10.4.1_e8.2_400bps_fast@v5.0.0,9024,3.80015e+08,21403397632
NVIDIA GeForce RTX 5090,dna_r10.4.1_e8.2_400bps_fast@v5.0.0,9088,3.57286e+08,21510355456
NVIDIA GeForce RTX 5090,dna_r10.4.1_e8.2_400bps_fast@v5.0.0,9152,3.416e+08,21627799040
NVIDIA GeForce RTX 5090,dna_r10.4.1_e8.2_400bps_fast@v5.0.0,9216,3.50833e+08,21738951168
NVIDIA GeForce RTX 5090,dna_r10.4.1_e8.2_400bps_fast@v5.0.0,9280,3.64642e+08,21856394752
NVIDIA GeForce RTX 5090,dna_r10.4.1_e8.2_400bps_fast@v5.0.0,9344,3.62304e+08,21971741184
NVIDIA GeForce RTX 5090,dna_r10.4.1_e8.2_400bps_fast@v5.0.0,9408,3.51564e+08,22267442688
NVIDIA GeForce RTX 5090,dna_r10.4.1_e8.2_400bps_fast@v5.0.0,9472,3.58901e+08,22196142592
NVIDIA GeForce RTX 5090,dna_r10.4.1_e8.2_400bps_fast@v5.0.0,9536,3.60397e+08,22305197568
NVIDIA GeForce RTX 5090,dna_r10.4.1_e8.2_400bps_fast@v5.0.0,9600,3.74244e+08,22613481984
NVIDIA GeForce RTX 5090,dna_r10.4.1_e8.2_400bps_fast@v5.0.0,9664,3.98911e+08,22537987584
NVIDIA GeForce RTX 5090,dna_r10.4.1_e8.2_400bps_fast@v5.0.0,9728,3.73611e+08,22647042560
NVIDIA GeForce RTX 5090,dna_r10.4.1_e8.2_400bps_fast@v5.0.0,9792,3.52637e+08,22762388992
NVIDIA GeForce RTX 5090,dna_r10.4.1_e8.2_400bps_fast@v5.0.0,9856,3.44832e+08,22873541120
NVIDIA GeForce RTX 5090,dna_r10.4.1_e8.2_400bps_fast@v5.0.0,9920,3.35252e+08,22986790400
NVIDIA GeForce RTX 5090,dna_r10.4.1_e8.2_400bps_fast@v5.0.0,9984,3.88939e+08,23303463424
NVIDIA GeForce RTX 5090,dna_r10.4.1_e8.2_400bps_fast@v5.0.0,10048,3.89194e+08,23211191808
NVIDIA GeForce RTX 5090,dna_r10.4.1_e8.2_400bps_fast@v5.0.0,10112,3.64448e+08,23536253440
NVIDIA GeForce RTX 5090,dna_r10.4.1_e8.2_400bps_fast@v5.0.0,10176,3.93624e+08,23469411840
NVIDIA GeForce RTX 5090,dna_r10.4.1_e8.2_400bps_fast@v5.0.0,10240,3.53934e+08,23555133952
NVIDIA GeForce RTX 5090,dna_r10.4.1_e8.2_400bps_fast@v5.2.0,64,3.82809e+07,1223602688
NVIDIA GeForce RTX 5090,dna_r10.4.1_e8.2_400bps_fast@v5.2.0,128,6.41658e+07,1371934720
NVIDIA GeForce RTX 5090,dna_r10.4.1_e8.2_400bps_fast@v5.2.0,192,9.19038e+07,1518170112
NVIDIA GeForce RTX 5090,dna_r10.4.1_e8.2_400bps_fast@v5.2.0,256,1.1841e+08,1666501120
NVIDIA GeForce RTX 5090,dna_r10.4.1_e8.2_400bps_fast@v5.2.0,320,1.4296e+08,1812736512
NVIDIA GeForce RTX 5090,dna_r10.4.1_e8.2_400bps_fast@v5.2.0,384,1.63016e+08,1958971392
NVIDIA GeForce RTX 5090,dna_r10.4.1_e8.2_400bps_fast@v5.2.0,448,1.78419e+08,2105206784
NVIDIA GeForce RTX 5090,dna_r10.4.1_e8.2_400bps_fast@v5.2.0,512,1.95002e+08,2253537792
NVIDIA GeForce RTX 5090,dna_r10.4.1_e8.2_400bps_fast@v5.2.0,576,2.1347e+08,2399773184
NVIDIA GeForce RTX 5090,dna_r10.4.1_e8.2_400bps_fast@v5.2.0,640,2.31496e+08,2548105216
NVIDIA GeForce RTX 5090,dna_r10.4.1_e8.2_400bps_fast@v5.2.0,704,2.35358e+08,2693454848
NVIDIA GeForce RTX 5090,dna_r10.4.1_e8.2_400bps_fast@v5.2.0,768,2.52131e+08,2840574464
NVIDIA GeForce RTX 5090,dna_r10.4.1_e8.2_400bps_fast@v5.2.0,832,2.67653e+08,2987097600
NVIDIA GeForce RTX 5090,dna_r10.4.1_e8.2_400bps_fast@v5.2.0,896,2.79003e+08,3137064960
NVIDIA GeForce RTX 5090,dna_r10.4.1_e8.2_400bps_fast@v5.2.0,960,2.89988e+08,3283474432
NVIDIA GeForce RTX 5090,dna_r10.4.1_e8.2_400bps_fast@v5.2.0,1024,2.97786e+08,3428610560
NVIDIA GeForce RTX 5090,dna_r10.4.1_e8.2_400bps_fast@v5.2.0,1088,3.07852e+08,3575943680
NVIDIA GeForce RTX 5090,dna_r10.4.1_e8.2_400bps_fast@v5.2.0,1152,3.20249e+08,3722254336
NVIDIA GeForce RTX 5090,dna_r10.4.1_e8.2_400bps_fast@v5.2.0,1216,3.22846e+08,3872929280
NVIDIA GeForce RTX 5090,dna_r10.4.1_e8.2_400bps_fast@v5.2.0,1280,3.29557e+08,4042334720
NVIDIA GeForce RTX 5090,dna_r10.4.1_e8.2_400bps_fast@v5.2.0,1344,3.33621e+08,4163767808
NVIDIA GeForce RTX 5090,dna_r10.4.1_e8.2_400bps_fast@v5.2.0,1408,3.13241e+08,4311638016
NVIDIA GeForce RTX 5090,dna_r10.4.1_e8.2_400bps_fast@v5.2.0,1472,3.23493e+08,4461605888
NVIDIA GeForce RTX 5090,dna_r10.4.1_e8.2_400bps_fast@v5.2.0,1536,3.32164e+08,4605280768
NVIDIA GeForce RTX 5090,dna_r10.4.1_e8.2_400bps_fast@v5.2.0,1600,3.37269e+08,4755248640
NVIDIA GeForce RTX 5090,dna_r10.4.1_e8.2_400bps_fast@v5.2.0,1664,3.39643e+08,4898924544
NVIDIA GeForce RTX 5090,dna_r10.4.1_e8.2_400bps_fast@v5.2.0,1728,3.46132e+08,5047607296
NVIDIA GeForce RTX 5090,dna_r10.4.1_e8.2_400bps_fast@v5.2.0,1792,3.48532e+08,5195298304
NVIDIA GeForce RTX 5090,dna_r10.4.1_e8.2_400bps_fast@v5.2.0,1856,3.59656e+08,5340644864
NVIDIA GeForce RTX 5090,dna_r10.4.1_e8.2_400bps_fast@v5.2.0,1920,3.54521e+08,5490405376
NVIDIA GeForce RTX 5090,dna_r10.4.1_e8.2_400bps_fast@v5.2.0,1984,3.57588e+08,5634081792
NVIDIA GeForce RTX 5090,dna_r10.4.1_e8.2_400bps_fast@v5.2.0,2048,3.62057e+08,5783474688
NVIDIA GeForce RTX 5090,dna_r10.4.1_e8.2_400bps_fast@v5.2.0,2112,3.56484e+08,5930418688
NVIDIA GeForce RTX 5090,dna_r10.4.1_e8.2_400bps_fast@v5.2.0,2176,3.66733e+08,6075765248
NVIDIA GeForce RTX 5090,dna_r10.4.1_e8.2_400bps_fast@v5.2.0,2240,3.68371e+08,6224142336
NVIDIA GeForce RTX 5090,dna_r10.4.1_e8.2_400bps_fast@v5.2.0,2304,3.79393e+08,6369275392
NVIDIA GeForce RTX 5090,dna_r10.4.1_e8.2_400bps_fast@v5.2.0,2368,3.70818e+08,6516745728
NVIDIA GeForce RTX 5090,dna_r10.4.1_e8.2_400bps_fast@v5.2.0,2432,3.79324e+08,6665966592
NVIDIA GeForce RTX 5090,dna_r10.4.1_e8.2_400bps_fast@v5.2.0,2496,3.90845e+08,6809003520
NVIDIA GeForce RTX 5090,dna_r10.4.1_e8.2_400bps_fast@v5.2.0,2560,3.85263e+08,6958621184
NVIDIA GeForce RTX 5090,dna_r10.4.1_e8.2_400bps_fast@v5.2.0,2624,3.84669e+08,7106491904
NVIDIA GeForce RTX 5090,dna_r10.4.1_e8.2_400bps_fast@v5.2.0,2688,3.94022e+08,7251118592
NVIDIA GeForce RTX 5090,dna_r10.4.1_e8.2_400bps_fast@v5.2.0,2752,3.81177e+08,7402509824
NVIDIA GeForce RTX 5090,dna_r10.4.1_e8.2_400bps_fast@v5.2.0,2816,3.84604e+08,7545119232
NVIDIA GeForce RTX 5090,dna_r10.4.1_e8.2_400bps_fast@v5.2.0,2880,3.81723e+08,7694349824
NVIDIA GeForce RTX 5090,dna_r10.4.1_e8.2_400bps_fast@v5.2.0,2944,3.77349e+08,7841648640
NVIDIA GeForce RTX 5090,dna_r10.4.1_e8.2_400bps_fast@v5.2.0,3008,3.80608e+08,7988336128
NVIDIA GeForce RTX 5090,dna_r10.4.1_e8.2_400bps_fast@v5.2.0,3072,3.89487e+08,8133681664
NVIDIA GeForce RTX 5090,dna_r10.4.1_e8.2_400bps_fast@v5.2.0,3136,3.90147e+08,8279028224
NVIDIA GeForce RTX 5090,dna_r10.4.1_e8.2_400bps_fast@v5.2.0,3200,3.86588e+08,8428404736
NVIDIA GeForce RTX 5090,dna_r10.4.1_e8.2_400bps_fast@v5.2.0,3264,3.70847e+08,8577732608
NVIDIA GeForce RTX 5090,dna_r10.4.1_e8.2_400bps_fast@v5.2.0,3328,3.88506e+08,8721646080
NVIDIA GeForce RTX 5090,dna_r10.4.1_e8.2_400bps_fast@v5.2.0,3392,3.95593e+08,8868802048
NVIDIA GeForce RTX 5090,dna_r10.4.1_e8.2_400bps_fast@v5.2.0,3456,3.83537e+08,9012051456
NVIDIA GeForce RTX 5090,dna_r10.4.1_e8.2_400bps_fast@v5.2.0,3520,3.8855e+08,9161995264
NVIDIA GeForce RTX 5090,dna_r10.4.1_e8.2_400bps_fast@v5.2.0,3584,3.84865e+08,9311787520
NVIDIA GeForce RTX 5090,dna_r10.4.1_e8.2_400bps_fast@v5.2.0,3648,3.89502e+08,9457761792
NVIDIA GeForce RTX 5090,dna_r10.4.1_e8.2_400bps_fast@v5.2.0,3712,3.8246e+08,9604565504
NVIDIA GeForce RTX 5090,dna_r10.4.1_e8.2_400bps_fast@v5.2.0,3776,3.88769e+08,9747186176
NVIDIA GeForce RTX 5090,dna_r10.4.1_e8.2_400bps_fast@v5.2.0,3840,3.95857e+08,9897150976
NVIDIA GeForce RTX 5090,dna_r10.4.1_e8.2_400bps_fast@v5.2.0,3904,3.86331e+08,10045021696
NVIDIA GeForce RTX 5090,dna_r10.4.1_e8.2_400bps_fast@v5.2.0,3968,3.84595e+08,10191599104
NVIDIA GeForce RTX 5090,dna_r10.4.1_e8.2_400bps_fast@v5.2.0,4032,3.89597e+08,10338584064
NVIDIA GeForce RTX 5090,dna_r10.4.1_e8.2_400bps_fast@v5.2.0,4096,3.81362e+08,10489582080
NVIDIA GeForce RTX 5090,dna_r10.4.1_e8.2_400bps_fast@v5.2.0,4160,3.78204e+08,10632191488
NVIDIA GeForce RTX 5090,dna_r10.4.1_e8.2_400bps_fast@v5.2.0,4224,3.7608e+08,10781372928
NVIDIA GeForce RTX 5090,dna_r10.4.1_e8.2_400bps_fast@v5.2.0,4288,3.81012e+08,10924622336
NVIDIA GeForce RTX 5090,dna_r10.4.1_e8.2_400bps_fast@v5.2.0,4352,3.87341e+08,11072065024
NVIDIA GeForce RTX 5090,dna_r10.4.1_e8.2_400bps_fast@v5.2.0,4416,3.84837e+08,11223600640
NVIDIA GeForce RTX 5090,dna_r10.4.1_e8.2_400bps_fast@v5.2.0,4480,3.83902e+08,11368307200
NVIDIA GeForce RTX 5090,dna_r10.4.1_e8.2_400bps_fast@v5.2.0,4544,3.94993e+08,11515110912
NVIDIA GeForce RTX 5090,dna_r10.4.1_e8.2_400bps_fast@v5.2.0,4608,3.91134e+08,11659817472
NVIDIA GeForce RTX 5090,dna_r10.4.1_e8.2_400bps_fast@v5.2.0,4672,3.88609e+08,11809282560
NVIDIA GeForce RTX 5090,dna_r10.4.1_e8.2_400bps_fast@v5.2.0,4736,4.05746e+08,11956726272
NVIDIA GeForce RTX 5090,dna_r10.4.1_e8.2_400bps_fast@v5.2.0,4800,3.89882e+08,12102072832
NVIDIA GeForce RTX 5090,dna_r10.4.1_e8.2_400bps_fast@v5.2.0,4864,3.94131e+08,12251226624
NVIDIA GeForce RTX 5090,dna_r10.4.1_e8.2_400bps_fast@v5.2.0,4928,3.70275e+08,12395933184
NVIDIA GeForce RTX 5090,dna_r10.4.1_e8.2_400bps_fast@v5.2.0,4992,3.77777e+08,12542736896
NVIDIA GeForce RTX 5090,dna_r10.4.1_e8.2_400bps_fast@v5.2.0,5056,3.86291e+08,12691846656
NVIDIA GeForce RTX 5090,dna_r10.4.1_e8.2_400bps_fast@v5.2.0,5120,4.04387e+08,12835095040
NVIDIA GeForce RTX 5090,dna_r10.4.1_e8.2_400bps_fast@v5.2.0,5184,3.72153e+08,12984635904
NVIDIA GeForce RTX 5090,dna_r10.4.1_e8.2_400bps_fast@v5.2.0,5248,3.93386e+08,13134146048
NVIDIA GeForce RTX 5090,dna_r10.4.1_e8.2_400bps_fast@v5.2.0,5312,3.90347e+08,13278852608
NVIDIA GeForce RTX 5090,dna_r10.4.1_e8.2_400bps_fast@v5.2.0,5376,3.9221e+08,13534708224
NVIDIA GeForce RTX 5090,dna_r10.4.1_e8.2_400bps_fast@v5.2.0,5440,3.98413e+08,13570362880
NVIDIA GeForce RTX 5090,dna_r10.4.1_e8.2_400bps_fast@v5.2.0,5504,3.95954e+08,13723458048
NVIDIA GeForce RTX 5090,dna_r10.4.1_e8.2_400bps_fast@v5.2.0,5568,3.77718e+08,13870261760
NVIDIA GeForce RTX 5090,dna_r10.4.1_e8.2_400bps_fast@v5.2.0,5632,3.90176e+08,14014968320
NVIDIA GeForce RTX 5090,dna_r10.4.1_e8.2_400bps_fast@v5.2.0,5696,3.96765e+08,14161772032
NVIDIA GeForce RTX 5090,dna_r10.4.1_e8.2_400bps_fast@v5.2.0,5760,3.89535e+08,14306478592
NVIDIA GeForce RTX 5090,dna_r10.4.1_e8.2_400bps_fast@v5.2.0,5824,4.07907e+08,14453282304
NVIDIA GeForce RTX 5090,dna_r10.4.1_e8.2_400bps_fast@v5.2.0,5888,3.91717e+08,14606377472
NVIDIA GeForce RTX 5090,dna_r10.4.1_e8.2_400bps_fast@v5.2.0,5952,4.00691e+08,14748986880
NVIDIA GeForce RTX 5090,dna_r10.4.1_e8.2_400bps_fast@v5.2.0,6016,3.92828e+08,14899984896
NVIDIA GeForce RTX 5090,dna_r10.4.1_e8.2_400bps_fast@v5.2.0,6080,3.96911e+08,15040497152
NVIDIA GeForce RTX 5090,dna_r10.4.1_e8.2_400bps_fast@v5.2.0,6144,4.00836e+08,15189398016
NVIDIA GeForce RTX 5090,dna_r10.4.1_e8.2_400bps_fast@v5.2.0,6208,4.05206e+08,15336201728
NVIDIA GeForce RTX 5090,dna_r10.4.1_e8.2_400bps_fast@v5.2.0,6272,3.83395e+08,15606737408
NVIDIA GeForce RTX 5090,dna_r10.4.1_e8.2_400bps_fast@v5.2.0,6336,3.90739e+08,15634003456
NVIDIA GeForce RTX 5090,dna_r10.4.1_e8.2_400bps_fast@v5.2.0,6400,3.91267e+08,15780807168
NVIDIA GeForce RTX 5090,dna_r10.4.1_e8.2_400bps_fast@v5.2.0,6464,3.96829e+08,15925513728
NVIDIA GeForce RTX 5090,dna_r10.4.1_e8.2_400bps_fast@v5.2.0,6528,4.00826e+08,16072317440
NVIDIA GeForce RTX 5090,dna_r10.4.1_e8.2_400bps_fast@v5.2.0,6592,3.9107e+08,16217024000
NVIDIA GeForce RTX 5090,dna_r10.4.1_e8.2_400bps_fast@v5.2.0,6656,3.85965e+08,16365924864
NVIDIA GeForce RTX 5090,dna_r10.4.1_e8.2_400bps_fast@v5.2.0,6720,4.11322e+08,16516922880
NVIDIA GeForce RTX 5090,dna_r10.4.1_e8.2_400bps_fast@v5.2.0,6784,3.91566e+08,16659532288
NVIDIA GeForce RTX 5090,dna_r10.4.1_e8.2_400bps_fast@v5.2.0,6848,3.82438e+08,16808433152
NVIDIA GeForce RTX 5090,dna_r10.4.1_e8.2_400bps_fast@v5.2.0,6912,3.97476e+08,16951042560
NVIDIA GeForce RTX 5090,dna_r10.4.1_e8.2_400bps_fast@v5.2.0,6976,3.65025e+08,17102040576
NVIDIA GeForce RTX 5090,dna_r10.4.1_e8.2_400bps_fast@v5.2.0,7040,3.77833e+08,17246747136
NVIDIA GeForce RTX 5090,dna_r10.4.1_e8.2_400bps_fast@v5.2.0,7104,3.80574e+08,17391453696
NVIDIA GeForce RTX 5090,dna_r10.4.1_e8.2_400bps_fast@v5.2.0,7168,3.84897e+08,17542451712
NVIDIA GeForce RTX 5090,dna_r10.4.1_e8.2_400bps_fast@v5.2.0,7232,4.05683e+08,17687158272
NVIDIA GeForce RTX 5090,dna_r10.4.1_e8.2_400bps_fast@v5.2.0,7296,3.79463e+08,17838156288
NVIDIA GeForce RTX 5090,dna_r10.4.1_e8.2_400bps_fast@v5.2.0,7360,3.9536e+08,17982862848
NVIDIA GeForce RTX 5090,dna_r10.4.1_e8.2_400bps_fast@v5.2.0,7424,3.93406e+08,18278564352
NVIDIA GeForce RTX 5090,dna_r10.4.1_e8.2_400bps_fast@v5.2.0,7488,3.87602e+08,18425368064
NVIDIA GeForce RTX 5090,dna_r10.4.1_e8.2_400bps_fast@v5.2.0,7552,3.86093e+08,18421176832
NVIDIA GeForce RTX 5090,dna_r10.4.1_e8.2_400bps_fast@v5.2.0,7616,3.80763e+08,18572174848
NVIDIA GeForce RTX 5090,dna_r10.4.1_e8.2_400bps_fast@v5.2.0,7680,3.95923e+08,18721075712
NVIDIA GeForce RTX 5090,dna_r10.4.1_e8.2_400bps_fast@v5.2.0,7744,3.99029e+08,18861587968
NVIDIA GeForce RTX 5090,dna_r10.4.1_e8.2_400bps_fast@v5.2.0,7808,3.94606e+08,19010488832
NVIDIA GeForce RTX 5090,dna_r10.4.1_e8.2_400bps_fast@v5.2.0,7872,3.91591e+08,19159389696
NVIDIA GeForce RTX 5090,dna_r10.4.1_e8.2_400bps_fast@v5.2.0,7936,3.78936e+08,19304096256
NVIDIA GeForce RTX 5090,dna_r10.4.1_e8.2_400bps_fast@v5.2.0,8000,3.55038e+08,19618672128
NVIDIA GeForce RTX 5090,dna_r10.4.1_e8.2_400bps_fast@v5.2.0,8064,3.7535e+08,19597703680
NVIDIA GeForce RTX 5090,dna_r10.4.1_e8.2_400bps_fast@v5.2.0,8128,3.59397e+08,19744507392
NVIDIA GeForce RTX 5090,dna_r10.4.1_e8.2_400bps_fast@v5.2.0,8192,3.87972e+08,20063277568
NVIDIA GeForce RTX 5090,dna_r10.4.1_e8.2_400bps_fast@v5.2.0,8256,3.84407e+08,20040211968
NVIDIA GeForce RTX 5090,dna_r10.4.1_e8.2_400bps_fast@v5.2.0,8320,3.83703e+08,20153461248
NVIDIA GeForce RTX 5090,dna_r10.4.1_e8.2_400bps_fast@v5.2.0,8384,3.84435e+08,20262516224
NVIDIA GeForce RTX 5090,dna_r10.4.1_e8.2_400bps_fast@v5.2.0,8448,3.87898e+08,20379959808
NVIDIA GeForce RTX 5090,dna_r10.4.1_e8.2_400bps_fast@v5.2.0,8512,3.73445e+08,20497403392
NVIDIA GeForce RTX 5090,dna_r10.4.1_e8.2_400bps_fast@v5.2.0,8576,3.59041e+08,20606458368
NVIDIA GeForce RTX 5090,dna_r10.4.1_e8.2_400bps_fast@v5.2.0,8640,3.75923e+08,20897965568
NVIDIA GeForce RTX 5090,dna_r10.4.1_e8.2_400bps_fast@v5.2.0,8704,3.56071e+08,20828762624
NVIDIA GeForce RTX 5090,dna_r10.4.1_e8.2_400bps_fast@v5.2.0,8768,3.86324e+08,20944109056
NVIDIA GeForce RTX 5090,dna_r10.4.1_e8.2_400bps_fast@v5.2.0,8832,3.45342e+08,21063649792
NVIDIA GeForce RTX 5090,dna_r10.4.1_e8.2_400bps_fast@v5.2.0,8896,3.78885e+08,21174801920
NVIDIA GeForce RTX 5090,dna_r10.4.1_e8.2_400bps_fast@v5.2.0,8960,3.79212e+08,21288051200
NVIDIA GeForce RTX 5090,dna_r10.4.1_e8.2_400bps_fast@v5.2.0,9024,3.82012e+08,21403397632
NVIDIA GeForce RTX 5090,dna_r10.4.1_e8.2_400bps_fast@v5.2.0,9088,3.98509e+08,21671836160
NVIDIA GeForce RTX 5090,dna_r10.4.1_e8.2_400bps_fast@v5.2.0,9152,3.6509e+08,21627799040
NVIDIA GeForce RTX 5090,dna_r10.4.1_e8.2_400bps_fast@v5.2.0,9216,3.67651e+08,21738951168
NVIDIA GeForce RTX 5090,dna_r10.4.1_e8.2_400bps_fast@v5.2.0,9280,3.62067e+08,21856394752
NVIDIA GeForce RTX 5090,dna_r10.4.1_e8.2_400bps_fast@v5.2.0,9344,3.62977e+08,21971741184
NVIDIA GeForce RTX 5090,dna_r10.4.1_e8.2_400bps_fast@v5.2.0,9408,3.48712e+08,22078699008
NVIDIA GeForce RTX 5090,dna_r10.4.1_e8.2_400bps_fast@v5.2.0,9472,3.86765e+08,22196142592
NVIDIA GeForce RTX 5090,dna_r10.4.1_e8.2_400bps_fast@v5.2.0,9536,3.81653e+08,22305197568
NVIDIA GeForce RTX 5090,dna_r10.4.1_e8.2_400bps_fast@v5.2.0,9600,3.94067e+08,22420544000
NVIDIA GeForce RTX 5090,dna_r10.4.1_e8.2_400bps_fast@v5.2.0,9664,3.86925e+08,22537987584
NVIDIA GeForce RTX 5090,dna_r10.4.1_e8.2_400bps_fast@v5.2.0,9728,3.64612e+08,22647042560
NVIDIA GeForce RTX 5090,dna_r10.4.1_e8.2_400bps_fast@v5.2.0,9792,3.59698e+08,22762388992
NVIDIA GeForce RTX 5090,dna_r10.4.1_e8.2_400bps_fast@v5.2.0,9856,3.46138e+08,22873541120
NVIDIA GeForce RTX 5090,dna_r10.4.1_e8.2_400bps_fast@v5.2.0,9920,3.40465e+08,23188116992
NVIDIA GeForce RTX 5090,dna_r10.4.1_e8.2_400bps_fast@v5.2.0,9984,3.84715e+08,23102136832
NVIDIA GeForce RTX 5090,dna_r10.4.1_e8.2_400bps_fast@v5.2.0,10048,3.88649e+08,23211191808
NVIDIA GeForce RTX 5090,dna_r10.4.1_e8.2_400bps_fast@v5.2.0,10112,4.0229e+08,23330732544
NVIDIA GeForce RTX 5090,dna_r10.4.1_e8.2_400bps_fast@v5.2.0,10176,3.4801e+08,23651599872
NVIDIA GeForce RTX 5090,dna_r10.4.1_e8.2_400bps_fast@v5.2.0,10240,3.58989e+08,23760654848
NVIDIA GeForce RTX 5090,dna_r10.4.1_e8.2_400bps_hac@v4.3.0,64,1.59185e+07,411223040
NVIDIA GeForce RTX 5090,dna_r10.4.1_e8.2_400bps_hac@v4.3.0,128,2.92872e+07,803300352
NVIDIA GeForce RTX 5090,dna_r10.4.1_e8.2_400bps_hac@v4.3.0,192,4.14085e+07,1192353792
NVIDIA GeForce RTX 5090,dna_r10.4.1_e8.2_400bps_hac@v4.3.0,256,5.28797e+07,1581566464
NVIDIA GeForce RTX 5090,dna_r10.4.1_e8.2_400bps_hac@v4.3.0,320,6.45262e+07,1971230720
NVIDIA GeForce RTX 5090,dna_r10.4.1_e8.2_400bps_hac@v4.3.0,384,7.69767e+07,2362429440
NVIDIA GeForce RTX 5090,dna_r10.4.1_e8.2_400bps_hac@v4.3.0,448,8.69515e+07,2761474560
NVIDIA GeForce RTX 5090,dna_r10.4.1_e8.2_400bps_hac@v4.3.0,512,8.88295e+07,3153368576
NVIDIA GeForce RTX 5090,dna_r10.4.1_e8.2_400bps_hac@v4.3.0,576,9.5622e+07,3544180736
NVIDIA GeForce RTX 5090,dna_r10.4.1_e8.2_400bps_hac@v4.3.0,640,1.05438e+08,3936861696
NVIDIA GeForce RTX 5090,dna_r10.4.1_e8.2_400bps_hac@v4.3.0,704,1.0786e+08,4327717888
NVIDIA GeForce RTX 5090,dna_r10.4.1_e8.2_400bps_hac@v4.3.0,768,1.19619e+08,4718633472
NVIDIA GeForce RTX 5090,dna_r10.4.1_e8.2_400bps_hac@v4.3.0,832,1.26752e+08,5097912320
NVIDIA GeForce RTX 5090,dna_r10.4.1_e8.2_400bps_hac@v4.3.0,896,1.33594e+08,5504859136
NVIDIA GeForce RTX 5090,dna_r10.4.1_e8.2_400bps_hac@v4.3.0,960,1.09956e+08,5896303616
NVIDIA GeForce RTX 5090,dna_r10.4.1_e8.2_400bps_hac@v4.3.0,1024,1.07991e+08,6267418624
NVIDIA GeForce RTX 5090,dna_r10.4.1_e8.2_400bps_hac@v4.3.0,1088,1.14799e+08,6678072320
NVIDIA GeForce RTX 5090,dna_r10.4.1_e8.2_400bps_hac@v4.3.0,1152,1.19997e+08,7071979520
NVIDIA GeForce RTX 5090,dna_r10.4.1_e8.2_400bps_hac@v4.3.0,1216,1.24276e+08,7464293888
NVIDIA GeForce RTX 5090,dna_r10.4.1_e8.2_400bps_hac@v4.3.0,1280,1.26674e+08,7854669824
NVIDIA GeForce RTX 5090,dna_r10.4.1_e8.2_400bps_hac@v4.3.0,1344,1.32086e+08,8212216832
NVIDIA GeForce RTX 5090,dna_r10.4.1_e8.2_400bps_hac@v4.3.0,1408,1.34401e+08,8611127808
NVIDIA GeForce RTX 5090,dna_r10.4.1_e8.2_400bps_hac@v4.3.0,1472,1.3753e+08,9024749568
NVIDIA GeForce RTX 5090,dna_r10.4.1_e8.2_400bps_hac@v4.3.0,1536,1.35664e+08,9387987456
NVIDIA GeForce RTX 5090,dna_r10.4.1_e8.2_400bps_hac@v4.3.0,1600,1.42765e+08,9814227456
NVIDIA GeForce RTX 5090,dna_r10.4.1_e8.2_400bps_hac@v4.3.0,1664,1.44855e+08,10200849408
NVIDIA GeForce RTX 5090,dna_r10.4.1_e8.2_400bps_hac@v4.3.0,1728,1.43718e+08,10600617984
NVIDIA GeForce RTX 5090,dna_r10.4.1_e8.2_400bps_hac@v4.3.0,1792,1.45144e+08,10990918144
NVIDIA GeForce RTX 5090,dna_r10.4.1_e8.2_400bps_hac@v4.3.0,1856,1.3763e+08,11341662720
NVIDIA GeForce RTX 5090,dna_r10.4.1_e8.2_400bps_hac@v4.3.0,1920,1.3789e+08,11771955712
NVIDIA GeForce RTX 5090,dna_r10.4.1_e8.2_400bps_hac@v4.3.0,1984,1.41898e+08,12157394944
NVIDIA GeForce RTX 5090,dna_r10.4.1_e8.2_400bps_hac@v4.3.0,2048,1.31526e+08,12555727360
NVIDIA GeForce RTX 5090,dna_r10.4.1_e8.2_400bps_hac@v4.3.0,2112,1.40411e+08,12947893248
NVIDIA GeForce RTX 5090,dna_r10.4.1_e8.2_400bps_hac@v4.3.0,2176,1.50151e+08,13330316288
NVIDIA GeForce RTX 5090,dna_r10.4.1_e8.2_400bps_hac@v4.3.0,2240,1.45931e+08,13732789248
NVIDIA GeForce RTX 5090,dna_r10.4.1_e8.2_400bps_hac@v4.3.0,2304,1.51993e+08,14093811200
NVIDIA GeForce RTX 5090,dna_r10.4.1_e8.2_400bps_hac@v4.3.0,2368,1.54894e+08,14509101056
NVIDIA GeForce RTX 5090,dna_r10.4.1_e8.2_400bps_hac@v4.3.0,2432,1.45515e+08,14898690560
NVIDIA GeForce RTX 5090,dna_r10.4.1_e8.2_400bps_hac@v4.3.0,2496,1.58338e+08,15283845120
NVIDIA GeForce RTX 5090,dna_r10.4.1_e8.2_400bps_hac@v4.3.0,2560,1.50805e+08,15625043456
NVIDIA GeForce RTX 5090,dna_r10.4.1_e8.2_400bps_hac@v4.3.0,2624,1.58084e+08,16030988800
NVIDIA GeForce RTX 5090,dna_r10.4.1_e8.2_400bps_hac@v4.3.0,2688,1.60377e+08,16486922752
NVIDIA GeForce RTX 5090,dna_r10.4.1_e8.2_400bps_hac@v4.3.0,2752,1.63706e+08,16857312768
NVIDIA GeForce RTX 5090,dna_r10.4.1_e8.2_400bps_hac@v4.3.0,2816,1.67184e+08,17190336512
NVIDIA GeForce RTX 5090,dna_r10.4.1_e8.2_400bps_hac@v4.3.0,2880,1.67688e+08,17633008640
NVIDIA GeForce RTX 5090,dna_r10.4.1_e8.2_400bps_hac@v4.3.0,2944,1.74455e+08,18026846720
NVIDIA GeForce RTX 5090,dna_r10.4.1_e8.2_400bps_hac@v4.3.0,3008,1.66683e+08,18428676096
NVIDIA GeForce RTX 5090,dna_r10.4.1_e8.2_400bps_hac@v4.3.0,3072,1.63684e+08,18770561024
NVIDIA GeForce RTX 5090,dna_r10.4.1_e8.2_400bps_hac@v4.3.0,3136,1.677e+08,19193158144
NVIDIA GeForce RTX 5090,dna_r10.4.1_e8.2_400bps_hac@v4.3.0,3200,1.80075e+08,19595053568
NVIDIA GeForce RTX 5090,dna_r10.4.1_e8.2_400bps_hac@v4.3.0,3264,1.74925e+08,19982550528
NVIDIA GeForce RTX 5090,dna_r10.4.1_e8.2_400bps_hac@v4.3.0,3328,1.7357e+08,20374530048
NVIDIA GeForce RTX 5090,dna_r10.4.1_e8.2_400bps_hac@v4.3.0,3392,1.68587e+08,20780419584
NVIDIA GeForce RTX 5090,dna_r10.4.1_e8.2_400bps_hac@v4.3.0,3456,1.77125e+08,21135510528
NVIDIA GeForce RTX 5090,dna_r10.4.1_e8.2_400bps_hac@v4.3.0,3520,1.79192e+08,21556535808
NVIDIA GeForce RTX 5090,dna_r10.4.1_e8.2_400bps_hac@v4.3.0,3584,1.76737e+08,21868491776
NVIDIA GeForce RTX 5090,dna_r10.4.1_e8.2_400bps_hac@v4.3.0,3648,1.57817e+08,22271335424
NVIDIA GeForce RTX 5090,dna_r10.4.1_e8.2_400bps_hac@v4.3.0,3712,1.54005e+08,22648399360
NVIDIA GeForce RTX 5090,dna_r10.4.1_e8.2_400bps_hac@v4.3.0,3776,1.16289e+08,23021702656
NVIDIA GeForce RTX 5090,dna_r10.4.1_e8.2_400bps_hac@v4.3.0,3840,1.31949e+08,23432842752
NVIDIA GeForce RTX 5090,dna_r10.4.1_e8.2_400bps_hac@v4.3.0,3904,1.54343e+08,23908010496
NVIDIA GeForce RTX 5090,dna_r10.4.1_e8.2_400bps_hac@v4.3.0,3968,1.38079e+08,24196716544
NVIDIA GeForce RTX 5090,dna_r10.4.1_e8.2_400bps_hac@v4.3.0,4032,1.58923e+08,24657606144
NVIDIA GeForce RTX 5090,dna_r10.4.1_e8.2_400bps_hac@v4.3.0,4096,1.40348e+08,25010973184
NVIDIA GeForce RTX 5090,dna_r10.4.1_e8.2_400bps_hac@v4.3.0,4160,1.63267e+08,25395107840
NVIDIA GeForce RTX 5090,dna_r10.4.1_e8.2_400bps_hac@v4.3.0,4224,1.62963e+08,25807847424
NVIDIA GeForce RTX 5090,dna_r10.4.1_e8.2_400bps_hac@v4.3.0,4288,1.68217e+08,26163238912
NVIDIA GeForce RTX 5090,dna_r10.4.1_e8.2_400bps_hac@v4.3.0,4352,1.60117e+08,26543208960
NVIDIA GeForce RTX 5090,dna_r10.4.1_e8.2_400bps_hac@v4.3.0,4416,1.60425e+08,26980538368
NVIDIA GeForce RTX 5090,dna_r10.4.1_e8.2_400bps_hac@v4.3.0,4480,1.61894e+08,27344062976
NVIDIA GeForce RTX 5090,dna_r10.4.1_e8.2_400bps_hac@v4.3.0,4544,1.48613e+08,27745595392
NVIDIA GeForce RTX 5090,dna_r10.4.1_e8.2_400bps_hac@v4.3.0,4608,1.48612e+08,28196384768
NVIDIA GeForce RTX 5090,dna_r10.4.1_e8.2_400bps_hac@v4.3.0,4672,1.7185e+08,28596031488
NVIDIA GeForce RTX 5090,dna_r10.4.1_e8.2_400bps_hac@v4.3.0,4736,1.62176e+08,28942083584
NVIDIA GeForce RTX 5090,dna_r10.4.1_e8.2_400bps_hac@v4.3.0,4800,1.76492e+08,29297782784
NVIDIA GeForce RTX 5090,dna_r10.4.1_e8.2_400bps_hac@v5.0.0,64,1.5677e+07,411203072
NVIDIA GeForce RTX 5090,dna_r10.4.1_e8.2_400bps_hac@v5.0.0,128,2.89108e+07,802950656
NVIDIA GeForce RTX 5090,dna_r10.4.1_e8.2_400bps_hac@v5.0.0,192,4.1007e+07,1194760192
NVIDIA GeForce RTX 5090,dna_r10.4.1_e8.2_400bps_hac@v5.0.0,256,5.34168e+07,1586114560
NVIDIA GeForce RTX 5090,dna_r10.4.1_e8.2_400bps_hac@v5.0.0,320,6.48771e+07,1978529280
NVIDIA GeForce RTX 5090,dna_r10.4.1_e8.2_400bps_hac@v5.0.0,384,7.65168e+07,2371472896
NVIDIA GeForce RTX 5090,dna_r10.4.1_e8.2_400bps_hac@v5.0.0,448,8.66259e+07,2767544832
NVIDIA GeForce RTX 5090,dna_r10.4.1_e8.2_400bps_hac@v5.0.0,512,8.8336e+07,3156822016
NVIDIA GeForce RTX 5090,dna_r10.4.1_e8.2_400bps_hac@v5.0.0,576,9.75016e+07,3544503296
NVIDIA GeForce RTX 5090,dna_r10.4.1_e8.2_400bps_hac@v5.0.0,640,1.05674e+08,3940068352
NVIDIA GeForce RTX 5090,dna_r10.4.1_e8.2_400bps_hac@v5.0.0,704,1.10057e+08,4331618304
NVIDIA GeForce RTX 5090,dna_r10.4.1_e8.2_400bps_hac@v5.0.0,768,1.17387e+08,4717940736
NVIDIA GeForce RTX 5090,dna_r10.4.1_e8.2_400bps_hac@v5.0.0,832,1.25709e+08,5115563008
NVIDIA GeForce RTX 5090,dna_r10.4.1_e8.2_400bps_hac@v5.0.0,896,1.3019e+08,5503199744
NVIDIA GeForce RTX 5090,dna_r10.4.1_e8.2_400bps_hac@v5.0.0,960,1.0871e+08,5895868416
NVIDIA GeForce RTX 5090,dna_r10.4.1_e8.2_400bps_hac@v5.0.0,1024,1.08648e+08,6286702592
NVIDIA GeForce RTX 5090,dna_r10.4.1_e8.2_400bps_hac@v5.0.0,1088,1.13355e+08,6675006976
NVIDIA GeForce RTX 5090,dna_r10.4.1_e8.2_400bps_hac@v5.0.0,1152,1.19158e+08,7071628288
NVIDIA GeForce RTX 5090,dna_r10.4.1_e8.2_400bps_hac@v5.0.0,1216,1.24585e+08,7458528768
NVIDIA GeForce RTX 5090,dna_r10.4.1_e8.2_400bps_hac@v5.0.0,1280,1.28462e+08,7849281024
NVIDIA GeForce RTX 5090,dna_r10.4.1_e8.2_400bps_hac@v5.0.0,1344,1.30876e+08,8220362752
NVIDIA GeForce RTX 5090,dna_r10.4.1_e8.2_400bps_hac@v5.0.0,1408,1.32931e+08,8634672640
NVIDIA GeForce RTX 5090,dna_r10.4.1_e8.2_400bps_hac@v5.0.0,1472,1.34824e+08,9030275072
NVIDIA GeForce RTX 5090,dna_r10.4.1_e8.2_400bps_hac@v5.0.0,1536,1.3511e+08,9420486144
NVIDIA GeForce RTX 5090,dna_r10.4.1_e8.2_400bps_hac@v5.0.0,1600,1.45518e+08,9818616320
NVIDIA GeForce RTX 5090,dna_r10.4.1_e8.2_400bps_hac@v5.0.0,1664,1.46854e+08,10195337216
NVIDIA GeForce RTX 5090,dna_r10.4.1_e8.2_400bps_hac@v5.0.0,1728,1.50837e+08,10596357632
NVIDIA GeForce RTX 5090,dna_r10.4.1_e8.2_400bps_hac@v5.0.0,1792,1.45827e+08,10994853376
NVIDIA GeForce RTX 5090,dna_r10.4.1_e8.2_400bps_hac@v5.0.0,1856,1.37512e+08,11376793600
NVIDIA GeForce RTX 5090,dna_r10.4.1_e8.2_400bps_hac@v5.0.0,1920,1.37239e+08,11771704320
NVIDIA GeForce RTX 5090,dna_r10.4.1_e8.2_400bps_hac@v5.0.0,1984,1.3977e+08,12162577920
NVIDIA GeForce RTX 5090,dna_r10.4.1_e8.2_400bps_hac@v5.0.0,2048,1.31026e+08,12558427136
NVIDIA GeForce RTX 5090,dna_r10.4.1_e8.2_400bps_hac@v5.0.0,2112,1.42415e+08,12944024064
NVIDIA GeForce RTX 5090,dna_r10.4.1_e8.2_400bps_hac@v5.0.0,2176,1.43175e+08,13333346816
NVIDIA GeForce RTX 5090,dna_r10.4.1_e8.2_400bps_hac@v5.0.0,2240,1.45342e+08,13689001472
NVIDIA GeForce RTX 5090,dna_r10.4.1_e8.2_400bps_hac@v5.0.0,2304,1.49787e+08,14109307904
NVIDIA GeForce RTX 5090,dna_r10.4.1_e8.2_400bps_hac@v5.0.0,2368,1.49272e+08,14523158528
NVIDIA GeForce RTX 5090,dna_r10.4.1_e8.2_400bps_hac@v5.0.0,2432,1.60438e+08,14905565696
NVIDIA GeForce RTX 5090,dna_r10.4.1_e8.2_400bps_hac@v5.0.0,2496,1.49729e+08,15287560192
NVIDIA GeForce RTX 5090,dna_r10.4.1_e8.2_400bps_hac@v5.0.0,2560,1.54467e+08,15676591616
NVIDIA GeForce RTX 5090,dna_r10.4.1_e8.2_400bps_hac@v5.0.0,2624,1.58367e+08,16080719360
NVIDIA GeForce RTX 5090,dna_r10.4.1_e8.2_400bps_hac@v5.0.0,2688,1.63855e+08,16473089536
NVIDIA GeForce RTX 5090,dna_r10.4.1_e8.2_400bps_hac@v5.0.0,2752,1.52609e+08,16857207808
NVIDIA GeForce RTX 5090,dna_r10.4.1_e8.2_400bps_hac@v5.0.0,2816,1.50664e+08,17242481152
NVIDIA GeForce RTX 5090,dna_r10.4.1_e8.2_400bps_hac@v5.0.0,2880,1.66087e+08,17631248896
NVIDIA GeForce RTX 5090,dna_r10.4.1_e8.2_400bps_hac@v5.0.0,2944,1.72145e+08,18039311872
NVIDIA GeForce RTX 5090,dna_r10.4.1_e8.2_400bps_hac@v5.0.0,3008,1.67643e+08,18422986752
NVIDIA GeForce RTX 5090,dna_r10.4.1_e8.2_400bps_hac@v5.0.0,3072,1.58236e+08,18821316608
NVIDIA GeForce RTX 5090,dna_r10.4.1_e8.2_400bps_hac@v5.0.0,3136,1.70946e+08,19205938176
NVIDIA GeForce RTX 5090,dna_r10.4.1_e8.2_400bps_hac@v5.0.0,3200,1.73504e+08,19599566848
NVIDIA GeForce RTX 5090,dna_r10.4.1_e8.2_400bps_hac@v5.0.0,3264,1.72972e+08,19992502272
NVIDIA GeForce RTX 5090,dna_r10.4.1_e8.2_400bps_hac@v5.0.0,3328,1.71768e+08,20394417664
NVIDIA GeForce RTX 5090,dna_r10.4.1_e8.2_400bps_hac@v5.0.0,3392,1.75371e+08,20776467968
NVIDIA GeForce RTX 5090,dna_r10.4.1_e8.2_400bps_hac@v5.0.0,3456,1.8265e+08,21160293888
NVIDIA GeForce RTX 5090,dna_r10.4.1_e8.2_400bps_hac@v5.0.0,3520,1.79046e+08,21476851200
NVIDIA GeForce RTX 5090,dna_r10.4.1_e8.2_400bps_hac@v5.0.0,3584,1.73276e+08,21941677568
NVIDIA GeForce RTX 5090,dna_r10.4.1_e8.2_400bps_hac@v5.0.0,3648,1.49255e+08,22259138048
NVIDIA GeForce RTX 5090,dna_r10.4.1_e8.2_400bps_hac@v5.0.0,3712,1.53418e+08,22697945600
NVIDIA GeForce RTX 5090,dna_r10.4.1_e8.2_400bps_hac@v5.0.0,3776,1.16804e+08,23049475072
NVIDIA GeForce RTX 5090,dna_r10.4.1_e8.2_400bps_hac@v5.0.0,3840,1.39596e+08,23403463680
NVIDIA GeForce RTX 5090,dna_r10.4.1_e8.2_400bps_hac@v5.0.0,3904,1.44664e+08,23827748864
NVIDIA GeForce RTX 5090,dna_r10.4.1_e8.2_400bps_hac@v5.0.0,3968,1.42689e+08,24266522624
NVIDIA GeForce RTX 5090,dna_r10.4.1_e8.2_400bps_hac@v5.0.0,4032,1.54908e+08,24714506752
NVIDIA GeForce RTX 5090,dna_r10.4.1_e8.2_400bps_hac@v5.0.0,4096,1.50638e+08,25013352448
NVIDIA GeForce RTX 5090,dna_r10.4.1_e8.2_400bps_hac@v5.0.0,4160,1.63386e+08,25366759424
NVIDIA GeForce RTX 5090,dna_r10.4.1_e8.2_400bps_hac@v5.0.0,4224,1.61175e+08,25789229568
NVIDIA GeForce RTX 5090,dna_r10.4.1_e8.2_400bps_hac@v5.0.0,4288,1.59405e+08,26165472256
NVIDIA GeForce RTX 5090,dna_r10.4.1_e8.2_400bps_hac@v5.0.0,4352,1.62026e+08,26572328448
NVIDIA GeForce RTX 5090,dna_r10.4.1_e8.2_400bps_hac@v5.0.0,4416,1.49661e+08,26961752576
NVIDIA GeForce RTX 5090,dna_r10.4.1_e8.2_400bps_hac@v5.0.0,4480,1.71682e+08,27375076864
NVIDIA GeForce RTX 5090,dna_r10.4.1_e8.2_400bps_hac@v5.0.0,4544,1.58987e+08,27810958848
NVIDIA GeForce RTX 5090,dna_r10.4.1_e8.2_400bps_hac@v5.0.0,4608,1.57405e+08,28091940352
NVIDIA GeForce RTX 5090,dna_r10.4.1_e8.2_400bps_hac@v5.0.0,4672,1.69285e+08,28516741632
NVIDIA GeForce RTX 5090,dna_r10.4.1_e8.2_400bps_hac@v5.0.0,4736,1.5766e+08,28941938176
NVIDIA GeForce RTX 5090,dna_r10.4.1_e8.2_400bps_hac@v5.0.0,4800,1.71025e+08,29293542400
NVIDIA GeForce RTX 5090,dna_r10.4.1_e8.2_400bps_hac@v5.2.0,64,1.24182e+07,419131904
NVIDIA GeForce RTX 5090,dna_r10.4.1_e8.2_400bps_hac@v5.2.0,128,2.27926e+07,810980864
NVIDIA GeForce RTX 5090,dna_r10.4.1_e8.2_400bps_hac@v5.2.0,192,3.24311e+07,1201498112
NVIDIA GeForce RTX 5090,dna_r10.4.1_e8.2_400bps_hac@v5.2.0,256,4.24328e+07,1588681728
NVIDIA GeForce RTX 5090,dna_r10.4.1_e8.2_400bps_hac@v5.2.0,320,5.17158e+07,1978308096
NVIDIA GeForce RTX 5090,dna_r10.4.1_e8.2_400bps_hac@v5.2.0,384,6.09002e+07,2370905088
NVIDIA GeForce RTX 5090,dna_r10.4.1_e8.2_400bps_hac@v5.2.0,448,6.92549e+07,2760134144
NVIDIA GeForce RTX 5090,dna_r10.4.1_e8.2_400bps_hac@v5.2.0,512,6.95019e+07,3151252480
NVIDIA GeForce RTX 5090,dna_r10.4.1_e8.2_400bps_hac@v5.2.0,576,7.63664e+07,3540988416
NVIDIA GeForce RTX 5090,dna_r10.4.1_e8.2_400bps_hac@v5.2.0,640,8.42118e+07,3933681152
NVIDIA GeForce RTX 5090,dna_r10.4.1_e8.2_400bps_hac@v5.2.0,704,8.89555e+07,4345007616
NVIDIA GeForce RTX 5090,dna_r10.4.1_e8.2_400bps_hac@v5.2.0,768,9.34275e+07,4710427648
NVIDIA GeForce RTX 5090,dna_r10.4.1_e8.2_400bps_hac@v5.2.0,832,1.00122e+08,5116572160
NVIDIA GeForce RTX 5090,dna_r10.4.1_e8.2_400bps_hac@v5.2.0,896,1.07078e+08,5512611840
NVIDIA GeForce RTX 5090,dna_r10.4.1_e8.2_400bps_hac@v5.2.0,960,8.53099e+07,5898646016
NVIDIA GeForce RTX 5090,dna_r10.4.1_e8.2_400bps_hac@v5.2.0,1024,8.64237e+07,6295793664
NVIDIA GeForce RTX 5090,dna_r10.4.1_e8.2_400bps_hac@v5.2.0,1088,8.98572e+07,6681930752
NVIDIA GeForce RTX 5090,dna_r10.4.1_e8.2_400bps_hac@v5.2.0,1152,9.37013e+07,7090103296
NVIDIA GeForce RTX 5090,dna_r10.4.1_e8.2_400bps_hac@v5.2.0,1216,9.79291e+07,7465042944
NVIDIA GeForce RTX 5090,dna_r10.4.1_e8.2_400bps_hac@v5.2.0,1280,1.00818e+08,7854882304
NVIDIA GeForce RTX 5090,dna_r10.4.1_e8.2_400bps_hac@v5.2.0,1344,1.0575e+08,8246413312
NVIDIA GeForce RTX 5090,dna_r10.4.1_e8.2_400bps_hac@v5.2.0,1408,1.05002e+08,8641816576
NVIDIA GeForce RTX 5090,dna_r10.4.1_e8.2_400bps_hac@v5.2.0,1472,1.08653e+08,9033087488
NVIDIA GeForce RTX 5090,dna_r10.4.1_e8.2_400bps_hac@v5.2.0,1536,1.12455e+08,9427513344
NVIDIA GeForce RTX 5090,dna_r10.4.1_e8.2_400bps_hac@v5.2.0,1600,1.15968e+08,9819316736
NVIDIA GeForce RTX 5090,dna_r10.4.1_e8.2_400bps_hac@v5.2.0,1664,1.18693e+08,10208613888
NVIDIA GeForce RTX 5090,dna_r10.4.1_e8.2_400bps_hac@v5.2.0,1728,1.2152e+08,10566236672
NVIDIA GeForce RTX 5090,dna_r10.4.1_e8.2_400bps_hac@v5.2.0,1792,1.22996e+08,11002487808
NVIDIA GeForce RTX 5090,dna_r10.4.1_e8.2_400bps_hac@v5.2.0,1856,1.0742e+08,11378816000
NVIDIA GeForce RTX 5090,dna_r10.4.1_e8.2_400bps_hac@v5.2.0,1920,1.08922e+08,11773310464
NVIDIA GeForce RTX 5090,dna_r10.4.1_e8.2_400bps_hac@v5.2.0,1984,1.08677e+08,12159764992
NVIDIA GeForce RTX 5090,dna_r10.4.1_e8.2_400bps_hac@v5.2.0,2048,1.10726e+08,12559983616
NVIDIA GeForce RTX 5090,dna_r10.4.1_e8.2_400bps_hac@v5.2.0,2112,1.15047e+08,12949941760
NVIDIA GeForce RTX 5090,dna_r10.4.1_e8.2_400bps_hac@v5.2.0,2176,1.20682e+08,13368135168
NVIDIA GeForce RTX 5090,dna_r10.4.1_e8.2_400bps_hac@v5.2.0,2240,1.16048e+08,13730556416
NVIDIA GeForce RTX 5090,dna_r10.4.1_e8.2_400bps_hac@v5.2.0,2304,1.26018e+08,14127891968
NVIDIA GeForce RTX 5090,dna_r10.4.1_e8.2_400bps_hac@v5.2.0,2368,1.20062e+08,14521788416
NVIDIA GeForce RTX 5090,dna_r10.4.1_e8.2_400bps_hac@v5.2.0,2432,1.28096e+08,14907651072
NVIDIA GeForce RTX 5090,dna_r10.4.1_e8.2_400bps_hac@v5.2.0,2496,1.24052e+08,15247045632
NVIDIA GeForce RTX 5090,dna_r10.4.1_e8.2_400bps_hac@v5.2.0,2560,1.34494e+08,15683957248
NVIDIA GeForce RTX 5090,dna_r10.4.1_e8.2_400bps_hac@v5.2.0,2624,1.32026e+08,16076492800
NVIDIA GeForce RTX 5090,dna_r10.4.1_e8.2_400bps_hac@v5.2.0,2688,1.40398e+08,16418433536
NVIDIA GeForce RTX 5090,dna_r10.4.1_e8.2_400bps_hac@v5.2.0,2752,1.33721e+08,16810338816
NVIDIA GeForce RTX 5090,dna_r10.4.1_e8.2_400bps_hac@v5.2.0,2816,1.40859e+08,17252158976
NVIDIA GeForce RTX 5090,dna_r10.4.1_e8.2_400bps_hac@v5.2.0,2880,1.36922e+08,17638841856
NVIDIA GeForce RTX 5090,dna_r10.4.1_e8.2_400bps_hac@v5.2.0,2944,1.43082e+08,18037444096
NVIDIA GeForce RTX 5090,dna_r10.4.1_e8.2_400bps_hac@v5.2.0,3008,1.42345e+08,18376572928
NVIDIA GeForce RTX 5090,dna_r10.4.1_e8.2_400bps_hac@v5.2.0,3072,1.45345e+08,18826395648
NVIDIA GeForce RTX 5090,dna_r10.4.1_e8.2_400bps_hac@v5.2.0,3136,1.46138e+08,19200520192
NVIDIA GeForce RTX 5090,dna_r10.4.1_e8.2_400bps_hac@v5.2.0,3200,1.51903e+08,19599495168
NVIDIA GeForce RTX 5090,dna_r10.4.1_e8.2_400bps_hac@v5.2.0,3264,1.48452e+08,19990189568
NVIDIA GeForce RTX 5090,dna_r10.4.1_e8.2_400bps_hac@v5.2.0,3328,1.54553e+08,20379780096
NVIDIA GeForce RTX 5090,dna_r10.4.1_e8.2_400bps_hac@v5.2.0,3392,1.5048e+08,20772953088
NVIDIA GeForce RTX 5090,dna_r10.4.1_e8.2_400bps_hac@v5.2.0,3456,1.57539e+08,21177151488
NVIDIA GeForce RTX 5090,dna_r10.4.1_e8.2_400bps_hac@v5.2.0,3520,1.48246e+08,21563210752
NVIDIA GeForce RTX 5090,dna_r10.4.1_e8.2_400bps_hac@v5.2.0,3584,1.53875e+08,21947930112
NVIDIA GeForce RTX 5090,dna_r10.4.1_e8.2_400bps_hac@v5.2.0,3648,1.22921e+08,22275183104
NVIDIA GeForce RTX 5090,dna_r10.4.1_e8.2_400bps_hac@v5.2.0,3712,1.21726e+08,22653598208
NVIDIA GeForce RTX 5090,dna_r10.4.1_e8.2_400bps_hac@v5.2.0,3776,1.01555e+08,23066078720
NVIDIA GeForce RTX 5090,dna_r10.4.1_e8.2_400bps_hac@v5.2.0,3840,1.13938e+08,23496675840
NVIDIA GeForce RTX 5090,dna_r10.4.1_e8.2_400bps_hac@v5.2.0,3904,1.23719e+08,23879759360
NVIDIA GeForce RTX 5090,dna_r10.4.1_e8.2_400bps_hac@v5.2.0,3968,1.11161e+08,24194861056
NVIDIA GeForce RTX 5090,dna_r10.4.1_e8.2_400bps_hac@v5.2.0,4032,1.27455e+08,24690863616
NVIDIA GeForce RTX 5090,dna_r10.4.1_e8.2_400bps_hac@v5.2.0,4096,1.24187e+08,25112525312
NVIDIA GeForce RTX 5090,dna_r10.4.1_e8.2_400bps_hac@v5.2.0,4160,1.27102e+08,25415104000
NVIDIA GeForce RTX 5090,dna_r10.4.1_e8.2_400bps_hac@v5.2.0,4224,1.29228e+08,25872668672
NVIDIA GeForce RTX 5090,dna_r10.4.1_e8.2_400bps_hac@v5.2.0,4288,1.2928e+08,26250279936
NVIDIA GeForce RTX 5090,dna_r10.4.1_e8.2_400bps_hac@v5.2.0,4352,1.21741e+08,26619775488
NVIDIA GeForce RTX 5090,dna_r10.4.1_e8.2_400bps_hac@v5.2.0,4416,1.34665e+08,27030928384
NVIDIA GeForce RTX 5090,dna_r10.4.1_e8.2_400bps_hac@v5.2.0,4480,1.32696e+08,27351183872
NVIDIA GeForce RTX 5090,dna_r10.4.1_e8.2_400bps_hac@v5.2.0,4544,1.24583e+08,27743998464
NVIDIA GeForce RTX 5090,dna_r10.4.1_e8.2_400bps_hac@v5.2.0,4608,1.25379e+08,28203593216
NVIDIA GeForce RTX 5090,dna_r10.4.1_e8.2_400bps_hac@v5.2.0,4672,1.45832e+08,28533791232
NVIDIA GeForce RTX 5090,dna_r10.4.1_e8.2_400bps_hac@v5.2.0,4736,1.25559e+08,28928070144
NVIDIA GeForce RTX 5090,dna_r10.4.1_e8.2_400bps_hac@v5.2.0,4800,1.48781e+08,29404273152
NVIDIA GeForce RTX 5090,dna_r10.4.1_e8.2_400bps_hac@v6.0.0,64,3.06066e+06,632038400
NVIDIA GeForce RTX 5090,dna_r10.4.1_e8.2_400bps_hac@v6.0.0,128,5.96351e+06,1228702720
NVIDIA GeForce RTX 5090,dna_r10.4.1_e8.2_400bps_hac@v6.0.0,192,8.93967e+06,1831881728
NVIDIA GeForce RTX 5090,dna_r10.4.1_e8.2_400bps_hac@v6.0.0,256,1.19056e+07,2421571072
NVIDIA GeForce RTX 5090,dna_r10.4.1_e8.2_400bps_hac@v6.0.0,320,1.4484e+07,3026723840
NVIDIA GeForce RTX 5090,dna_r10.4.1_e8.2_400bps_hac@v6.0.0,384,1.73604e+07,3624363520
NVIDIA GeForce RTX 5090,dna_r10.4.1_e8.2_400bps_hac@v6.0.0,448,2.02373e+07,4222296576
NVIDIA GeForce RTX 5090,dna_r10.4.1_e8.2_400bps_hac@v6.0.0,512,2.24825e+07,4822895616
NVIDIA GeForce RTX 5090,dna_r10.4.1_e8.2_400bps_hac@v6.0.0,576,2.52848e+07,5425395712
NVIDIA GeForce RTX 5090,dna_r10.4.1_e8.2_400bps_hac@v6.0.0,640,2.80759e+07,6022733824
NVIDIA GeForce RTX 5090,dna_r10.4.1_e8.2_400bps_hac@v6.0.0,704,3.00135e+07,6617583104
NVIDIA GeForce RTX 5090,dna_r10.4.1_e8.2_400bps_hac@v6.0.0,768,3.26931e+07,7215908352
NVIDIA GeForce RTX 5090,dna_r10.4.1_e8.2_400bps_hac@v6.0.0,832,3.53785e+07,7820500992
NVIDIA GeForce RTX 5090,dna_r10.4.1_e8.2_400bps_hac@v6.0.0,896,3.70116e+07,8416993792
NVIDIA GeForce RTX 5090,dna_r10.4.1_e8.2_400bps_hac@v6.0.0,960,3.9632e+07,9014791680
NVIDIA GeForce RTX 5090,dna_r10.4.1_e8.2_400bps_hac@v6.0.0,1024,4.21153e+07,9619076608
NVIDIA GeForce RTX 5090,dna_r10.4.1_e8.2_400bps_hac@v6.0.0,1088,4.35562e+07,10209933312
NVIDIA GeForce RTX 5090,dna_r10.4.1_e8.2_400bps_hac@v6.0.0,1152,4.60611e+07,10818988032
NVIDIA GeForce RTX 5090,dna_r10.4.1_e8.2_400bps_hac@v6.0.0,1216,2.94682e+07,11411314176
NVIDIA GeForce RTX 5090,dna_r10.4.1_e8.2_400bps_hac@v6.0.0,1280,4.64147e+07,12006316544
NVIDIA GeForce RTX 5090,dna_r10.4.1_e8.2_400bps_hac@v6.0.0,1344,5.85318e+07,12603691520
NVIDIA GeForce RTX 5090,dna_r10.4.1_e8.2_400bps_hac@v6.0.0,1408,5.10457e+07,13213584896
NVIDIA GeForce RTX 5090,dna_r10.4.1_e8.2_400bps_hac@v6.0.0,1472,3.38603e+07,13773114880
NVIDIA GeForce RTX 5090,dna_r10.4.1_e8.2_400bps_hac@v6.0.0,1536,6.29809e+07,14400022016
NVIDIA GeForce RTX 5090,dna_r10.4.1_e8.2_400bps_hac@v6.0.0,1600,3.6651e+07,14998342656
NVIDIA GeForce RTX 5090,dna_r10.4.1_e8.2_400bps_hac@v6.0.0,1664,5.81154e+07,15607386112
NVIDIA GeForce RTX 5090,dna_r10.4.1_e8.2_400bps_hac@v6.0.0,1728,6.86516e+07,16201686528
NVIDIA GeForce RTX 5090,dna_r10.4.1_e8.2_400bps_hac@v6.0.0,1792,6.24557e+07,16796132352
NVIDIA GeForce RTX 5090,dna_r10.4.1_e8.2_400bps_hac@v6.0.0,1856,4.24106e+07,17396629504
NVIDIA GeForce RTX 5090,dna_r10.4.1_e8.2_400bps_hac@v6.0.0,1920,6.45832e+07,18002724352
NVIDIA GeForce RTX 5090,dna_r10.4.1_e8.2_400bps_hac@v6.0.0,1984,4.2925e+07,18599006208
NVIDIA GeForce RTX 5090,dna_r10.4.1_e8.2_400bps_hac@v6.0.0,2048,6.62207e+07,19188074496
NVIDIA GeForce RTX 5090,dna_r10.4.1_e8.2_400bps_hac@v6.0.0,2112,4.57263e+07,19786787840
NVIDIA GeForce RTX 5090,dna_r10.4.1_e8.2_400bps_hac@v6.0.0,2176,7.05195e+07,20394821632
NVIDIA GeForce RTX 5090,dna_r10.4.1_e8.2_400bps_hac@v6.0.0,2240,4.57952e+07,20979994624
NVIDIA GeForce RTX 5090,dna_r10.4.1_e8.2_400bps_hac@v6.0.0,2304,7.17046e+07,21586027520
NVIDIA GeForce RTX 5090,dna_r10.4.1_e8.2_400bps_hac@v6.0.0,2368,3.69713e+07,22168013824
NVIDIA GeForce RTX 5090,dna_r10.4.1_e8.2_400bps_hac@v6.0.0,2432,3.79993e+07,22764889600
NVIDIA GeForce RTX 5090,dna_r10.4.1_e8.2_400bps_hac@v6.0.0,2496,8.96633e+07,23325507072
NVIDIA GeForce RTX 5090,dna_r10.4.1_e8.2_400bps_hac@v6.0.0,2560,8.55084e+07,23915298304
NVIDIA GeForce RTX 5090,dna_r10.4.1_e8.2_400bps_hac@v6.0.0,2624,4.08566e+07,24521037824
NVIDIA GeForce RTX 5090,dna_r10.4.1_e8.2_400bps_hac@v6.0.0,2688,9.30115e+07,25124312576
NVIDIA GeForce RTX 5090,dna_r10.4.1_e8.2_400bps_hac@v6.0.0,2752,4.27534e+07,25736189952
NVIDIA GeForce RTX 5090,dna_r10.4.1_e8.2_400bps_hac@v6.0.0,2816,4.36283e+07,26318471680
NVIDIA GeForce RTX 5090,dna_r10.4.1_e8.2_400bps_hac@v6.0.0,2880,9.27185e+07,26913035264
NVIDIA GeForce RTX 5090,dna_r10.4.1_e8.2_400bps_hac@v6.0.0,2944,4.20237e+07,27521576960
NVIDIA GeForce RTX 5090,dna_r10.4.1_e8.2_400bps_sup@v4.3.0,64,1.84682e+06,1584552448
NVIDIA GeForce RTX 5090,dna_r10.4.1_e8.2_400bps_sup@v4.3.0,128,3.57027e+06,3027535872
NVIDIA GeForce RTX 5090,dna_r10.4.1_e8.2_400bps_sup@v4.3.0,192,5.34108e+06,4469840384
NVIDIA GeForce RTX 5090,dna_r10.4.1_e8.2_400bps_sup@v4.3.0,256,6.87669e+06,5913779712
NVIDIA GeForce RTX 5090,dna_r10.4.1_e8.2_400bps_sup@v4.3.0,320,8.59239e+06,7353182720
NVIDIA GeForce RTX 5090,dna_r10.4.1_e8.2_400bps_sup@v4.3.0,384,1.02974e+07,8795253760
NVIDIA GeForce RTX 5090,dna_r10.4.1_e8.2_400bps_sup@v4.3.0,448,1.20129e+07,10236989440
NVIDIA GeForce RTX 5090,dna_r10.4.1_e8.2_400bps_sup@v4.3.0,512,1.32076e+07,11682969600
NVIDIA GeForce RTX 5090,dna_r10.4.1_e8.2_400bps_sup@v4.3.0,576,1.48381e+07,13123146752
NVIDIA GeForce RTX 5090,dna_r10.4.1_e8.2_400bps_sup@v4.3.0,640,1.64661e+07,14575442432
NVIDIA GeForce RTX 5090,dna_r10.4.1_e8.2_400bps_sup@v4.3.0,704,1.8096e+07,16021273600
NVIDIA GeForce RTX 5090,dna_r10.4.1_e8.2_400bps_sup@v4.3.0,768,1.97156e+07,17467363840
NVIDIA GeForce RTX 5090,dna_r10.4.1_e8.2_400bps_sup@v4.3.0,832,2.13902e+07,18909594624
NVIDIA GeForce RTX 5090,dna_r10.4.1_e8.2_400bps_sup@v4.3.0,896,2.21665e+07,20333758976
NVIDIA GeForce RTX 5090,dna_r10.4.1_e8.2_400bps_sup@v4.3.0,960,2.36092e+07,21791153664
NVIDIA GeForce RTX 5090,dna_r10.4.1_e8.2_400bps_sup@v4.3.0,1024,2.40681e+07,23210754048
NVIDIA GeForce RTX 5090,dna_r10.4.1_e8.2_400bps_sup@v4.3.0,1088,2.56855e+07,24664392192
NVIDIA GeForce RTX 5090,dna_r10.4.1_e8.2_400bps_sup@v4.3.0,1152,2.70165e+07,26101582336
NVIDIA GeForce RTX 5090,dna_r10.4.1_e8.2_400bps_sup@v4.3.0,1216,2.70795e+07,27560965120
NVIDIA GeForce RTX 5090,dna_r10.4.1_e8.2_400bps_sup@v4.3.0,1280,2.87613e+07,28985463808
NVIDIA GeForce RTX 5090,dna_r10.4.1_e8.2_400bps_sup@v5.0.0,32,1.07185e+07,1600859136
NVIDIA GeForce RTX 5090,dna_r10.4.1_e8.2_400bps_sup@v5.0.0,64,1.43238e+07,2381984256
NVIDIA GeForce RTX 5090,dna_r10.4.1_e8.2_400bps_sup@v5.0.0,96,1.62939e+07,3164157952
NVIDIA GeForce RTX 5090,dna_r10.4.1_e8.2_400bps_sup@v5.0.0,128,1.73747e+07,3931388928
NVIDIA GeForce RTX 5090,dna_r10.4.1_e8.2_400bps_sup@v5.0.0,160,1.83855e+07,4713497088
NVIDIA GeForce RTX 5090,dna_r10.4.1_e8.2_400bps_sup@v5.0.0,192,1.8069e+07,5496129536
NVIDIA GeForce RTX 5090,dna_r10.4.1_e8.2_400bps_sup@v5.0.0,224,1.8609e+07,6277451264
NVIDIA GeForce RTX 5090,dna_r10.4.1_e8.2_400bps_sup@v5.0.0,256,1.90819e+07,7060345856
NVIDIA GeForce RTX 5090,dna_r10.4.1_e8.2_400bps_sup@v5.0.0,288,1.93577e+07,7842585088
NVIDIA GeForce RTX 5090,dna_r10.4.1_e8.2_400bps_sup@v5.0.0,320,1.95394e+07,8624956928
NVIDIA GeForce RTX 5090,dna_r10.4.1_e8.2_400bps_sup@v5.0.0,352,1.97449e+07,9407587840
NVIDIA GeForce RTX 5090,dna_r10.4.1_e8.2_400bps_sup@v5.0.0,384,2.0128e+07,10190613504
NVIDIA GeForce RTX 5090,dna_r10.4.1_e8.2_400bps_sup@v5.2.0,32,1.07863e+07,1601645568
NVIDIA GeForce RTX 5090,dna_r10.4.1_e8.2_400bps_sup@v5.2.0,64,1.43867e+07,2381984256
NVIDIA GeForce RTX 5090,dna_r10.4.1_e8.2_400bps_sup@v5.2.0,96,1.64295e+07,3164157952
NVIDIA GeForce RTX 5090,dna_r10.4.1_e8.2_400bps_sup@v5.2.0,128,1.74568e+07,3930602496
NVIDIA GeForce RTX 5090,dna_r10.4.1_e8.2_400bps_sup@v5.2.0,160,1.83509e+07,4713005568
NVIDIA GeForce RTX 5090,dna_r10.4.1_e8.2_400bps_sup@v5.2.0,192,1.80552e+07,5496129536
NVIDIA GeForce RTX 5090,dna_r10.4.1_e8.2_400bps_sup@v5.2.0,224,1.85682e+07,6277451264
NVIDIA GeForce RTX 5090,dna_r10.4.1_e8.2_400bps_sup@v5.2.0,256,1.90834e+07,7066637312
NVIDIA GeForce RTX 5090,dna_r10.4.1_e8.2_400bps_sup@v5.2.0,288,1.93046e+07,7842585088
NVIDIA GeForce RTX 5090,dna_r10.4.1_e8.2_400bps_sup@v5.2.0,320,1.95434e+07,8624956928
NVIDIA GeForce RTX 5090,dna_r10.4.1_e8.2_400bps_sup@v5.2.0,352,1.93452e+07,9407587840
NVIDIA GeForce RTX 5090,dna_r10.4.1_e8.2_400bps_sup@v5.2.0,384,1.96966e+07,10190613504
NVIDIA GeForce RTX 5090,rna004_130bps_fast@v5.1.0,64,3.17558e+07,1253125632
NVIDIA GeForce RTX 5090,rna004_130bps_fast@v5.1.0,128,5.68404e+07,1428935168
NVIDIA GeForce RTX 5090,rna004_130bps_fast@v5.1.0,192,8.32205e+07,1604745216
NVIDIA GeForce RTX 5090,rna004_130bps_fast@v5.1.0,256,1.06877e+08,1780554752
NVIDIA GeForce RTX 5090,rna004_130bps_fast@v5.1.0,320,1.28825e+08,1956364800
NVIDIA GeForce RTX 5090,rna004_130bps_fast@v5.1.0,384,1.49268e+08,2132174336
NVIDIA GeForce RTX 5090,rna004_130bps_fast@v5.1.0,448,1.68975e+08,2310081536
NVIDIA GeForce RTX 5090,rna004_130bps_fast@v5.1.0,512,1.8114e+08,2483793920
NVIDIA GeForce RTX 5090,rna004_130bps_fast@v5.1.0,576,1.97174e+08,2661701120
NVIDIA GeForce RTX 5090,rna004_130bps_fast@v5.1.0,640,2.13434e+08,2835413504
NVIDIA GeForce RTX 5090,rna004_130bps_fast@v5.1.0,704,2.19463e+08,3013020672
NVIDIA GeForce RTX 5090,rna004_130bps_fast@v5.1.0,768,2.35842e+08,3189130240
NVIDIA GeForce RTX 5090,rna004_130bps_fast@v5.1.0,832,2.36559e+08,3363251200
NVIDIA GeForce RTX 5090,rna004_130bps_fast@v5.1.0,896,2.62075e+08,3543609344
NVIDIA GeForce RTX 5090,rna004_130bps_fast@v5.1.0,960,2.69076e+08,3714462720
NVIDIA GeForce RTX 5090,rna004_130bps_fast@v5.1.0,1024,2.81589e+08,3893839872
NVIDIA GeForce RTX 5090,rna004_130bps_fast@v5.1.0,1088,2.90073e+08,4068179456
NVIDIA GeForce RTX 5090,rna004_130bps_fast@v5.1.0,1152,2.94956e+08,4244070400
NVIDIA GeForce RTX 5090,rna004_130bps_fast@v5.1.0,1216,3.01906e+08,4447497216
NVIDIA GeForce RTX 5090,rna004_130bps_fast@v5.1.0,1280,3.13007e+08,4593511424
NVIDIA GeForce RTX 5090,rna004_130bps_fast@v5.1.0,1344,3.17858e+08,4772184576
NVIDIA GeForce RTX 5090,rna004_130bps_fast@v5.1.0,1408,2.93988e+08,4949628416
NVIDIA GeForce RTX 5090,rna004_130bps_fast@v5.1.0,1472,2.97092e+08,5127430144
NVIDIA GeForce RTX 5090,rna004_130bps_fast@v5.1.0,1536,3.07994e+08,5300611072
NVIDIA GeForce RTX 5090,rna004_130bps_fast@v5.1.0,1600,3.13448e+08,5477766656
NVIDIA GeForce RTX 5090,rna004_130bps_fast@v5.1.0,1664,3.20406e+08,5652019712
NVIDIA GeForce RTX 5090,rna004_130bps_fast@v5.1.0,1728,3.26287e+08,5831642112
NVIDIA GeForce RTX 5090,rna004_130bps_fast@v5.1.0,1792,3.27404e+08,6006241280
NVIDIA GeForce RTX 5090,rna004_130bps_fast@v5.1.0,1856,3.29702e+08,6181251584
NVIDIA GeForce RTX 5090,rna004_130bps_fast@v5.1.0,1920,3.39108e+08,6356598272
NVIDIA GeForce RTX 5090,rna004_130bps_fast@v5.1.0,1984,3.47131e+08,6532103168
NVIDIA GeForce RTX 5090,rna004_130bps_fast@v5.1.0,2048,3.35578e+08,6708267008
NVIDIA GeForce RTX 5090,rna004_130bps_fast@v5.1.0,2112,3.40284e+08,6884736512
NVIDIA GeForce RTX 5090,rna004_130bps_fast@v5.1.0,2176,3.45586e+08,7060083200
NVIDIA GeForce RTX 5090,rna004_130bps_fast@v5.1.0,2240,3.47104e+08,7236375552
NVIDIA GeForce RTX 5090,rna004_130bps_fast@v5.1.0,2304,3.52044e+08,7412066304
NVIDIA GeForce RTX 5090,rna004_130bps_fast@v5.1.0,2368,3.47435e+08,7587068416
NVIDIA GeForce RTX 5090,rna004_130bps_fast@v5.1.0,2432,3.5685e+08,7765753344
NVIDIA GeForce RTX 5090,rna004_130bps_fast@v5.1.0,2496,3.56642e+08,7939908608
NVIDIA GeForce RTX 5090,rna004_130bps_fast@v5.1.0,2560,3.64865e+08,8114743296
NVIDIA GeForce RTX 5090,rna004_130bps_fast@v5.1.0,2624,3.70127e+08,8295869952
NVIDIA GeForce RTX 5090,rna004_130bps_fast@v5.1.0,2688,3.73339e+08,8466254336
NVIDIA GeForce RTX 5090,rna004_130bps_fast@v5.1.0,2752,3.56603e+08,8646069248
NVIDIA GeForce RTX 5090,rna004_130bps_fast@v5.1.0,2816,3.64789e+08,8818276352
NVIDIA GeForce RTX 5090,rna004_130bps_fast@v5.1.0,2880,3.66332e+08,9015928320
NVIDIA GeForce RTX 5090,rna004_130bps_fast@v5.1.0,2944,3.69224e+08,9172635136
NVIDIA GeForce RTX 5090,rna004_130bps_fast@v5.1.0,3008,3.59083e+08,9347537920
NVIDIA GeForce RTX 5090,rna004_130bps_fast@v5.1.0,3072,3.5366e+08,9524791296
NVIDIA GeForce RTX 5090,rna004_130bps_fast@v5.1.0,3136,3.59476e+08,9698857984
NVIDIA GeForce RTX 5090,rna004_130bps_fast@v5.1.0,3200,3.61939e+08,9874022912
NVIDIA GeForce RTX 5090,rna004_130bps_fast@v5.1.0,3264,3.69258e+08,10051467264
NVIDIA GeForce RTX 5090,rna004_130bps_fast@v5.1.0,3328,3.68732e+08,10227349504
NVIDIA GeForce RTX 5090,rna004_130bps_fast@v5.1.0,3392,3.6309e+08,10403513344
NVIDIA GeForce RTX 5090,rna004_130bps_fast@v5.1.0,3456,3.62433e+08,10579677184
NVIDIA GeForce RTX 5090,rna004_130bps_fast@v5.1.0,3520,3.70934e+08,10754040832
NVIDIA GeForce RTX 5090,rna004_130bps_fast@v5.1.0,3584,3.62452e+08,10933069824
NVIDIA GeForce RTX 5090,rna004_130bps_fast@v5.1.0,3648,3.6e+08,11103710208
NVIDIA GeForce RTX 5090,rna004_130bps_fast@v5.1.0,3712,3.5375e+08,11286429696
NVIDIA GeForce RTX 5090,rna004_130bps_fast@v5.1.0,3776,3.63244e+08,11462593536
NVIDIA GeForce RTX 5090,rna004_130bps_fast@v5.1.0,3840,3.64765e+08,11632465920
NVIDIA GeForce RTX 5090,rna004_130bps_fast@v5.1.0,3904,3.6445e+08,11811437568
NVIDIA GeForce RTX 5090,rna004_130bps_fast@v5.1.0,3968,3.54635e+08,11984175104
NVIDIA GeForce RTX 5090,rna004_130bps_fast@v5.1.0,4032,3.76188e+08,12165151744
NVIDIA GeForce RTX 5090,rna004_130bps_fast@v5.1.0,4096,3.49436e+08,12339218432
NVIDIA GeForce RTX 5090,rna004_130bps_fast@v5.1.0,4160,3.55602e+08,12513285120
NVIDIA GeForce RTX 5090,rna004_130bps_fast@v5.1.0,4224,3.61145e+08,12691902464
NVIDIA GeForce RTX 5090,rna004_130bps_fast@v5.1.0,4288,3.65869e+08,12864640000
NVIDIA GeForce RTX 5090,rna004_130bps_fast@v5.1.0,4352,3.63386e+08,13041571840
NVIDIA GeForce RTX 5090,rna004_130bps_fast@v5.1.0,4416,3.50637e+08,13217940480
NVIDIA GeForce RTX 5090,rna004_130bps_fast@v5.1.0,4480,3.73659e+08,13412978688
NVIDIA GeForce RTX 5090,rna004_130bps_fast@v5.1.0,4544,3.6079e+08,13591239680
NVIDIA GeForce RTX 5090,rna004_130bps_fast@v5.1.0,4608,3.66043e+08,13763209216
NVIDIA GeForce RTX 5090,rna004_130bps_fast@v5.1.0,4672,3.73695e+08,13941470208
NVIDIA GeForce RTX 5090,rna004_130bps_fast@v5.1.0,4736,3.75727e+08,14119731200
NVIDIA GeForce RTX 5090,rna004_130bps_fast@v5.1.0,4800,3.61251e+08,14291700736
NVIDIA GeForce RTX 5090,rna004_130bps_fast@v5.1.0,4864,3.66551e+08,14451087360
NVIDIA GeForce RTX 5090,rna004_130bps_fast@v5.1.0,4928,3.54013e+08,14644028416
NVIDIA GeForce RTX 5090,rna004_130bps_fast@v5.1.0,4992,3.75974e+08,14824386560
NVIDIA GeForce RTX 5090,rna004_130bps_fast@v5.1.0,5056,3.7192e+08,14979578880
NVIDIA GeForce RTX 5090,rna004_130bps_fast@v5.1.0,5120,3.64301e+08,15151548416
NVIDIA GeForce RTX 5090,rna004_130bps_fast@v5.1.0,5184,3.78184e+08,15329809408
NVIDIA GeForce RTX 5090,rna004_130bps_fast@v5.1.0,5248,3.74371e+08,15510167552
NVIDIA GeForce RTX 5090,rna004_130bps_fast@v5.1.0,5312,3.63365e+08,15684234240
NVIDIA GeForce RTX 5090,rna004_130bps_fast@v5.1.0,5376,3.63012e+08,15858300928
NVIDIA GeForce RTX 5090,rna004_130bps_fast@v5.1.0,5440,3.77774e+08,16032367616
NVIDIA GeForce RTX 5090,rna004_130bps_fast@v5.1.0,5504,3.7175e+08,16210628608
NVIDIA GeForce RTX 5090,rna004_130bps_fast@v5.1.0,5568,3.75446e+08,16386792448
NVIDIA GeForce RTX 5090,rna004_130bps_fast@v5.1.0,5632,3.83132e+08,16562956288
NVIDIA GeForce RTX 5090,rna004_130bps_fast@v5.1.0,5696,3.62236e+08,16737022976
NVIDIA GeForce RTX 5090,rna004_130bps_fast@v5.1.0,5760,3.80059e+08,16911089664
NVIDIA GeForce RTX 5090,rna004_130bps_fast@v5.1.0,5824,3.695e+08,17089350656
NVIDIA GeForce RTX 5090,rna004_130bps_fast@v5.1.0,5888,3.64093e+08,17265514496
NVIDIA GeForce RTX 5090,rna004_130bps_fast@v5.1.0,5952,3.67627e+08,17441678336
NVIDIA GeForce RTX 5090,rna004_130bps_fast@v5.1.0,6016,3.69658e+08,17617842176
NVIDIA GeForce RTX 5090,rna004_130bps_fast@v5.1.0,6080,3.77874e+08,17791908864
NVIDIA GeForce RTX 5090,rna004_130bps_fast@v5.1.0,6144,3.66943e+08,17968072704
NVIDIA GeForce RTX 5090,rna004_130bps_fast@v5.1.0,6208,3.70037e+08,18144236544
NVIDIA GeForce RTX 5090,rna004_130bps_fast@v5.1.0,6272,3.52315e+08,18318303232
NVIDIA GeForce RTX 5090,rna004_130bps_fast@v5.1.0,6336,3.78237e+08,18498661376
NVIDIA GeForce RTX 5090,rna004_130bps_fast@v5.1.0,6400,3.5709e+08,18674825216
NVIDIA GeForce RTX 5090,rna004_130bps_fast@v5.1.0,6464,3.53669e+08,18846794752
NVIDIA GeForce RTX 5090,rna004_130bps_fast@v5.1.0,6528,3.79709e+08,19022958592
NVIDIA GeForce RTX 5090,rna004_130bps_fast@v5.1.0,6592,3.70086e+08,19199122432
NVIDIA GeForce RTX 5090,rna004_130bps_fast@v5.1.0,6656,3.69542e+08,19377383424
NVIDIA GeForce RTX 5090,rna004_130bps_fast@v5.1.0,6720,3.76286e+08,19555644416
NVIDIA GeForce RTX 5090,rna004_130bps_fast@v5.1.0,6784,3.55919e+08,19725516800
NVIDIA GeForce RTX 5090,rna004_130bps_fast@v5.1.0,6848,3.71166e+08,19905874944
NVIDIA GeForce RTX 5090,rna004_130bps_fast@v5.1.0,6912,3.6996e+08,20077844480
NVIDIA GeForce RTX 5090,rna004_130bps_fast@v5.1.0,6976,3.63093e+08,20251911168
NVIDIA GeForce RTX 5090,rna004_130bps_fast@v5.1.0,7040,3.42733e+08,20434366464
NVIDIA GeForce RTX 5090,rna004_130bps_fast@v5.1.0,7104,3.55906e+08,20606336000
NVIDIA GeForce RTX 5090,rna004_130bps_fast@v5.1.0,7168,3.48626e+08,20784596992
NVIDIA GeForce RTX 5090,rna004_130bps_fast@v5.1.0,7232,3.48133e+08,20956566528
NVIDIA GeForce RTX 5090,rna004_130bps_fast@v5.1.0,7296,3.53478e+08,21132730368
NVIDIA GeForce RTX 5090,rna004_130bps_fast@v5.1.0,7360,3.81821e+08,21315185664
NVIDIA GeForce RTX 5090,rna004_130bps_fast@v5.1.0,7424,3.69636e+08,21487155200
NVIDIA GeForce RTX 5090,rna004_130bps_fast@v5.1.0,7488,3.60071e+08,21663319040
NVIDIA GeForce RTX 5090,rna004_130bps_fast@v5.1.0,7552,3.31082e+08,21996769280
NVIDIA GeForce RTX 5090,rna004_130bps_fast@v5.1.0,7616,3.40858e+08,22013549568
NVIDIA GeForce RTX 5090,rna004_130bps_fast@v5.1.0,7680,3.54521e+08,22189713408
NVIDIA GeForce RTX 5090,rna004_130bps_fast@v5.1.0,7744,3.41841e+08,22365877248
NVIDIA GeForce RTX 5090,rna004_130bps_fast@v5.1.0,7808,3.40529e+08,22542041088
NVIDIA GeForce RTX 5090,rna004_130bps_fast@v5.1.0,7872,3.49095e+08,22722399232
NVIDIA GeForce RTX 5090,rna004_130bps_fast@v5.1.0,7936,3.38963e+08,23051655168
NVIDIA GeForce RTX 5090,rna004_130bps_fast@v5.1.0,8000,3.65339e+08,23070532608
NVIDIA GeForce RTX 5090,rna004_130bps_fast@v5.1.0,8064,3.6804e+08,23244599296
NVIDIA GeForce RTX 5090,rna004_130bps_fast@v5.1.0,8128,3.70052e+08,23424957440
NVIDIA GeForce RTX 5090,rna004_130bps_fast@v5.1.0,8192,3.59242e+08,23599024128
NVIDIA GeForce RTX 5090,rna004_130bps_fast@v5.1.0,8256,3.64389e+08,23770993664
NVIDIA GeForce RTX 5090,rna004_130bps_fast@v5.1.0,8320,3.38978e+08,23915700224
NVIDIA GeForce RTX 5090,rna004_130bps_fast@v5.1.0,8384,3.40826e+08,24052018176
NVIDIA GeForce RTX 5090,rna004_130bps_fast@v5.1.0,8448,3.59189e+08,24203016192
NVIDIA GeForce RTX 5090,rna004_130bps_fast@v5.1.0,8512,3.73001e+08,24343528448
NVIDIA GeForce RTX 5090,rna004_130bps_fast@v5.1.0,8576,3.47487e+08,24484040704
NVIDIA GeForce RTX 5090,rna004_130bps_fast@v5.1.0,8640,3.4637e+08,24626650112
NVIDIA GeForce RTX 5090,rna004_130bps_fast@v5.1.0,8704,3.18727e+08,24771356672
NVIDIA GeForce RTX 5090,rna004_130bps_fast@v5.1.0,8768,3.30903e+08,24913966080
NVIDIA GeForce RTX 5090,rna004_130bps_fast@v5.1.0,8832,3.37843e+08,25054478336
NVIDIA GeForce RTX 5090,rna004_130bps_fast@v5.1.0,8896,3.66719e+08,25194990592
NVIDIA GeForce RTX 5090,rna004_130bps_fast@v5.1.0,8960,3.63013e+08,25339697152
NVIDIA GeForce RTX 5090,rna004_130bps_fast@v5.1.0,9024,3.48304e+08,25482306560
NVIDIA GeForce RTX 5090,rna004_130bps_fast@v5.1.0,9088,3.41934e+08,25624915968
NVIDIA GeForce RTX 5090,rna004_130bps_fast@v5.1.0,9152,3.34995e+08,25767525376
NVIDIA GeForce RTX 5090,rna004_130bps_fast@v5.1.0,9216,3.60075e+08,25908037632
NVIDIA GeForce RTX 5090,rna004_130bps_fast@v5.1.0,9280,3.58123e+08,26052744192
NVIDIA GeForce RTX 5090,rna004_130bps_fast@v5.1.0,9344,3.64254e+08,26193256448
NVIDIA GeForce RTX 5090,rna004_130bps_fast@v5.1.0,9408,3.25138e+08,26333768704
NVIDIA GeForce RTX 5090,rna004_130bps_fast@v5.1.0,9472,3.5355e+08,26480572416
NVIDIA GeForce RTX 5090,rna004_130bps_fast@v5.1.0,9536,3.60039e+08,26637861888
NVIDIA GeForce RTX 5090,rna004_130bps_fast@v5.1.0,9600,3.64597e+08,26956632064
NVIDIA GeForce RTX 5090,rna004_130bps_fast@v5.1.0,9664,3.60723e+08,26904206336
NVIDIA GeForce RTX 5090,rna004_130bps_fast@v5.1.0,9728,3.58932e+08,27046815744
NVIDIA GeForce RTX 5090,rna004_130bps_fast@v5.1.0,9792,3.66154e+08,27191522304
NVIDIA GeForce RTX 5090,rna004_130bps_fast@v5.1.0,9856,3.54079e+08,27332034560
NVIDIA GeForce RTX 5090,rna004_130bps_fast@v5.1.0,9920,3.54981e+08,27474643968
NVIDIA GeForce RTX 5090,rna004_130bps_fast@v5.1.0,9984,3.32199e+08,27619350528
NVIDIA GeForce RTX 5090,rna004_130bps_fast@v5.1.0,10048,3.22955e+08,27757765632
NVIDIA GeForce RTX 5090,rna004_130bps_fast@v5.1.0,10112,3.40653e+08,27898277888
NVIDIA GeForce RTX 5090,rna004_130bps_fast@v5.1.0,10176,3.65082e+08,28047178752
NVIDIA GeForce RTX 5090,rna004_130bps_fast@v5.1.0,10240,3.61471e+08,28185593856
NVIDIA GeForce RTX 5090,rna004_130bps_fast@v5.2.0,64,2.99763e+07,1274210304
NVIDIA GeForce RTX 5090,rna004_130bps_fast@v5.2.0,128,5.38305e+07,1468894208
NVIDIA GeForce RTX 5090,rna004_130bps_fast@v5.2.0,192,7.67617e+07,1667772928
NVIDIA GeForce RTX 5090,rna004_130bps_fast@v5.2.0,256,9.98444e+07,1862456832
NVIDIA GeForce RTX 5090,rna004_130bps_fast@v5.2.0,320,1.20251e+08,2059238400
NVIDIA GeForce RTX 5090,rna004_130bps_fast@v5.2.0,384,1.3764e+08,2256019456
NVIDIA GeForce RTX 5090,rna004_130bps_fast@v5.2.0,448,1.55824e+08,2452801024
NVIDIA GeForce RTX 5090,rna004_130bps_fast@v5.2.0,512,1.71689e+08,2647484928
NVIDIA GeForce RTX 5090,rna004_130bps_fast@v5.2.0,576,1.83842e+08,2857883648
NVIDIA GeForce RTX 5090,rna004_130bps_fast@v5.2.0,640,1.9963e+08,3041047552
NVIDIA GeForce RTX 5090,rna004_130bps_fast@v5.2.0,704,2.02385e+08,3237529088
NVIDIA GeForce RTX 5090,rna004_130bps_fast@v5.2.0,768,2.16018e+08,3434610176
NVIDIA GeForce RTX 5090,rna004_130bps_fast@v5.2.0,832,2.28919e+08,3646342656
NVIDIA GeForce RTX 5090,rna004_130bps_fast@v5.2.0,896,2.37676e+08,3831032320
NVIDIA GeForce RTX 5090,rna004_130bps_fast@v5.2.0,960,2.45734e+08,4022857216
NVIDIA GeForce RTX 5090,rna004_130bps_fast@v5.2.0,1024,2.55024e+08,4221108736
NVIDIA GeForce RTX 5090,rna004_130bps_fast@v5.2.0,1088,2.62079e+08,4416419840
NVIDIA GeForce RTX 5090,rna004_130bps_fast@v5.2.0,1152,2.67905e+08,4613282304
NVIDIA GeForce RTX 5090,rna004_130bps_fast@v5.2.0,1216,2.76031e+08,4810417664
NVIDIA GeForce RTX 5090,rna004_130bps_fast@v5.2.0,1280,2.77004e+08,5004666368
NVIDIA GeForce RTX 5090,rna004_130bps_fast@v5.2.0,1344,2.8495e+08,5202213888
NVIDIA GeForce RTX 5090,rna004_130bps_fast@v5.2.0,1408,2.69209e+08,5408988160
NVIDIA GeForce RTX 5090,rna004_130bps_fast@v5.2.0,1472,2.76682e+08,5599402496
NVIDIA GeForce RTX 5090,rna004_130bps_fast@v5.2.0,1536,2.81413e+08,5791457792
NVIDIA GeForce RTX 5090,rna004_130bps_fast@v5.2.0,1600,2.82269e+08,5989584896
NVIDIA GeForce RTX 5090,rna004_130bps_fast@v5.2.0,1664,2.91556e+08,6184809472
NVIDIA GeForce RTX 5090,rna004_130bps_fast@v5.2.0,1728,2.92387e+08,6383306240
NVIDIA GeForce RTX 5090,rna004_130bps_fast@v5.2.0,1792,2.99552e+08,6580974080
NVIDIA GeForce RTX 5090,rna004_130bps_fast@v5.2.0,1856,3.06869e+08,6774858752
NVIDIA GeForce RTX 5090,rna004_130bps_fast@v5.2.0,1920,3.11398e+08,6971176960
NVIDIA GeForce RTX 5090,rna004_130bps_fast@v5.2.0,1984,3.12351e+08,7167653376
NVIDIA GeForce RTX 5090,rna004_130bps_fast@v5.2.0,2048,3.05618e+08,7364788736
NVIDIA GeForce RTX 5090,rna004_130bps_fast@v5.2.0,2112,3.10837e+08,7602372608
NVIDIA GeForce RTX 5090,rna004_130bps_fast@v5.2.0,2176,3.16696e+08,7756450816
NVIDIA GeForce RTX 5090,rna004_130bps_fast@v5.2.0,2240,3.16362e+08,7953714688
NVIDIA GeForce RTX 5090,rna004_130bps_fast@v5.2.0,2304,3.20282e+08,8149135872
NVIDIA GeForce RTX 5090,rna004_130bps_fast@v5.2.0,2368,3.2002e+08,8346350592
NVIDIA GeForce RTX 5090,rna004_130bps_fast@v5.2.0,2432,3.2741e+08,8543997952
NVIDIA GeForce RTX 5090,rna004_130bps_fast@v5.2.0,2496,3.23022e+08,8739036672
NVIDIA GeForce RTX 5090,rna004_130bps_fast@v5.2.0,2560,3.30917e+08,8934842880
NVIDIA GeForce RTX 5090,rna004_130bps_fast@v5.2.0,2624,3.28206e+08,9134843904
NVIDIA GeForce RTX 5090,rna004_130bps_fast@v5.2.0,2688,3.36741e+08,9328296960
NVIDIA GeForce RTX 5090,rna004_130bps_fast@v5.2.0,2752,3.15622e+08,9526986240
NVIDIA GeForce RTX 5090,rna004_130bps_fast@v5.2.0,2816,3.1475e+08,9718067712
NVIDIA GeForce RTX 5090,rna004_130bps_fast@v5.2.0,2880,3.26002e+08,9918068224
NVIDIA GeForce RTX 5090,rna004_130bps_fast@v5.2.0,2944,3.28292e+08,10114369536
NVIDIA GeForce RTX 5090,rna004_130bps_fast@v5.2.0,3008,3.25817e+08,10310243840
NVIDIA GeForce RTX 5090,rna004_130bps_fast@v5.2.0,3072,3.24214e+08,10508468736
NVIDIA GeForce RTX 5090,rna004_130bps_fast@v5.2.0,3136,3.27673e+08,10701409792
NVIDIA GeForce RTX 5090,rna004_130bps_fast@v5.2.0,3200,3.10933e+08,10897546240
NVIDIA GeForce RTX 5090,rna004_130bps_fast@v5.2.0,3264,3.16973e+08,11095962112
NVIDIA GeForce RTX 5090,rna004_130bps_fast@v5.2.0,3328,3.26463e+08,11292815872
NVIDIA GeForce RTX 5090,rna004_130bps_fast@v5.2.0,3392,3.31372e+08,11489951232
NVIDIA GeForce RTX 5090,rna004_130bps_fast@v5.2.0,3456,3.24006e+08,11684989440
NVIDIA GeForce RTX 5090,rna004_130bps_fast@v5.2.0,3520,3.35905e+08,11880324608
NVIDIA GeForce RTX 5090,rna004_130bps_fast@v5.2.0,3584,3.14719e+08,12080325120
NVIDIA GeForce RTX 5090,rna004_130bps_fast@v5.2.0,3648,3.1413e+08,12271937024
NVIDIA GeForce RTX 5090,rna004_130bps_fast@v5.2.0,3712,3.19992e+08,12473530880
NVIDIA GeForce RTX 5090,rna004_130bps_fast@v5.2.0,3776,3.10541e+08,12670666240
NVIDIA GeForce RTX 5090,rna004_130bps_fast@v5.2.0,3840,3.21602e+08,12861510144
NVIDIA GeForce RTX 5090,rna004_130bps_fast@v5.2.0,3904,3.27538e+08,13059356160
NVIDIA GeForce RTX 5090,rna004_130bps_fast@v5.2.0,3968,3.18159e+08,13255162368
NVIDIA GeForce RTX 5090,rna004_130bps_fast@v5.2.0,4032,3.25141e+08,13455013376
NVIDIA GeForce RTX 5090,rna004_130bps_fast@v5.2.0,4096,3.19144e+08,13650051584
NVIDIA GeForce RTX 5090,rna004_130bps_fast@v5.2.0,4160,2.86179e+08,13845089792
NVIDIA GeForce RTX 5090,rna004_130bps_fast@v5.2.0,4224,3.13776e+08,14042581504
NVIDIA GeForce RTX 5090,rna004_130bps_fast@v5.2.0,4288,3.2684e+08,14238387712
NVIDIA GeForce RTX 5090,rna004_130bps_fast@v5.2.0,4352,3.23913e+08,14434193920
NVIDIA GeForce RTX 5090,rna004_130bps_fast@v5.2.0,4416,3.18393e+08,14650408448
NVIDIA GeForce RTX 5090,rna004_130bps_fast@v5.2.0,4480,3.21486e+08,14828669440
NVIDIA GeForce RTX 5090,rna004_130bps_fast@v5.2.0,4544,3.25391e+08,15044679168
NVIDIA GeForce RTX 5090,rna004_130bps_fast@v5.2.0,4608,3.22929e+08,15237620224
NVIDIA GeForce RTX 5090,rna004_130bps_fast@v5.2.0,4672,3.19874e+08,15436852736
NVIDIA GeForce RTX 5090,rna004_130bps_fast@v5.2.0,4736,3.23216e+08,15617210880
NVIDIA GeForce RTX 5090,rna004_130bps_fast@v5.2.0,4800,3.25989e+08,15826929152
NVIDIA GeForce RTX 5090,rna004_130bps_fast@v5.2.0,4864,3.11078e+08,16007287296
NVIDIA GeForce RTX 5090,rna004_130bps_fast@v5.2.0,4928,3.25918e+08,16221199872
NVIDIA GeForce RTX 5090,rna004_130bps_fast@v5.2.0,4992,3.28766e+08,16403655168
NVIDIA GeForce RTX 5090,rna004_130bps_fast@v5.2.0,5056,3.19943e+08,16598693376
NVIDIA GeForce RTX 5090,rna004_130bps_fast@v5.2.0,5120,3.36932e+08,16789537280
NVIDIA GeForce RTX 5090,rna004_130bps_fast@v5.2.0,5184,3.26639e+08,16988769792
NVIDIA GeForce RTX 5090,rna004_130bps_fast@v5.2.0,5248,3.19148e+08,17190099456
NVIDIA GeForce RTX 5090,rna004_130bps_fast@v5.2.0,5312,3.27747e+08,17383040512
NVIDIA GeForce RTX 5090,rna004_130bps_fast@v5.2.0,5376,3.33091e+08,17580175872
NVIDIA GeForce RTX 5090,rna004_130bps_fast@v5.2.0,5440,3.37554e+08,17773116928
NVIDIA GeForce RTX 5090,rna004_130bps_fast@v5.2.0,5504,3.12591e+08,17970252288
NVIDIA GeForce RTX 5090,rna004_130bps_fast@v5.2.0,5568,3.27161e+08,18169484800
NVIDIA GeForce RTX 5090,rna004_130bps_fast@v5.2.0,5632,3.24677e+08,18364523008
NVIDIA GeForce RTX 5090,rna004_130bps_fast@v5.2.0,5696,3.20854e+08,18559561216
NVIDIA GeForce RTX 5090,rna004_130bps_fast@v5.2.0,5760,3.36818e+08,18754599424
NVIDIA GeForce RTX 5090,rna004_130bps_fast@v5.2.0,5824,3.3578e+08,18951734784
NVIDIA GeForce RTX 5090,rna004_130bps_fast@v5.2.0,5888,3.40965e+08,19150967296
NVIDIA GeForce RTX 5090,rna004_130bps_fast@v5.2.0,5952,3.23253e+08,19346005504
NVIDIA GeForce RTX 5090,rna004_130bps_fast@v5.2.0,6016,3.37458e+08,19543140864
NVIDIA GeForce RTX 5090,rna004_130bps_fast@v5.2.0,6080,3.40045e+08,19738179072
NVIDIA GeForce RTX 5090,rna004_130bps_fast@v5.2.0,6144,3.3231e+08,19935314432
NVIDIA GeForce RTX 5090,rna004_130bps_fast@v5.2.0,6208,3.33011e+08,20130352640
NVIDIA GeForce RTX 5090,rna004_130bps_fast@v5.2.0,6272,3.37836e+08,20325390848
NVIDIA GeForce RTX 5090,rna004_130bps_fast@v5.2.0,6336,3.2998e+08,20526720512
NVIDIA GeForce RTX 5090,rna004_130bps_fast@v5.2.0,6400,3.31188e+08,20721758720
NVIDIA GeForce RTX 5090,rna004_130bps_fast@v5.2.0,6464,3.36808e+08,20916796928
NVIDIA GeForce RTX 5090,rna004_130bps_fast@v5.2.0,6528,3.37536e+08,21111835136
NVIDIA GeForce RTX 5090,rna004_130bps_fast@v5.2.0,6592,3.33088e+08,21308970496
NVIDIA GeForce RTX 5090,rna004_130bps_fast@v5.2.0,6656,3.36904e+08,21508203008
NVIDIA GeForce RTX 5090,rna004_130bps_fast@v5.2.0,6720,3.34832e+08,21705338368
NVIDIA GeForce RTX 5090,rna004_130bps_fast@v5.2.0,6784,3.38317e+08,21898279424
NVIDIA GeForce RTX 5090,rna004_130bps_fast@v5.2.0,6848,3.3044e+08,22097511936
NVIDIA GeForce RTX 5090,rna004_130bps_fast@v5.2.0,6912,3.23741e+08,22288355840
NVIDIA GeForce RTX 5090,rna004_130bps_fast@v5.2.0,6976,3.1887e+08,22485491200
NVIDIA GeForce RTX 5090,rna004_130bps_fast@v5.2.0,7040,3.01303e+08,22686820864
NVIDIA GeForce RTX 5090,rna004_130bps_fast@v5.2.0,7104,3.04799e+08,22879761920
NVIDIA GeForce RTX 5090,rna004_130bps_fast@v5.2.0,7168,3.03188e+08,23078994432
NVIDIA GeForce RTX 5090,rna004_130bps_fast@v5.2.0,7232,3.00852e+08,23269838336
NVIDIA GeForce RTX 5090,rna004_130bps_fast@v5.2.0,7296,3.34629e+08,23466973696
NVIDIA GeForce RTX 5090,rna004_130bps_fast@v5.2.0,7360,3.24759e+08,23670400512
NVIDIA GeForce RTX 5090,rna004_130bps_fast@v5.2.0,7424,3.30104e+08,23863341568
NVIDIA GeForce RTX 5090,rna004_130bps_fast@v5.2.0,7488,3.26571e+08,24075156992
NVIDIA GeForce RTX 5090,rna004_130bps_fast@v5.2.0,7552,3.09694e+08,24257612288
NVIDIA GeForce RTX 5090,rna004_130bps_fast@v5.2.0,7616,3.22068e+08,24450553344
NVIDIA GeForce RTX 5090,rna004_130bps_fast@v5.2.0,7680,3.21315e+08,24647688704
NVIDIA GeForce RTX 5090,rna004_130bps_fast@v5.2.0,7744,3.23749e+08,24844824064
NVIDIA GeForce RTX 5090,rna004_130bps_fast@v5.2.0,7808,3.17919e+08,25039862272
NVIDIA GeForce RTX 5090,rna004_130bps_fast@v5.2.0,7872,3.08061e+08,25241191936
NVIDIA GeForce RTX 5090,rna004_130bps_fast@v5.2.0,7936,3.37785e+08,25432035840
NVIDIA GeForce RTX 5090,rna004_130bps_fast@v5.2.0,8000,3.32176e+08,25629171200
NVIDIA GeForce RTX 5090,rna004_130bps_fast@v5.2.0,8064,3.16922e+08,25826306560
NVIDIA GeForce RTX 5090,rna004_130bps_fast@v5.2.0,8128,3.15455e+08,26025539072
NVIDIA GeForce RTX 5090,rna004_130bps_fast@v5.2.0,8192,3.09379e+08,26220577280
NVIDIA GeForce RTX 5090,rna004_130bps_fast@v5.2.0,8256,2.96422e+08,26413518336
NVIDIA GeForce RTX 5090,rna004_130bps_fast@v5.2.0,8320,3.02856e+08,26577099264
NVIDIA GeForce RTX 5090,rna004_130bps_fast@v5.2.0,8384,2.90324e+08,26736485888
NVIDIA GeForce RTX 5090,rna004_130bps_fast@v5.2.0,8448,3.05785e+08,26906358272
NVIDIA GeForce RTX 5090,rna004_130bps_fast@v5.2.0,8512,2.98167e+08,27067842048
NVIDIA GeForce RTX 5090,rna004_130bps_fast@v5.2.0,8576,3.16865e+08,27229325824
NVIDIA GeForce RTX 5090,rna004_130bps_fast@v5.2.0,8640,3.10013e+08,27390809600
NVIDIA GeForce RTX 5090,rna004_130bps_fast@v5.2.0,8704,2.92026e+08,27556487680
NVIDIA GeForce RTX 5090,rna004_130bps_fast@v5.2.0,8768,3.07525e+08,27720068608
NVIDIA GeForce RTX 5090,rna004_130bps_fast@v5.2.0,8832,3.1105e+08,27881552384
NVIDIA GeForce RTX 5090,rna004_130bps_fast@v5.2.0,8896,3.04168e+08,28040939008
NVIDIA GeForce RTX 5090,rna004_130bps_fast@v5.2.0,8960,3.10898e+08,28206617088
NVIDIA GeForce RTX 5090,rna004_130bps_fast@v5.2.0,9024,3.11992e+08,28370198016
NVIDIA GeForce RTX 5090,rna004_130bps_fast@v5.2.0,9088,2.95645e+08,28533778944
NVIDIA GeForce RTX 5090,rna004_130bps_fast@v5.2.0,9152,2.8039e+08,28697359872
NVIDIA GeForce RTX 5090,rna004_130bps_fast@v5.2.0,9216,3.17984e+08,29041295872
NVIDIA GeForce RTX 5090,rna004_130bps_fast@v5.2.0,9280,3.28413e+08,29022424576
NVIDIA GeForce RTX 5090,rna004_130bps_fast@v5.2.0,9344,3.17498e+08,29183908352
NVIDIA GeForce RTX 5090,rna004_130bps_fast@v5.2.0,9408,2.82663e+08,29343294976
NVIDIA GeForce RTX 5090,rna004_130bps_fast@v5.2.0,9472,2.89165e+08,29513167360
NVIDIA GeForce RTX 5090,rna004_130bps_fast@v5.2.0,9536,3.10772e+08,29670456832
NVIDIA GeForce RTX 5090,rna004_130bps_fast@v5.2.0,9600,3.21135e+08,29834037760
NVIDIA GeForce RTX 5090,rna004_130bps_fast@v5.2.0,9664,3.15702e+08,29997618688
NVIDIA GeForce RTX 5090,rna004_130bps_fast@v5.2.0,9728,2.81003e+08,30159102464
NVIDIA GeForce RTX 5090,rna004_130bps_fast@v5.2.0,9792,2.967e+08,30324780544
NVIDIA GeForce RTX 5090,rna004_130bps_fast@v5.2.0,9856,3.07072e+08,30486264320
NVIDIA GeForce RTX 5090,rna004_130bps_fast@v5.2.0,9920,3.19924e+08,30647748096
NVIDIA GeForce RTX 5090,rna004_130bps_fast@v5.2.0,9984,2.87627e+08,30815523328
NVIDIA GeForce RTX 5090,rna004_130bps_fast@v5.2.0,10048,3.17926e+08,30972812800
NVIDIA GeForce RTX 5090,rna004_130bps_fast@v5.2.0,10112,3.19496e+08,31134296576
NVIDIA GeForce RTX 5090,rna004_130bps_fast@v5.2.0,10176,3.26004e+08,31304168960
NVIDIA GeForce RTX 5090,rna004_130bps_fast@v5.2.0,10240,3.10274e+08,31463555584
NVIDIA GeForce RTX 5090,rna004_fast@v6.0.0,64,3.99108e+07,1240121344
NVIDIA GeForce RTX 5090,rna004_fast@v6.0.0,128,6.57622e+07,1405550592
NVIDIA GeForce RTX 5090,rna004_fast@v6.0.0,192,9.16209e+07,1568563200
NVIDIA GeForce RTX 5090,rna004_fast@v6.0.0,256,1.16561e+08,1733671424
NVIDIA GeForce RTX 5090,rna004_fast@v6.0.0,320,1.39177e+08,1896684032
NVIDIA GeForce RTX 5090,rna004_fast@v6.0.0,384,1.55422e+08,2061793280
NVIDIA GeForce RTX 5090,rna004_fast@v6.0.0,448,1.7675e+08,2224805888
NVIDIA GeForce RTX 5090,rna004_fast@v6.0.0,512,1.87653e+08,2389914112
NVIDIA GeForce RTX 5090,rna004_fast@v6.0.0,576,2.05273e+08,2552926720
NVIDIA GeForce RTX 5090,rna004_fast@v6.0.0,640,2.20201e+08,2718035968
NVIDIA GeForce RTX 5090,rna004_fast@v6.0.0,704,2.22468e+08,2882259968
NVIDIA GeForce RTX 5090,rna004_fast@v6.0.0,768,2.35025e+08,3046156800
NVIDIA GeForce RTX 5090,rna004_fast@v6.0.0,832,2.4627e+08,3209457152
NVIDIA GeForce RTX 5090,rna004_fast@v6.0.0,896,2.56264e+08,3376267264
NVIDIA GeForce RTX 5090,rna004_fast@v6.0.0,960,2.66691e+08,3539388416
NVIDIA GeForce RTX 5090,rna004_fast@v6.0.0,1024,2.74541e+08,3703398912
NVIDIA GeForce RTX 5090,rna004_fast@v6.0.0,1088,2.82407e+08,3867509248
NVIDIA GeForce RTX 5090,rna004_fast@v6.0.0,1152,2.90102e+08,4028499968
NVIDIA GeForce RTX 5090,rna004_fast@v6.0.0,1216,2.9411e+08,4195952128
NVIDIA GeForce RTX 5090,rna004_fast@v6.0.0,1280,2.98881e+08,4356545024
NVIDIA GeForce RTX 5090,rna004_fast@v6.0.0,1344,3.03556e+08,4522442240
NVIDIA GeForce RTX 5090,rna004_fast@v6.0.0,1408,2.86982e+08,4684666880
NVIDIA GeForce RTX 5090,rna004_fast@v6.0.0,1472,2.93953e+08,4853834752
NVIDIA GeForce RTX 5090,rna004_fast@v6.0.0,1536,2.97627e+08,5014286848
NVIDIA GeForce RTX 5090,rna004_fast@v6.0.0,1600,3.00338e+08,5181031936
NVIDIA GeForce RTX 5090,rna004_fast@v6.0.0,1664,3.06007e+08,5341485056
NVIDIA GeForce RTX 5090,rna004_fast@v6.0.0,1728,3.1047e+08,5509042176
NVIDIA GeForce RTX 5090,rna004_fast@v6.0.0,1792,3.12237e+08,5672942592
NVIDIA GeForce RTX 5090,rna004_fast@v6.0.0,1856,3.18362e+08,5835634176
NVIDIA GeForce RTX 5090,rna004_fast@v6.0.0,1920,3.22412e+08,6002171904
NVIDIA GeForce RTX 5090,rna004_fast@v6.0.0,1984,3.2422e+08,6162625536
NVIDIA GeForce RTX 5090,rna004_fast@v6.0.0,2048,3.18472e+08,6330892800
NVIDIA GeForce RTX 5090,rna004_fast@v6.0.0,2112,3.20144e+08,6494614016
NVIDIA GeForce RTX 5090,rna004_fast@v6.0.0,2176,3.25311e+08,6656737792
NVIDIA GeForce RTX 5090,rna004_fast@v6.0.0,2240,3.26122e+08,6821215232
NVIDIA GeForce RTX 5090,rna004_fast@v6.0.0,2304,3.30542e+08,6981667328
NVIDIA GeForce RTX 5090,rna004_fast@v6.0.0,2368,3.30208e+08,7148797440
NVIDIA GeForce RTX 5090,rna004_fast@v6.0.0,2432,3.35309e+08,7314475520
NVIDIA GeForce RTX 5090,rna004_fast@v6.0.0,2496,3.38255e+08,7473862144
NVIDIA GeForce RTX 5090,rna004_fast@v6.0.0,2560,3.38466e+08,7640257024
NVIDIA GeForce RTX 5090,rna004_fast@v6.0.0,2624,3.41627e+08,7804904960
NVIDIA GeForce RTX 5090,rna004_fast@v6.0.0,2688,3.42992e+08,7968406016
NVIDIA GeForce RTX 5090,rna004_fast@v6.0.0,2752,3.34993e+08,8136574464
NVIDIA GeForce RTX 5090,rna004_fast@v6.0.0,2816,3.3691e+08,8295961088
NVIDIA GeForce RTX 5090,rna004_fast@v6.0.0,2880,3.38589e+08,8461968896
NVIDIA GeForce RTX 5090,rna004_fast@v6.0.0,2944,3.36354e+08,8626044928
NVIDIA GeForce RTX 5090,rna004_fast@v6.0.0,3008,3.36458e+08,8789509632
NVIDIA GeForce RTX 5090,rna004_fast@v6.0.0,3072,3.38904e+08,8953729536
NVIDIA GeForce RTX 5090,rna004_fast@v6.0.0,3136,3.3759e+08,9115853312
NVIDIA GeForce RTX 5090,rna004_fast@v6.0.0,3200,3.38706e+08,9282007040
NVIDIA GeForce RTX 5090,rna004_fast@v6.0.0,3264,3.38462e+08,9448112128
NVIDIA GeForce RTX 5090,rna004_fast@v6.0.0,3328,3.38566e+08,9608802816
NVIDIA GeForce RTX 5090,rna004_fast@v6.0.0,3392,3.38811e+08,9772736000
NVIDIA GeForce RTX 5090,rna004_fast@v6.0.0,3456,3.40288e+08,9932762624
NVIDIA GeForce RTX 5090,rna004_fast@v6.0.0,3520,3.38143e+08,10099483648
NVIDIA GeForce RTX 5090,rna004_fast@v6.0.0,3584,3.29793e+08,10266053120
NVIDIA GeForce RTX 5090,rna004_fast@v6.0.0,3648,3.28632e+08,10428804608
NVIDIA GeForce RTX 5090,rna004_fast@v6.0.0,3712,3.34078e+08,10594482688
NVIDIA GeForce RTX 5090,rna004_fast@v6.0.0,3776,3.33389e+08,10753882112
NVIDIA GeForce RTX 5090,rna004_fast@v6.0.0,3840,3.31065e+08,10920622592
NVIDIA GeForce RTX 5090,rna004_fast@v6.0.0,3904,3.36683e+08,11085270528
NVIDIA GeForce RTX 5090,rna004_fast@v6.0.0,3968,3.33848e+08,11248625152
NVIDIA GeForce RTX 5090,rna004_fast@v6.0.0,4032,3.31199e+08,11414484480
NVIDIA GeForce RTX 5090,rna004_fast@v6.0.0,4096,3.28356e+08,11580211712
NVIDIA GeForce RTX 5090,rna004_fast@v6.0.0,4160,3.26861e+08,11740025344
NVIDIA GeForce RTX 5090,rna004_fast@v6.0.0,4224,3.31731e+08,11906410496
NVIDIA GeForce RTX 5090,rna004_fast@v6.0.0,4288,3.35854e+08,12067631616
NVIDIA GeForce RTX 5090,rna004_fast@v6.0.0,4352,3.31752e+08,12233948672
NVIDIA GeForce RTX 5090,rna004_fast@v6.0.0,4416,3.28081e+08,12402261504
NVIDIA GeForce RTX 5090,rna004_fast@v6.0.0,4480,3.32707e+08,12563745280
NVIDIA GeForce RTX 5090,rna004_fast@v6.0.0,4544,3.38636e+08,12725229056
NVIDIA GeForce RTX 5090,rna004_fast@v6.0.0,4608,3.34729e+08,12886712832
NVIDIA GeForce RTX 5090,rna004_fast@v6.0.0,4672,3.39398e+08,13052955136
NVIDIA GeForce RTX 5090,rna004_fast@v6.0.0,4736,3.34355e+08,13219273216
NVIDIA GeForce RTX 5090,rna004_fast@v6.0.0,4800,3.26688e+08,13381396992
NVIDIA GeForce RTX 5090,rna004_fast@v6.0.0,4864,3.34046e+08,13547328000
NVIDIA GeForce RTX 5090,rna004_fast@v6.0.0,4928,3.3674e+08,13708811776
NVIDIA GeForce RTX 5090,rna004_fast@v6.0.0,4992,3.32964e+08,13872392704
NVIDIA GeForce RTX 5090,rna004_fast@v6.0.0,5056,3.35961e+08,14040376832
NVIDIA GeForce RTX 5090,rna004_fast@v6.0.0,5120,3.31505e+08,14200402432
NVIDIA GeForce RTX 5090,rna004_fast@v6.0.0,5184,3.32665e+08,14366720512
NVIDIA GeForce RTX 5090,rna004_fast@v6.0.0,5248,3.39158e+08,14533007872
NVIDIA GeForce RTX 5090,rna004_fast@v6.0.0,5312,3.42328e+08,14694491648
NVIDIA GeForce RTX 5090,rna004_fast@v6.0.0,5376,3.36066e+08,14860169728
NVIDIA GeForce RTX 5090,rna004_fast@v6.0.0,5440,3.39294e+08,15021653504
NVIDIA GeForce RTX 5090,rna004_fast@v6.0.0,5504,3.34145e+08,15187824128
NVIDIA GeForce RTX 5090,rna004_fast@v6.0.0,5568,3.36557e+08,15352045056
NVIDIA GeForce RTX 5090,rna004_fast@v6.0.0,5632,3.39909e+08,15514167808
NVIDIA GeForce RTX 5090,rna004_fast@v6.0.0,5696,3.34255e+08,15680171520
NVIDIA GeForce RTX 5090,rna004_fast@v6.0.0,5760,3.3674e+08,15841655296
NVIDIA GeForce RTX 5090,rna004_fast@v6.0.0,5824,3.40806e+08,16005236224
NVIDIA GeForce RTX 5090,rna004_fast@v6.0.0,5888,3.32653e+08,16175108608
NVIDIA GeForce RTX 5090,rna004_fast@v6.0.0,5952,3.36396e+08,16334495232
NVIDIA GeForce RTX 5090,rna004_fast@v6.0.0,6016,3.40947e+08,16502270464
NVIDIA GeForce RTX 5090,rna004_fast@v6.0.0,6080,3.32356e+08,16661657088
NVIDIA GeForce RTX 5090,rna004_fast@v6.0.0,6144,3.34756e+08,16827335168
NVIDIA GeForce RTX 5090,rna004_fast@v6.0.0,6208,3.37783e+08,16990916096
NVIDIA GeForce RTX 5090,rna004_fast@v6.0.0,6272,3.29548e+08,17152399872
NVIDIA GeForce RTX 5090,rna004_fast@v6.0.0,6336,3.35145e+08,17322272256
NVIDIA GeForce RTX 5090,rna004_fast@v6.0.0,6400,3.36253e+08,17487950336
NVIDIA GeForce RTX 5090,rna004_fast@v6.0.0,6464,3.27035e+08,17649434112
NVIDIA GeForce RTX 5090,rna004_fast@v6.0.0,6528,3.32303e+08,17813015040
NVIDIA GeForce RTX 5090,rna004_fast@v6.0.0,6592,3.33741e+08,17974498816
NVIDIA GeForce RTX 5090,rna004_fast@v6.0.0,6656,3.36568e+08,18140176896
NVIDIA GeForce RTX 5090,rna004_fast@v6.0.0,6720,3.40001e+08,18310049280
NVIDIA GeForce RTX 5090,rna004_fast@v6.0.0,6784,3.30511e+08,18467338752
NVIDIA GeForce RTX 5090,rna004_fast@v6.0.0,6848,3.3326e+08,18633016832
NVIDIA GeForce RTX 5090,rna004_fast@v6.0.0,6912,3.37768e+08,18792403456
NVIDIA GeForce RTX 5090,rna004_fast@v6.0.0,6976,3.16477e+08,18960178688
NVIDIA GeForce RTX 5090,rna004_fast@v6.0.0,7040,3.30318e+08,19123759616
NVIDIA GeForce RTX 5090,rna004_fast@v6.0.0,7104,3.31227e+08,19285243392
NVIDIA GeForce RTX 5090,rna004_fast@v6.0.0,7168,3.2157e+08,19453018624
NVIDIA GeForce RTX 5090,rna004_fast@v6.0.0,7232,3.23783e+08,19614502400
NVIDIA GeForce RTX 5090,rna004_fast@v6.0.0,7296,3.27494e+08,19782277632
NVIDIA GeForce RTX 5090,rna004_fast@v6.0.0,7360,3.29105e+08,19945858560
NVIDIA GeForce RTX 5090,rna004_fast@v6.0.0,7424,3.31828e+08,20107342336
NVIDIA GeForce RTX 5090,rna004_fast@v6.0.0,7488,3.22415e+08,20270923264
NVIDIA GeForce RTX 5090,rna004_fast@v6.0.0,7552,3.22409e+08,20434504192
NVIDIA GeForce RTX 5090,rna004_fast@v6.0.0,7616,3.26087e+08,20602279424
NVIDIA GeForce RTX 5090,rna004_fast@v6.0.0,7680,3.2854e+08,20767957504
NVIDIA GeForce RTX 5090,rna004_fast@v6.0.0,7744,3.3135e+08,20927344128
NVIDIA GeForce RTX 5090,rna004_fast@v6.0.0,7808,3.35108e+08,21093022208
NVIDIA GeForce RTX 5090,rna004_fast@v6.0.0,7872,3.35583e+08,21258700288
NVIDIA GeForce RTX 5090,rna004_fast@v6.0.0,7936,3.25967e+08,21418086912
NVIDIA GeForce RTX 5090,rna004_fast@v6.0.0,8000,3.25747e+08,21585862144
NVIDIA GeForce RTX 5090,rna004_fast@v6.0.0,8064,3.28918e+08,21747345920
NVIDIA GeForce RTX 5090,rna004_fast@v6.0.0,8128,3.32244e+08,21910926848
NVIDIA GeForce RTX 5090,rna004_fast@v6.0.0,8192,3.32632e+08,22078702080
NVIDIA GeForce RTX 5090,rna004_fast@v6.0.0,8256,3.19958e+08,22240185856
NVIDIA GeForce RTX 5090,rna004_fast@v6.0.0,8320,3.2331e+08,22370212352
NVIDIA GeForce RTX 5090,rna004_fast@v6.0.0,8384,3.25075e+08,22498141696
NVIDIA GeForce RTX 5090,rna004_fast@v6.0.0,8448,3.2478e+08,22632362496
NVIDIA GeForce RTX 5090,rna004_fast@v6.0.0,8512,3.27238e+08,22766583296
NVIDIA GeForce RTX 5090,rna004_fast@v6.0.0,8576,3.33578e+08,22892415488
NVIDIA GeForce RTX 5090,rna004_fast@v6.0.0,8640,3.35965e+08,23024539136
NVIDIA GeForce RTX 5090,rna004_fast@v6.0.0,8704,3.21054e+08,23150371328
NVIDIA GeForce RTX 5090,rna004_fast@v6.0.0,8768,3.24556e+08,23282494976
NVIDIA GeForce RTX 5090,rna004_fast@v6.0.0,8832,3.24905e+08,23418812928
NVIDIA GeForce RTX 5090,rna004_fast@v6.0.0,8896,3.29013e+08,23546742272
NVIDIA GeForce RTX 5090,rna004_fast@v6.0.0,8960,3.29621e+08,23676768768
NVIDIA GeForce RTX 5090,rna004_fast@v6.0.0,9024,3.32644e+08,23808892416
NVIDIA GeForce RTX 5090,rna004_fast@v6.0.0,9088,3.33683e+08,23932627456
NVIDIA GeForce RTX 5090,rna004_fast@v6.0.0,9152,3.19367e+08,24066848256
NVIDIA GeForce RTX 5090,rna004_fast@v6.0.0,9216,3.21256e+08,24194777600
NVIDIA GeForce RTX 5090,rna004_fast@v6.0.0,9280,3.2333e+08,24328998400
NVIDIA GeForce RTX 5090,rna004_fast@v6.0.0,9344,3.26993e+08,24461122048
NVIDIA GeForce RTX 5090,rna004_fast@v6.0.0,9408,3.29751e+08,24586954240
NVIDIA GeForce RTX 5090,rna004_fast@v6.0.0,9472,3.30324e+08,24721175040
NVIDIA GeForce RTX 5090,rna004_fast@v6.0.0,9536,3.29776e+08,24847007232
NVIDIA GeForce RTX 5090,rna004_fast@v6.0.0,9600,3.18973e+08,24979130880
NVIDIA GeForce RTX 5090,rna004_fast@v6.0.0,9664,3.18644e+08,25113351680
NVIDIA GeForce RTX 5090,rna004_fast@v6.0.0,9728,3.19759e+08,25241281024
NVIDIA GeForce RTX 5090,rna004_fast@v6.0.0,9792,3.22868e+08,25373404672
NVIDIA GeForce RTX 5090,rna004_fast@v6.0.0,9856,3.25424e+08,25501334016
NVIDIA GeForce RTX 5090,rna004_fast@v6.0.0,9920,3.25999e+08,25631360512
NVIDIA GeForce RTX 5090,rna004_fast@v6.0.0,9984,3.28338e+08,25763484160
NVIDIA GeForce RTX 5090,rna004_fast@v6.0.0,10048,3.30478e+08,25891413504
NVIDIA GeForce RTX 5090,rna004_fast@v6.0.0,10112,3.26241e+08,26027731456
NVIDIA GeForce RTX 5090,rna004_fast@v6.0.0,10176,3.33365e+08,26157757952
NVIDIA GeForce RTX 5090,rna004_fast@v6.0.0,10240,3.0418e+08,26489111040
NVIDIA GeForce RTX 5090,rna004_130bps_hac@v5.1.0,64,1.37646e+07,490525696
NVIDIA GeForce RTX 5090,rna004_130bps_hac@v5.1.0,128,2.50279e+07,958452736
NVIDIA GeForce RTX 5090,rna004_130bps_hac@v5.1.0,192,3.56611e+07,1426131456
NVIDIA GeForce RTX 5090,rna004_130bps_hac@v5.1.0,256,4.60006e+07,1893841920
NVIDIA GeForce RTX 5090,rna004_130bps_hac@v5.1.0,320,5.54655e+07,2367589376
NVIDIA GeForce RTX 5090,rna004_130bps_hac@v5.1.0,384,6.57559e+07,2836156416
NVIDIA GeForce RTX 5090,rna004_130bps_hac@v5.1.0,448,7.41732e+07,3305646080
NVIDIA GeForce RTX 5090,rna004_130bps_hac@v5.1.0,512,7.54697e+07,3776925184
NVIDIA GeForce RTX 5090,rna004_130bps_hac@v5.1.0,576,8.26609e+07,4243138048
NVIDIA GeForce RTX 5090,rna004_130bps_hac@v5.1.0,640,8.96385e+07,4711847936
NVIDIA GeForce RTX 5090,rna004_130bps_hac@v5.1.0,704,9.46328e+07,5181683200
NVIDIA GeForce RTX 5090,rna004_130bps_hac@v5.1.0,768,9.82705e+07,5649545728
NVIDIA GeForce RTX 5090,rna004_130bps_hac@v5.1.0,832,1.07747e+08,6122869760
NVIDIA GeForce RTX 5090,rna004_130bps_hac@v5.1.0,896,1.13089e+08,6594695680
NVIDIA GeForce RTX 5090,rna004_130bps_hac@v5.1.0,960,9.17785e+07,7054742528
NVIDIA GeForce RTX 5090,rna004_130bps_hac@v5.1.0,1024,9.26973e+07,7526582784
NVIDIA GeForce RTX 5090,rna004_130bps_hac@v5.1.0,1088,9.63336e+07,7967962112
NVIDIA GeForce RTX 5090,rna004_130bps_hac@v5.1.0,1152,9.96587e+07,8463754240
NVIDIA GeForce RTX 5090,rna004_130bps_hac@v5.1.0,1216,1.02463e+08,8933652480
NVIDIA GeForce RTX 5090,rna004_130bps_hac@v5.1.0,1280,1.07774e+08,9401946112
NVIDIA GeForce RTX 5090,rna004_130bps_hac@v5.1.0,1344,1.13434e+08,9873080320
NVIDIA GeForce RTX 5090,rna004_130bps_hac@v5.1.0,1408,1.13036e+08,10350229504
NVIDIA GeForce RTX 5090,rna004_130bps_hac@v5.1.0,1472,1.16299e+08,10814358528
NVIDIA GeForce RTX 5090,rna004_130bps_hac@v5.1.0,1536,1.15849e+08,11281164288
NVIDIA GeForce RTX 5090,rna004_130bps_hac@v5.1.0,1600,1.19317e+08,11749094912
NVIDIA GeForce RTX 5090,rna004_130bps_hac@v5.1.0,1664,1.27186e+08,12215197184
NVIDIA GeForce RTX 5090,rna004_130bps_hac@v5.1.0,1728,1.23119e+08,12691320832
NVIDIA GeForce RTX 5090,rna004_130bps_hac@v5.1.0,1792,1.21114e+08,13157543424
NVIDIA GeForce RTX 5090,rna004_130bps_hac@v5.1.0,1856,1.1445e+08,13583006208
NVIDIA GeForce RTX 5090,rna004_130bps_hac@v5.1.0,1920,1.16276e+08,14092926464
NVIDIA GeForce RTX 5090,rna004_130bps_hac@v5.1.0,1984,1.18265e+08,14566213120
NVIDIA GeForce RTX 5090,rna004_130bps_hac@v5.1.0,2048,1.12359e+08,15031776768
NVIDIA GeForce RTX 5090,rna004_130bps_hac@v5.1.0,2112,1.21185e+08,15507368448
NVIDIA GeForce RTX 5090,rna004_130bps_hac@v5.1.0,2176,1.27275e+08,15968156672
NVIDIA GeForce RTX 5090,rna004_130bps_hac@v5.1.0,2240,1.19855e+08,16449308160
NVIDIA GeForce RTX 5090,rna004_130bps_hac@v5.1.0,2304,1.29277e+08,16903561216
NVIDIA GeForce RTX 5090,rna004_130bps_hac@v5.1.0,2368,1.2624e+08,17373194240
NVIDIA GeForce RTX 5090,rna004_130bps_hac@v5.1.0,2432,1.36255e+08,17844920832
NVIDIA GeForce RTX 5090,rna004_130bps_hac@v5.1.0,2496,1.33542e+08,18323392512
NVIDIA GeForce RTX 5090,rna004_130bps_hac@v5.1.0,2560,1.31424e+08,18795427328
NVIDIA GeForce RTX 5090,rna004_130bps_hac@v5.1.0,2624,1.37261e+08,19256304128
NVIDIA GeForce RTX 5090,rna004_130bps_hac@v5.1.0,2688,1.41689e+08,19717743616
NVIDIA GeForce RTX 5090,rna004_130bps_hac@v5.1.0,2752,1.40916e+08,20196455424
NVIDIA GeForce RTX 5090,rna004_130bps_hac@v5.1.0,2816,1.44662e+08,20658306048
NVIDIA GeForce RTX 5090,rna004_130bps_hac@v5.1.0,2880,1.42587e+08,21062941184
NVIDIA GeForce RTX 5090,rna004_130bps_hac@v5.1.0,2944,1.48334e+08,21602500096
NVIDIA GeForce RTX 5090,rna004_130bps_hac@v5.1.0,3008,1.42585e+08,21994117632
NVIDIA GeForce RTX 5090,rna004_130bps_hac@v5.1.0,3072,1.37941e+08,22457029120
NVIDIA GeForce RTX 5090,rna004_130bps_hac@v5.1.0,3136,1.48639e+08,22923400192
NVIDIA GeForce RTX 5090,rna004_130bps_hac@v5.1.0,3200,1.15125e+08,23420936704
NVIDIA GeForce RTX 5090,rna004_130bps_hac@v5.1.0,3264,1.3203e+08,23859497472
NVIDIA GeForce RTX 5090,rna004_130bps_hac@v5.1.0,3328,1.57456e+08,24345406464
NVIDIA GeForce RTX 5090,rna004_130bps_hac@v5.1.0,3392,1.52681e+08,24811437056
NVIDIA GeForce RTX 5090,rna004_130bps_hac@v5.1.0,3456,1.55967e+08,25267729408
NVIDIA GeForce RTX 5090,rna004_130bps_hac@v5.1.0,3520,1.5395e+08,25727993344
NVIDIA GeForce RTX 5090,rna004_130bps_hac@v5.1.0,3584,1.5106e+08,26195260928
NVIDIA GeForce RTX 5090,rna004_130bps_hac@v5.1.0,3648,1.2667e+08,26677979648
NVIDIA GeForce RTX 5090,rna004_130bps_hac@v5.1.0,3712,1.19132e+08,27164484608
NVIDIA GeForce RTX 5090,rna004_130bps_hac@v5.1.0,3776,1.29104e+08,27698255872
NVIDIA GeForce RTX 5090,rna004_130bps_hac@v5.1.0,3840,1.28192e+08,28152214528
NVIDIA GeForce RTX 5090,rna004_130bps_hac@v5.1.0,3904,1.29987e+08,28559007232
NVIDIA GeForce RTX 5090,rna004_130bps_hac@v5.1.0,3968,1.27948e+08,29030795776
NVIDIA GeForce RTX 5090,rna004_130bps_hac@v5.1.0,4032,1.3522e+08,29037478912
NVIDIA GeForce RTX 5090,rna004_130bps_hac@v5.2.0,64,1.31277e+07,490371072
NVIDIA GeForce RTX 5090,rna004_130bps_hac@v5.2.0,128,2.39562e+07,958020608
NVIDIA GeForce RTX 5090,rna004_130bps_hac@v5.2.0,192,3.42195e+07,1425080320
NVIDIA GeForce RTX 5090,rna004_130bps_hac@v5.2.0,256,4.39977e+07,1893723648
NVIDIA GeForce RTX 5090,rna004_130bps_hac@v5.2.0,320,5.33562e+07,2361596928
NVIDIA GeForce RTX 5090,rna004_130bps_hac@v5.2.0,384,6.29286e+07,2836769280
NVIDIA GeForce RTX 5090,rna004_130bps_hac@v5.2.0,448,7.14571e+07,3299258368
NVIDIA GeForce RTX 5090,rna004_130bps_hac@v5.2.0,512,7.22122e+07,3776900608
NVIDIA GeForce RTX 5090,rna004_130bps_hac@v5.2.0,576,7.99062e+07,4243507712
NVIDIA GeForce RTX 5090,rna004_130bps_hac@v5.2.0,640,8.74875e+07,4699812864
NVIDIA GeForce RTX 5090,rna004_130bps_hac@v5.2.0,704,9.12661e+07,5180971008
NVIDIA GeForce RTX 5090,rna004_130bps_hac@v5.2.0,768,9.79815e+07,5655712256
NVIDIA GeForce RTX 5090,rna004_130bps_hac@v5.2.0,832,1.03666e+08,6103973376
NVIDIA GeForce RTX 5090,rna004_130bps_hac@v5.2.0,896,1.08375e+08,6590062592
NVIDIA GeForce RTX 5090,rna004_130bps_hac@v5.2.0,960,8.78161e+07,7054984192
NVIDIA GeForce RTX 5090,rna004_130bps_hac@v5.2.0,1024,9.15416e+07,7527211008
NVIDIA GeForce RTX 5090,rna004_130bps_hac@v5.2.0,1088,9.44334e+07,7999441408
NVIDIA GeForce RTX 5090,rna004_130bps_hac@v5.2.0,1152,9.85759e+07,8469332992
NVIDIA GeForce RTX 5090,rna004_130bps_hac@v5.2.0,1216,1.03042e+08,8934706688
NVIDIA GeForce RTX 5090,rna004_130bps_hac@v5.2.0,1280,1.04272e+08,9401036800
NVIDIA GeForce RTX 5090,rna004_130bps_hac@v5.2.0,1344,1.1111e+08,9874196480
NVIDIA GeForce RTX 5090,rna004_130bps_hac@v5.2.0,1408,1.10743e+08,10339739136
NVIDIA GeForce RTX 5090,rna004_130bps_hac@v5.2.0,1472,1.10952e+08,10813878784
NVIDIA GeForce RTX 5090,rna004_130bps_hac@v5.2.0,1536,1.15506e+08,11278966272
NVIDIA GeForce RTX 5090,rna004_130bps_hac@v5.2.0,1600,1.20595e+08,11714002944
NVIDIA GeForce RTX 5090,rna004_130bps_hac@v5.2.0,1664,1.23574e+08,12220151808
NVIDIA GeForce RTX 5090,rna004_130bps_hac@v5.2.0,1728,1.21856e+08,12695184384
NVIDIA GeForce RTX 5090,rna004_130bps_hac@v5.2.0,1792,1.24628e+08,13156917248
NVIDIA GeForce RTX 5090,rna004_130bps_hac@v5.2.0,1856,1.12645e+08,13623957504
NVIDIA GeForce RTX 5090,rna004_130bps_hac@v5.2.0,1920,1.14647e+08,14095402496
NVIDIA GeForce RTX 5090,rna004_130bps_hac@v5.2.0,1984,1.1647e+08,14566041088
NVIDIA GeForce RTX 5090,rna004_130bps_hac@v5.2.0,2048,1.13664e+08,15001639936
NVIDIA GeForce RTX 5090,rna004_130bps_hac@v5.2.0,2112,1.19757e+08,15504742912
NVIDIA GeForce RTX 5090,rna004_130bps_hac@v5.2.0,2176,1.24608e+08,15974396416
NVIDIA GeForce RTX 5090,rna004_130bps_hac@v5.2.0,2240,1.22053e+08,16441766912
NVIDIA GeForce RTX 5090,rna004_130bps_hac@v5.2.0,2304,1.31788e+08,16855306752
NVIDIA GeForce RTX 5090,rna004_130bps_hac@v5.2.0,2368,1.26811e+08,17330272768
NVIDIA GeForce RTX 5090,rna004_130bps_hac@v5.2.0,2432,1.36943e+08,17852463616
NVIDIA GeForce RTX 5090,rna004_130bps_hac@v5.2.0,2496,1.31197e+08,18318700544
NVIDIA GeForce RTX 5090,rna004_130bps_hac@v5.2.0,2560,1.35044e+08,18785300480
NVIDIA GeForce RTX 5090,rna004_130bps_hac@v5.2.0,2624,1.34767e+08,19214896640
NVIDIA GeForce RTX 5090,rna004_130bps_hac@v5.2.0,2688,1.41053e+08,19730935296
NVIDIA GeForce RTX 5090,rna004_130bps_hac@v5.2.0,2752,1.39113e+08,20199543296
NVIDIA GeForce RTX 5090,rna004_130bps_hac@v5.2.0,2816,1.42079e+08,20657614848
NVIDIA GeForce RTX 5090,rna004_130bps_hac@v5.2.0,2880,1.39033e+08,21138708480
NVIDIA GeForce RTX 5090,rna004_130bps_hac@v5.2.0,2944,1.48521e+08,21612143616
NVIDIA GeForce RTX 5090,rna004_130bps_hac@v5.2.0,3008,1.4871e+08,22045363712
NVIDIA GeForce RTX 5090,rna004_130bps_hac@v5.2.0,3072,1.42357e+08,22538602496
NVIDIA GeForce RTX 5090,rna004_130bps_hac@v5.2.0,3136,1.47199e+08,22971383808
NVIDIA GeForce RTX 5090,rna004_130bps_hac@v5.2.0,3200,1.38159e+08,23405051904
NVIDIA GeForce RTX 5090,rna004_130bps_hac@v5.2.0,3264,1.41183e+08,23852324864
NVIDIA GeForce RTX 5090,rna004_130bps_hac@v5.2.0,3328,1.57278e+08,24365740544
NVIDIA GeForce RTX 5090,rna004_130bps_hac@v5.2.0,3392,1.56612e+08,24869170176
NVIDIA GeForce RTX 5090,rna004_130bps_hac@v5.2.0,3456,1.59293e+08,25280056320
NVIDIA GeForce RTX 5090,rna004_130bps_hac@v5.2.0,3520,1.52416e+08,25759656960
NVIDIA GeForce RTX 5090,rna004_130bps_hac@v5.2.0,3584,1.54408e+08,26235692544
NVIDIA GeForce RTX 5090,rna004_130bps_hac@v5.2.0,3648,1.25332e+08,26677102592
NVIDIA GeForce RTX 5090,rna004_130bps_hac@v5.2.0,3712,1.25226e+08,27160784384
NVIDIA GeForce RTX 5090,rna004_130bps_hac@v5.2.0,3776,1.29308e+08,27600984064
NVIDIA GeForce RTX 5090,rna004_130bps_hac@v5.2.0,3840,1.28471e+08,28062225408
NVIDIA GeForce RTX 5090,rna004_130bps_hac@v5.2.0,3904,1.31166e+08,28552969216
NVIDIA GeForce RTX 5090,rna004_130bps_hac@v5.2.0,3968,1.31841e+08,29031950848
NVIDIA GeForce RTX 5090,rna004_130bps_hac@v5.2.0,4032,1.35182e+08,29031600640
NVIDIA GeForce RTX 5090,rna004_hac@v6.0.0,64,3.00218e+06,520116736
NVIDIA GeForce RTX 5090,rna004_hac@v6.0.0,128,5.99834e+06,1005942272
NVIDIA GeForce RTX 5090,rna004_hac@v6.0.0,192,8.80568e+06,1493668352
NVIDIA GeForce RTX 5090,rna004_hac@v6.0.0,256,1.17305e+07,1984761856
NVIDIA GeForce RTX 5090,rna004_hac@v6.0.0,320,1.46508e+07,2464940032
NVIDIA GeForce RTX 5090,rna004_hac@v6.0.0,384,1.71946e+07,2962379264
NVIDIA GeForce RTX 5090,rna004_hac@v6.0.0,448,2.00489e+07,3436393984
NVIDIA GeForce RTX 5090,rna004_hac@v6.0.0,512,2.23785e+07,3922540032
NVIDIA GeForce RTX 5090,rna004_hac@v6.0.0,576,2.51628e+07,4411710976
NVIDIA GeForce RTX 5090,rna004_hac@v6.0.0,640,2.79382e+07,4896455680
NVIDIA GeForce RTX 5090,rna004_hac@v6.0.0,704,3.00212e+07,5392355840
NVIDIA GeForce RTX 5090,rna004_hac@v6.0.0,768,3.19643e+07,5880081408
NVIDIA GeForce RTX 5090,rna004_hac@v6.0.0,832,3.46239e+07,6366657024
NVIDIA GeForce RTX 5090,rna004_hac@v6.0.0,896,3.7238e+07,6842159104
NVIDIA GeForce RTX 5090,rna004_hac@v6.0.0,960,3.89407e+07,7340178432
NVIDIA GeForce RTX 5090,rna004_hac@v6.0.0,1024,4.14442e+07,7829978624
NVIDIA GeForce RTX 5090,rna004_hac@v6.0.0,1088,4.30433e+07,8323660288
NVIDIA GeForce RTX 5090,rna004_hac@v6.0.0,1152,4.43689e+07,8801210880
NVIDIA GeForce RTX 5090,rna004_hac@v6.0.0,1216,2.88129e+07,9295915520
NVIDIA GeForce RTX 5090,rna004_hac@v6.0.0,1280,4.6648e+07,9777894400
NVIDIA GeForce RTX 5090,rna004_hac@v6.0.0,1344,5.70246e+07,10268574208
NVIDIA GeForce RTX 5090,rna004_hac@v6.0.0,1408,4.99246e+07,10750647296
NVIDIA GeForce RTX 5090,rna004_hac@v6.0.0,1472,3.34196e+07,11242462208
NVIDIA GeForce RTX 5090,rna004_hac@v6.0.0,1536,6.1872e+07,11728542208
NVIDIA GeForce RTX 5090,rna004_hac@v6.0.0,1600,3.62032e+07,12215719424
NVIDIA GeForce RTX 5090,rna004_hac@v6.0.0,1664,5.72916e+07,12699725312
NVIDIA GeForce RTX 5090,rna004_hac@v6.0.0,1728,6.62667e+07,13198209536
NVIDIA GeForce RTX 5090,rna004_hac@v6.0.0,1792,5.97998e+07,13649260544
NVIDIA GeForce RTX 5090,rna004_hac@v6.0.0,1856,4.01354e+07,14163393024
NVIDIA GeForce RTX 5090,rna004_hac@v6.0.0,1920,6.21366e+07,14652272640
NVIDIA GeForce RTX 5090,rna004_hac@v6.0.0,1984,4.28333e+07,15134899712
NVIDIA GeForce RTX 5090,rna004_hac@v6.0.0,2048,6.40135e+07,15629351424
NVIDIA GeForce RTX 5090,rna004_hac@v6.0.0,2112,4.36063e+07,16116288512
NVIDIA GeForce RTX 5090,rna004_hac@v6.0.0,2176,6.82056e+07,16600855040
NVIDIA GeForce RTX 5090,rna004_hac@v6.0.0,2240,4.60664e+07,17085851136
NVIDIA GeForce RTX 5090,rna004_hac@v6.0.0,2304,6.99541e+07,17568692224
NVIDIA GeForce RTX 5090,rna004_hac@v6.0.0,2368,3.70949e+07,18066567168
NVIDIA GeForce RTX 5090,rna004_hac@v6.0.0,2432,3.80967e+07,18553286656
NVIDIA GeForce RTX 5090,rna004_hac@v6.0.0,2496,8.54843e+07,19033097728
NVIDIA GeForce RTX 5090,rna004_hac@v6.0.0,2560,8.2477e+07,19522781184
NVIDIA GeForce RTX 5090,rna004_hac@v6.0.0,2624,3.85602e+07,20010432512
NVIDIA GeForce RTX 5090,rna004_hac@v6.0.0,2688,8.90718e+07,20499895296
NVIDIA GeForce RTX 5090,rna004_hac@v6.0.0,2752,4.03236e+07,20985480704
NVIDIA GeForce RTX 5090,rna004_hac@v6.0.0,2816,4.12027e+07,21468573184
NVIDIA GeForce RTX 5090,rna004_hac@v6.0.0,2880,8.69784e+07,21955007488
NVIDIA GeForce RTX 5090,rna004_hac@v6.0.0,2944,4.30516e+07,22421051904
NVIDIA GeForce RTX 5090,rna004_hac@v6.0.0,3008,4.39494e+07,22910812160
NVIDIA GeForce RTX 5090,rna004_hac@v6.0.0,3072,9.51255e+07,23359865344
NVIDIA GeForce RTX 5090,rna004_hac@v6.0.0,3136,4.28987e+07,23885654016
NVIDIA GeForce RTX 5090,rna004_hac@v6.0.0,3200,4.36874e+07,24336101376
NVIDIA GeForce RTX 5090,rna004_hac@v6.0.0,3264,9.82937e+07,24824237568
NVIDIA GeForce RTX 5090,rna004_hac@v6.0.0,3328,4.53508e+07,25310305792
NVIDIA GeForce RTX 5090,rna004_hac@v6.0.0,3392,4.62485e+07,25797741568
NVIDIA GeForce RTX 5090,rna004_hac@v6.0.0,3456,1.00746e+08,26291021312
NVIDIA GeForce RTX 5090,rna004_hac@v6.0.0,3520,4.09627e+07,26786716160
NVIDIA GeForce RTX 5090,rna004_hac@v6.0.0,3584,1.03845e+08,27256246272
NVIDIA GeForce RTX 5090,rna004_hac@v6.0.0,3648,3.8908e+07,27742902272
NVIDIA GeForce RTX 5090,rna004_130bps_sup@v5.1.0,32,1.08578e+07,1890233344
NVIDIA GeForce RTX 5090,rna004_130bps_sup@v5.1.0,64,1.4318e+07,3063493120
NVIDIA GeForce RTX 5090,rna004_130bps_sup@v5.1.0,96,1.636e+07,4237276672
NVIDIA GeForce RTX 5090,rna004_130bps_sup@v5.1.0,128,1.75838e+07,5427837952
NVIDIA GeForce RTX 5090,rna004_130bps_sup@v5.1.0,160,1.84582e+07,6617907712
NVIDIA GeForce RTX 5090,rna004_130bps_sup@v5.1.0,192,1.81955e+07,7809026048
NVIDIA GeForce RTX 5090,rna004_130bps_sup@v5.1.0,224,1.88629e+07,8998998528
NVIDIA GeForce RTX 5090,rna004_130bps_sup@v5.1.0,256,1.91912e+07,10190607360
NVIDIA GeForce RTX 5090,rna004_130bps_sup@v5.2.0,32,1.08588e+07,1891412992
NVIDIA GeForce RTX 5090,rna004_130bps_sup@v5.2.0,64,1.43111e+07,3063493120
NVIDIA GeForce RTX 5090,rna004_130bps_sup@v5.2.0,96,1.63731e+07,4237276672
NVIDIA GeForce RTX 5090,rna004_130bps_sup@v5.2.0,128,1.75976e+07,5427837952
NVIDIA GeForce RTX 5090,rna004_130bps_sup@v5.2.0,160,1.84716e+07,6617907712
NVIDIA GeForce RTX 5090,rna004_130bps_sup@v5.2.0,192,1.79521e+07,7809026048
NVIDIA GeForce RTX 5090,rna004_130bps_sup@v5.2.0,224,1.88763e+07,8998998528
NVIDIA GeForce RTX 5090,rna004_130bps_sup@v5.2.0,256,1.90453e+07,10190607360
NVIDIA GeForce RTX 5090,rna004_sup@v6.0.0,32,1.04082e+07,1971012608
NVIDIA GeForce RTX 5090,rna004_sup@v6.0.0,64,1.31686e+07,3144272384
NVIDIA GeForce RTX 5090,rna004_sup@v6.0.0,96,1.48145e+07,4318055936
NVIDIA GeForce RTX 5090,rna004_sup@v6.0.0,128,1.55076e+07,5509796864
NVIDIA GeForce RTX 5090,rna004_sup@v6.0.0,160,1.61609e+07,6698686976
NVIDIA GeForce RTX 5090,rna004_sup@v6.0.0,192,1.58595e+07,7889805312
NVIDIA GeForce RTX 5090,rna004_sup@v6.0.0,224,1.60427e+07,9079777792
NVIDIA GeForce RTX 5090,rna004_sup@v6.0.0,256,1.64216e+07,10271386624
