Quadro GV100,dna_r10.4.1_e8.2_400bps_fast@v4.3.0,64,2.3424e+07,1223282688
Quadro GV100,dna_r10.4.1_e8.2_400bps_fast@v4.3.0,128,4.18396e+07,1371934720
Quadro GV100,dna_r10.4.1_e8.2_400bps_fast@v4.3.0,192,5.61074e+07,1518170112
Quadro GV100,dna_r10.4.1_e8.2_400bps_fast@v4.3.0,256,6.98113e+07,1666501120
Quadro GV100,dna_r10.4.1_e8.2_400bps_fast@v4.3.0,320,8.18309e+07,1812736512
Quadro GV100,dna_r10.4.1_e8.2_400bps_fast@v4.3.0,384,8.40342e+07,1958971392
Quadro GV100,dna_r10.4.1_e8.2_400bps_fast@v4.3.0,448,9.36195e+07,2105206784
Quadro GV100,dna_r10.4.1_e8.2_400bps_fast@v4.3.0,512,1.00079e+08,2253537792
Quadro GV100,dna_r10.4.1_e8.2_400bps_fast@v4.3.0,576,1.08049e+08,2399773184
Quadro GV100,dna_r10.4.1_e8.2_400bps_fast@v4.3.0,640,1.15133e+08,2548105216
Quadro GV100,dna_r10.4.1_e8.2_400bps_fast@v4.3.0,704,1.04834e+08,2693454848
Quadro GV100,dna_r10.4.1_e8.2_400bps_fast@v4.3.0,768,1.10183e+08,2840574464
Quadro GV100,dna_r10.4.1_e8.2_400bps_fast@v4.3.0,832,1.09692e+08,2987097600
Quadro GV100,dna_r10.4.1_e8.2_400bps_fast@v4.3.0,896,1.12654e+08,3137064960
Quadro GV100,dna_r10.4.1_e8.2_400bps_fast@v4.3.0,960,1.17175e+08,3283474432
Quadro GV100,dna_r10.4.1_e8.2_400bps_fast@v4.3.0,1024,1.21135e+08,3428610560
Quadro GV100,dna_r10.4.1_e8.2_400bps_fast@v4.3.0,1088,1.24286e+08,3575943680
Quadro GV100,dna_r10.4.1_e8.2_400bps_fast@v4.3.0,1152,1.27422e+08,3722254336
Quadro GV100,dna_r10.4.1_e8.2_400bps_fast@v4.3.0,1216,1.29632e+08,3872929280
Quadro GV100,dna_r10.4.1_e8.2_400bps_fast@v4.3.0,1280,1.33858e+08,4016744960
Quadro GV100,dna_r10.4.1_e8.2_400bps_fast@v4.3.0,1344,1.22568e+08,4163767808
Quadro GV100,dna_r10.4.1_e8.2_400bps_fast@v4.3.0,1408,1.25406e+08,4311638016
Quadro GV100,dna_r10.4.1_e8.2_400bps_fast@v4.3.0,1472,1.25566e+08,4461605888
Quadro GV100,dna_r10.4.1_e8.2_400bps_fast@v4.3.0,1536,1.25172e+08,4605280768
Quadro GV100,dna_r10.4.1_e8.2_400bps_fast@v4.3.0,1600,1.27422e+08,4755248640
Quadro GV100,dna_r10.4.1_e8.2_400bps_fast@v4.3.0,1664,1.29577e+08,4898924544
Quadro GV100,dna_r10.4.1_e8.2_400bps_fast@v4.3.0,1728,1.33596e+08,5047607296
Quadro GV100,dna_r10.4.1_e8.2_400bps_fast@v4.3.0,1792,1.32498e+08,5194730496
Quadro GV100,dna_r10.4.1_e8.2_400bps_fast@v4.3.0,1856,1.3698e+08,5340644864
Quadro GV100,dna_r10.4.1_e8.2_400bps_fast@v4.3.0,1920,1.37918e+08,5490405376
Quadro GV100,dna_r10.4.1_e8.2_400bps_fast@v4.3.0,1984,1.31045e+08,5634081792
Quadro GV100,dna_r10.4.1_e8.2_400bps_fast@v4.3.0,2048,1.31597e+08,5783474688
Quadro GV100,dna_r10.4.1_e8.2_400bps_fast@v4.3.0,2112,1.27617e+08,5930418688
Quadro GV100,dna_r10.4.1_e8.2_400bps_fast@v4.3.0,2176,1.3145e+08,6075765248
Quadro GV100,dna_r10.4.1_e8.2_400bps_fast@v4.3.0,2240,1.31393e+08,6224142336
Quadro GV100,dna_r10.4.1_e8.2_400bps_fast@v4.3.0,2304,1.3457e+08,6369275392
Quadro GV100,dna_r10.4.1_e8.2_400bps_fast@v4.3.0,2368,1.32735e+08,6516745728
Quadro GV100,dna_r10.4.1_e8.2_400bps_fast@v4.3.0,2432,1.32544e+08,6665966592
Quadro GV100,dna_r10.4.1_e8.2_400bps_fast@v4.3.0,2496,1.36113e+08,6808896000
Quadro GV100,dna_r10.4.1_e8.2_400bps_fast@v4.3.0,2560,1.33884e+08,6958621184
Quadro GV100,dna_r10.4.1_e8.2_400bps_fast@v4.3.0,2624,1.2833e+08,7106491904
Quadro GV100,dna_r10.4.1_e8.2_400bps_fast@v4.3.0,2688,1.26772e+08,7251118592
Quadro GV100,dna_r10.4.1_e8.2_400bps_fast@v4.3.0,2752,1.23957e+08,7402509824
Quadro GV100,dna_r10.4.1_e8.2_400bps_fast@v4.3.0,2816,1.27033e+08,7545119232
Quadro GV100,dna_r10.4.1_e8.2_400bps_fast@v4.3.0,2880,1.29719e+08,7694349824
Quadro GV100,dna_r10.4.1_e8.2_400bps_fast@v4.3.0,2944,1.32454e+08,7841648640
Quadro GV100,dna_r10.4.1_e8.2_400bps_fast@v4.3.0,3008,1.29636e+08,7988336128
Quadro GV100,dna_r10.4.1_e8.2_400bps_fast@v4.3.0,3072,1.31856e+08,8133681664
Quadro GV100,dna_r10.4.1_e8.2_400bps_fast@v4.3.0,3136,1.34959e+08,8279028224
Quadro GV100,dna_r10.4.1_e8.2_400bps_fast@v4.3.0,3200,1.3688e+08,8428404736
Quadro GV100,dna_r10.4.1_e8.2_400bps_fast@v4.3.0,3264,1.34011e+08,8577732608
Quadro GV100,dna_r10.4.1_e8.2_400bps_fast@v4.3.0,3328,1.30884e+08,8721646080
Quadro GV100,dna_r10.4.1_e8.2_400bps_fast@v4.3.0,3392,1.32305e+08,8868802048
Quadro GV100,dna_r10.4.1_e8.2_400bps_fast@v4.3.0,3456,1.29088e+08,9012051456
Quadro GV100,dna_r10.4.1_e8.2_400bps_fast@v4.3.0,3520,1.31511e+08,9161995264
Quadro GV100,dna_r10.4.1_e8.2_400bps_fast@v4.3.0,3584,1.33927e+08,9311787520
Quadro GV100,dna_r10.4.1_e8.2_400bps_fast@v4.3.0,3648,1.36694e+08,9457761792
Quadro GV100,dna_r10.4.1_e8.2_400bps_fast@v4.3.0,3712,1.38035e+08,9604565504
Quadro GV100,dna_r10.4.1_e8.2_400bps_fast@v4.3.0,3776,1.33986e+08,9747186176
Quadro GV100,dna_r10.4.1_e8.2_400bps_fast@v4.3.0,3840,1.362e+08,9897150976
Quadro GV100,dna_r10.4.1_e8.2_400bps_fast@v4.3.0,3904,1.3177e+08,10045021696
Quadro GV100,dna_r10.4.1_e8.2_400bps_fast@v4.3.0,3968,1.32988e+08,10191599104
Quadro GV100,dna_r10.4.1_e8.2_400bps_fast@v4.3.0,4032,1.34382e+08,10338584064
Quadro GV100,dna_r10.4.1_e8.2_400bps_fast@v4.3.0,4096,1.29872e+08,10489582080
Quadro GV100,dna_r10.4.1_e8.2_400bps_fast@v4.3.0,4160,1.31581e+08,10632191488
Quadro GV100,dna_r10.4.1_e8.2_400bps_fast@v4.3.0,4224,1.33095e+08,10781372928
Quadro GV100,dna_r10.4.1_e8.2_400bps_fast@v4.3.0,4288,1.35129e+08,10924622336
Quadro GV100,dna_r10.4.1_e8.2_400bps_fast@v4.3.0,4352,1.37313e+08,11072065024
Quadro GV100,dna_r10.4.1_e8.2_400bps_fast@v4.3.0,4416,1.31603e+08,11223600640
Quadro GV100,dna_r10.4.1_e8.2_400bps_fast@v4.3.0,4480,1.31802e+08,11368307200
Quadro GV100,dna_r10.4.1_e8.2_400bps_fast@v4.3.0,4544,1.34459e+08,11515110912
Quadro GV100,dna_r10.4.1_e8.2_400bps_fast@v4.3.0,4608,1.35329e+08,11659817472
Quadro GV100,dna_r10.4.1_e8.2_400bps_fast@v4.3.0,4672,1.30176e+08,11809282560
Quadro GV100,dna_r10.4.1_e8.2_400bps_fast@v4.3.0,4736,1.30265e+08,11956726272
Quadro GV100,dna_r10.4.1_e8.2_400bps_fast@v4.3.0,4800,1.33343e+08,12102072832
Quadro GV100,dna_r10.4.1_e8.2_400bps_fast@v4.3.0,4864,1.34046e+08,12251226624
Quadro GV100,dna_r10.4.1_e8.2_400bps_fast@v4.3.0,4928,1.35999e+08,12395933184
Quadro GV100,dna_r10.4.1_e8.2_400bps_fast@v4.3.0,4992,1.37816e+08,12542736896
Quadro GV100,dna_r10.4.1_e8.2_400bps_fast@v4.3.0,5056,1.40105e+08,12691846656
Quadro GV100,dna_r10.4.1_e8.2_400bps_fast@v4.3.0,5120,1.33041e+08,12835095040
Quadro GV100,dna_r10.4.1_e8.2_400bps_fast@v4.3.0,5184,1.34142e+08,12984635904
Quadro GV100,dna_r10.4.1_e8.2_400bps_fast@v4.3.0,5248,1.35541e+08,13134146048
Quadro GV100,dna_r10.4.1_e8.2_400bps_fast@v4.3.0,5312,1.27933e+08,13278852608
Quadro GV100,dna_r10.4.1_e8.2_400bps_fast@v4.3.0,5376,1.28762e+08,13425656320
Quadro GV100,dna_r10.4.1_e8.2_400bps_fast@v4.3.0,5440,1.30673e+08,13570362880
Quadro GV100,dna_r10.4.1_e8.2_400bps_fast@v4.3.0,5504,1.31636e+08,13723458048
Quadro GV100,dna_r10.4.1_e8.2_400bps_fast@v4.3.0,5568,1.33118e+08,13870261760
Quadro GV100,dna_r10.4.1_e8.2_400bps_fast@v4.3.0,5632,1.35055e+08,14014968320
Quadro GV100,dna_r10.4.1_e8.2_400bps_fast@v4.3.0,5696,1.35963e+08,14161772032
Quadro GV100,dna_r10.4.1_e8.2_400bps_fast@v4.3.0,5760,1.37027e+08,14306478592
Quadro GV100,dna_r10.4.1_e8.2_400bps_fast@v4.3.0,5824,1.29179e+08,14453282304
Quadro GV100,dna_r10.4.1_e8.2_400bps_fast@v4.3.0,5888,1.30361e+08,14606377472
Quadro GV100,dna_r10.4.1_e8.2_400bps_fast@v4.3.0,5952,1.3144e+08,14748986880
Quadro GV100,dna_r10.4.1_e8.2_400bps_fast@v4.3.0,6016,1.32318e+08,14899984896
Quadro GV100,dna_r10.4.1_e8.2_400bps_fast@v4.3.0,6080,1.33848e+08,15040497152
Quadro GV100,dna_r10.4.1_e8.2_400bps_fast@v4.3.0,6144,1.35353e+08,15189398016
Quadro GV100,dna_r10.4.1_e8.2_400bps_fast@v4.3.0,6208,1.36557e+08,15336201728
Quadro GV100,dna_r10.4.1_e8.2_400bps_fast@v4.3.0,6272,1.38029e+08,15480908288
Quadro GV100,dna_r10.4.1_e8.2_400bps_fast@v4.3.0,6336,1.27806e+08,15634003456
Quadro GV100,dna_r10.4.1_e8.2_400bps_fast@v4.3.0,6400,1.30115e+08,15780807168
Quadro GV100,dna_r10.4.1_e8.2_400bps_fast@v4.3.0,6464,1.30724e+08,15925513728
Quadro GV100,dna_r10.4.1_e8.2_400bps_fast@v4.3.0,6528,1.31733e+08,16072317440
Quadro GV100,dna_r10.4.1_e8.2_400bps_fast@v4.3.0,6592,1.32677e+08,16217024000
Quadro GV100,dna_r10.4.1_e8.2_400bps_fast@v4.3.0,6656,1.33459e+08,16365924864
Quadro GV100,dna_r10.4.1_e8.2_400bps_fast@v4.3.0,6720,1.35193e+08,16516922880
Quadro GV100,dna_r10.4.1_e8.2_400bps_fast@v4.3.0,6784,1.2987e+08,16659532288
Quadro GV100,dna_r10.4.1_e8.2_400bps_fast@v4.3.0,6848,1.3763e+08,16808433152
Quadro GV100,dna_r10.4.1_e8.2_400bps_fast@v4.3.0,6912,1.35581e+08,16951042560
Quadro GV100,dna_r10.4.1_e8.2_400bps_fast@v4.3.0,6976,1.27888e+08,17102040576
Quadro GV100,dna_r10.4.1_e8.2_400bps_fast@v4.3.0,7040,1.29008e+08,17246747136
Quadro GV100,dna_r10.4.1_e8.2_400bps_fast@v4.3.0,7104,1.29907e+08,17391453696
Quadro GV100,dna_r10.4.1_e8.2_400bps_fast@v4.3.0,7168,1.30053e+08,17542451712
Quadro GV100,dna_r10.4.1_e8.2_400bps_fast@v4.3.0,7232,1.32374e+08,17687158272
Quadro GV100,dna_r10.4.1_e8.2_400bps_fast@v4.3.0,7296,1.29194e+08,17838156288
Quadro GV100,dna_r10.4.1_e8.2_400bps_fast@v4.3.0,7360,1.31509e+08,17982862848
Quadro GV100,dna_r10.4.1_e8.2_400bps_fast@v4.3.0,7424,1.28973e+08,18127569408
Quadro GV100,dna_r10.4.1_e8.2_400bps_fast@v4.3.0,7488,1.30011e+08,18274373120
Quadro GV100,dna_r10.4.1_e8.2_400bps_fast@v4.3.0,7552,1.3808e+08,18421176832
Quadro GV100,dna_r10.4.1_e8.2_400bps_fast@v4.3.0,7616,1.32982e+08,18572174848
Quadro GV100,dna_r10.4.1_e8.2_400bps_fast@v4.3.0,7680,1.37008e+08,18721075712
Quadro GV100,dna_r10.4.1_e8.2_400bps_fast@v4.3.0,7744,1.32999e+08,18861587968
Quadro GV100,dna_r10.4.1_e8.2_400bps_fast@v4.3.0,7808,1.36314e+08,19010488832
Quadro GV100,dna_r10.4.1_e8.2_400bps_fast@v4.3.0,7872,1.32861e+08,19159389696
Quadro GV100,dna_r10.4.1_e8.2_400bps_fast@v4.3.0,7936,1.36278e+08,19304096256
Quadro GV100,dna_r10.4.1_e8.2_400bps_fast@v4.3.0,8000,1.3108e+08,19455094272
Quadro GV100,dna_r10.4.1_e8.2_400bps_fast@v4.3.0,8064,1.27936e+08,19597703680
Quadro GV100,dna_r10.4.1_e8.2_400bps_fast@v4.3.0,8128,1.33922e+08,19744507392
Quadro GV100,dna_r10.4.1_e8.2_400bps_fast@v4.3.0,8192,1.3719e+08,19895505408
Quadro GV100,dna_r10.4.1_e8.2_400bps_fast@v4.3.0,8256,1.33324e+08,20040211968
Quadro GV100,dna_r10.4.1_e8.2_400bps_fast@v4.3.0,8320,1.33023e+08,20153461248
Quadro GV100,dna_r10.4.1_e8.2_400bps_fast@v4.3.0,8384,1.3577e+08,20262516224
Quadro GV100,dna_r10.4.1_e8.2_400bps_fast@v4.3.0,8448,1.30172e+08,20379959808
Quadro GV100,dna_r10.4.1_e8.2_400bps_fast@v4.3.0,8512,1.32505e+08,20497403392
Quadro GV100,dna_r10.4.1_e8.2_400bps_fast@v4.3.0,8576,1.32581e+08,20606458368
Quadro GV100,dna_r10.4.1_e8.2_400bps_fast@v4.3.0,8640,1.34135e+08,20721804800
Quadro GV100,dna_r10.4.1_e8.2_400bps_fast@v4.3.0,8704,1.26881e+08,20828762624
Quadro GV100,dna_r10.4.1_e8.2_400bps_fast@v4.3.0,8768,1.34725e+08,20944109056
Quadro GV100,dna_r10.4.1_e8.2_400bps_fast@v4.3.0,8832,1.35408e+08,21063649792
Quadro GV100,dna_r10.4.1_e8.2_400bps_fast@v4.3.0,8896,1.38519e+08,21174801920
Quadro GV100,dna_r10.4.1_e8.2_400bps_fast@v4.3.0,8960,1.37031e+08,21288051200
Quadro GV100,dna_r10.4.1_e8.2_400bps_fast@v4.3.0,9024,1.34736e+08,21403397632
Quadro GV100,dna_r10.4.1_e8.2_400bps_fast@v4.3.0,9088,1.27555e+08,21510355456
Quadro GV100,dna_r10.4.1_e8.2_400bps_fast@v4.3.0,9152,1.34817e+08,21627799040
Quadro GV100,dna_r10.4.1_e8.2_400bps_fast@v4.3.0,9216,1.35689e+08,21738951168
Quadro GV100,dna_r10.4.1_e8.2_400bps_fast@v4.3.0,9280,1.33834e+08,21856394752
Quadro GV100,dna_r10.4.1_e8.2_400bps_fast@v4.3.0,9344,1.36453e+08,21971741184
Quadro GV100,dna_r10.4.1_e8.2_400bps_fast@v4.3.0,9408,1.36714e+08,22078699008
Quadro GV100,dna_r10.4.1_e8.2_400bps_fast@v4.3.0,9472,1.35007e+08,22196142592
Quadro GV100,dna_r10.4.1_e8.2_400bps_fast@v4.3.0,9536,1.39401e+08,22305197568
Quadro GV100,dna_r10.4.1_e8.2_400bps_fast@v4.3.0,9600,1.38533e+08,22420544000
Quadro GV100,dna_r10.4.1_e8.2_400bps_fast@v4.3.0,9664,1.29078e+08,22537987584
Quadro GV100,dna_r10.4.1_e8.2_400bps_fast@v4.3.0,9728,1.27857e+08,22647042560
Quadro GV100,dna_r10.4.1_e8.2_400bps_fast@v4.3.0,9792,1.32308e+08,22762388992
Quadro GV100,dna_r10.4.1_e8.2_400bps_fast@v4.3.0,9856,1.32413e+08,22873541120
Quadro GV100,dna_r10.4.1_e8.2_400bps_fast@v4.3.0,9920,1.29225e+08,22986790400
Quadro GV100,dna_r10.4.1_e8.2_400bps_fast@v4.3.0,9984,1.29042e+08,23102136832
Quadro GV100,dna_r10.4.1_e8.2_400bps_fast@v4.3.0,10048,1.31289e+08,23211191808
Quadro GV100,dna_r10.4.1_e8.2_400bps_fast@v4.3.0,10112,1.28847e+08,23330732544
Quadro GV100,dna_r10.4.1_e8.2_400bps_fast@v4.3.0,10176,1.32722e+08,23446078976
Quadro GV100,dna_r10.4.1_e8.2_400bps_fast@v4.3.0,10240,1.36392e+08,23555133952
Quadro GV100,dna_r10.4.1_e8.2_400bps_fast@v5.0.0,64,2.2038e+07,1223282688
Quadro GV100,dna_r10.4.1_e8.2_400bps_fast@v5.0.0,128,4.03474e+07,1371934720
Quadro GV100,dna_r10.4.1_e8.2_400bps_fast@v5.0.0,192,5.46478e+07,1518170112
Quadro GV100,dna_r10.4.1_e8.2_400bps_fast@v5.0.0,256,6.87704e+07,1666501120
Quadro GV100,dna_r10.4.1_e8.2_400bps_fast@v5.0.0,320,8.10494e+07,1812736512
Quadro GV100,dna_r10.4.1_e8.2_400bps_fast@v5.0.0,384,8.2473e+07,1958971392
Quadro GV100,dna_r10.4.1_e8.2_400bps_fast@v5.0.0,448,9.27179e+07,2105206784
Quadro GV100,dna_r10.4.1_e8.2_400bps_fast@v5.0.0,512,9.89524e+07,2253537792
Quadro GV100,dna_r10.4.1_e8.2_400bps_fast@v5.0.0,576,1.08043e+08,2399773184
Quadro GV100,dna_r10.4.1_e8.2_400bps_fast@v5.0.0,640,1.14943e+08,2548105216
Quadro GV100,dna_r10.4.1_e8.2_400bps_fast@v5.0.0,704,1.04989e+08,2693454848
Quadro GV100,dna_r10.4.1_e8.2_400bps_fast@v5.0.0,768,1.08327e+08,2840574464
Quadro GV100,dna_r10.4.1_e8.2_400bps_fast@v5.0.0,832,1.08134e+08,2987097600
Quadro GV100,dna_r10.4.1_e8.2_400bps_fast@v5.0.0,896,1.12717e+08,3137064960
Quadro GV100,dna_r10.4.1_e8.2_400bps_fast@v5.0.0,960,1.16921e+08,3283474432
Quadro GV100,dna_r10.4.1_e8.2_400bps_fast@v5.0.0,1024,1.18862e+08,3428610560
Quadro GV100,dna_r10.4.1_e8.2_400bps_fast@v5.0.0,1088,1.24096e+08,3575943680
Quadro GV100,dna_r10.4.1_e8.2_400bps_fast@v5.0.0,1152,1.24666e+08,3722254336
Quadro GV100,dna_r10.4.1_e8.2_400bps_fast@v5.0.0,1216,1.29331e+08,3872929280
Quadro GV100,dna_r10.4.1_e8.2_400bps_fast@v5.0.0,1280,1.31405e+08,4016744960
Quadro GV100,dna_r10.4.1_e8.2_400bps_fast@v5.0.0,1344,1.20976e+08,4163767808
Quadro GV100,dna_r10.4.1_e8.2_400bps_fast@v5.0.0,1408,1.22498e+08,4311638016
Quadro GV100,dna_r10.4.1_e8.2_400bps_fast@v5.0.0,1472,1.23068e+08,4461605888
Quadro GV100,dna_r10.4.1_e8.2_400bps_fast@v5.0.0,1536,1.24901e+08,4605280768
Quadro GV100,dna_r10.4.1_e8.2_400bps_fast@v5.0.0,1600,1.27428e+08,4755248640
Quadro GV100,dna_r10.4.1_e8.2_400bps_fast@v5.0.0,1664,1.28964e+08,4898924544
Quadro GV100,dna_r10.4.1_e8.2_400bps_fast@v5.0.0,1728,1.31351e+08,5047607296
Quadro GV100,dna_r10.4.1_e8.2_400bps_fast@v5.0.0,1792,1.32165e+08,5194730496
Quadro GV100,dna_r10.4.1_e8.2_400bps_fast@v5.0.0,1856,1.3356e+08,5340644864
Quadro GV100,dna_r10.4.1_e8.2_400bps_fast@v5.0.0,1920,1.37526e+08,5490405376
Quadro GV100,dna_r10.4.1_e8.2_400bps_fast@v5.0.0,1984,1.30928e+08,5634081792
Quadro GV100,dna_r10.4.1_e8.2_400bps_fast@v5.0.0,2048,1.27418e+08,5783474688
Quadro GV100,dna_r10.4.1_e8.2_400bps_fast@v5.0.0,2112,1.27181e+08,5930418688
Quadro GV100,dna_r10.4.1_e8.2_400bps_fast@v5.0.0,2176,1.27291e+08,6075765248
Quadro GV100,dna_r10.4.1_e8.2_400bps_fast@v5.0.0,2240,1.27116e+08,6224142336
Quadro GV100,dna_r10.4.1_e8.2_400bps_fast@v5.0.0,2304,1.30166e+08,6369275392
Quadro GV100,dna_r10.4.1_e8.2_400bps_fast@v5.0.0,2368,1.28803e+08,6516745728
Quadro GV100,dna_r10.4.1_e8.2_400bps_fast@v5.0.0,2432,1.3289e+08,6665966592
Quadro GV100,dna_r10.4.1_e8.2_400bps_fast@v5.0.0,2496,1.31824e+08,6808896000
Quadro GV100,dna_r10.4.1_e8.2_400bps_fast@v5.0.0,2560,1.3463e+08,6958621184
Quadro GV100,dna_r10.4.1_e8.2_400bps_fast@v5.0.0,2624,1.23277e+08,7106491904
Quadro GV100,dna_r10.4.1_e8.2_400bps_fast@v5.0.0,2688,1.25569e+08,7251118592
Quadro GV100,dna_r10.4.1_e8.2_400bps_fast@v5.0.0,2752,1.23919e+08,7402509824
Quadro GV100,dna_r10.4.1_e8.2_400bps_fast@v5.0.0,2816,1.26912e+08,7545119232
Quadro GV100,dna_r10.4.1_e8.2_400bps_fast@v5.0.0,2880,1.24726e+08,7694349824
Quadro GV100,dna_r10.4.1_e8.2_400bps_fast@v5.0.0,2944,1.26989e+08,7841648640
Quadro GV100,dna_r10.4.1_e8.2_400bps_fast@v5.0.0,3008,1.28682e+08,7988336128
Quadro GV100,dna_r10.4.1_e8.2_400bps_fast@v5.0.0,3072,1.32026e+08,8133681664
Quadro GV100,dna_r10.4.1_e8.2_400bps_fast@v5.0.0,3136,1.29505e+08,8279028224
Quadro GV100,dna_r10.4.1_e8.2_400bps_fast@v5.0.0,3200,1.313e+08,8428404736
Quadro GV100,dna_r10.4.1_e8.2_400bps_fast@v5.0.0,3264,1.28138e+08,8577732608
Quadro GV100,dna_r10.4.1_e8.2_400bps_fast@v5.0.0,3328,1.30847e+08,8721646080
Quadro GV100,dna_r10.4.1_e8.2_400bps_fast@v5.0.0,3392,1.26797e+08,8868802048
Quadro GV100,dna_r10.4.1_e8.2_400bps_fast@v5.0.0,3456,1.29123e+08,9012051456
Quadro GV100,dna_r10.4.1_e8.2_400bps_fast@v5.0.0,3520,1.31061e+08,9161995264
Quadro GV100,dna_r10.4.1_e8.2_400bps_fast@v5.0.0,3584,1.33692e+08,9311787520
Quadro GV100,dna_r10.4.1_e8.2_400bps_fast@v5.0.0,3648,1.29081e+08,9457761792
Quadro GV100,dna_r10.4.1_e8.2_400bps_fast@v5.0.0,3712,1.28815e+08,9604565504
Quadro GV100,dna_r10.4.1_e8.2_400bps_fast@v5.0.0,3776,1.33159e+08,9747186176
Quadro GV100,dna_r10.4.1_e8.2_400bps_fast@v5.0.0,3840,1.36179e+08,9897150976
Quadro GV100,dna_r10.4.1_e8.2_400bps_fast@v5.0.0,3904,1.30763e+08,10045021696
Quadro GV100,dna_r10.4.1_e8.2_400bps_fast@v5.0.0,3968,1.32948e+08,10191599104
Quadro GV100,dna_r10.4.1_e8.2_400bps_fast@v5.0.0,4032,1.27733e+08,10338584064
Quadro GV100,dna_r10.4.1_e8.2_400bps_fast@v5.0.0,4096,1.29347e+08,10489582080
Quadro GV100,dna_r10.4.1_e8.2_400bps_fast@v5.0.0,4160,1.30952e+08,10632191488
Quadro GV100,dna_r10.4.1_e8.2_400bps_fast@v5.0.0,4224,1.33343e+08,10781372928
Quadro GV100,dna_r10.4.1_e8.2_400bps_fast@v5.0.0,4288,1.27868e+08,10924622336
Quadro GV100,dna_r10.4.1_e8.2_400bps_fast@v5.0.0,4352,1.29351e+08,11072065024
Quadro GV100,dna_r10.4.1_e8.2_400bps_fast@v5.0.0,4416,1.31282e+08,11223600640
Quadro GV100,dna_r10.4.1_e8.2_400bps_fast@v5.0.0,4480,1.32848e+08,11368307200
Quadro GV100,dna_r10.4.1_e8.2_400bps_fast@v5.0.0,4544,1.26409e+08,11515110912
Quadro GV100,dna_r10.4.1_e8.2_400bps_fast@v5.0.0,4608,1.28568e+08,11659817472
Quadro GV100,dna_r10.4.1_e8.2_400bps_fast@v5.0.0,4672,1.30142e+08,11809282560
Quadro GV100,dna_r10.4.1_e8.2_400bps_fast@v5.0.0,4736,1.31463e+08,11956726272
Quadro GV100,dna_r10.4.1_e8.2_400bps_fast@v5.0.0,4800,1.32396e+08,12102072832
Quadro GV100,dna_r10.4.1_e8.2_400bps_fast@v5.0.0,4864,1.34324e+08,12251226624
Quadro GV100,dna_r10.4.1_e8.2_400bps_fast@v5.0.0,4928,1.28143e+08,12395933184
Quadro GV100,dna_r10.4.1_e8.2_400bps_fast@v5.0.0,4992,1.29334e+08,12542736896
Quadro GV100,dna_r10.4.1_e8.2_400bps_fast@v5.0.0,5056,1.31264e+08,12691846656
Quadro GV100,dna_r10.4.1_e8.2_400bps_fast@v5.0.0,5120,1.32596e+08,12835095040
Quadro GV100,dna_r10.4.1_e8.2_400bps_fast@v5.0.0,5184,1.24884e+08,12984635904
Quadro GV100,dna_r10.4.1_e8.2_400bps_fast@v5.0.0,5248,1.25853e+08,13134146048
Quadro GV100,dna_r10.4.1_e8.2_400bps_fast@v5.0.0,5312,1.27334e+08,13278852608
Quadro GV100,dna_r10.4.1_e8.2_400bps_fast@v5.0.0,5376,1.28475e+08,13425656320
Quadro GV100,dna_r10.4.1_e8.2_400bps_fast@v5.0.0,5440,1.30386e+08,13570362880
Quadro GV100,dna_r10.4.1_e8.2_400bps_fast@v5.0.0,5504,1.30668e+08,13723458048
Quadro GV100,dna_r10.4.1_e8.2_400bps_fast@v5.0.0,5568,1.33334e+08,13870261760
Quadro GV100,dna_r10.4.1_e8.2_400bps_fast@v5.0.0,5632,1.34066e+08,14014968320
Quadro GV100,dna_r10.4.1_e8.2_400bps_fast@v5.0.0,5696,1.26246e+08,14161772032
Quadro GV100,dna_r10.4.1_e8.2_400bps_fast@v5.0.0,5760,1.27036e+08,14306478592
Quadro GV100,dna_r10.4.1_e8.2_400bps_fast@v5.0.0,5824,1.28598e+08,14453282304
Quadro GV100,dna_r10.4.1_e8.2_400bps_fast@v5.0.0,5888,1.28511e+08,14606377472
Quadro GV100,dna_r10.4.1_e8.2_400bps_fast@v5.0.0,5952,1.311e+08,14748986880
Quadro GV100,dna_r10.4.1_e8.2_400bps_fast@v5.0.0,6016,1.31884e+08,14899984896
Quadro GV100,dna_r10.4.1_e8.2_400bps_fast@v5.0.0,6080,1.23247e+08,15040497152
Quadro GV100,dna_r10.4.1_e8.2_400bps_fast@v5.0.0,6144,1.24079e+08,15189398016
Quadro GV100,dna_r10.4.1_e8.2_400bps_fast@v5.0.0,6208,1.25578e+08,15336201728
Quadro GV100,dna_r10.4.1_e8.2_400bps_fast@v5.0.0,6272,1.26099e+08,15480908288
Quadro GV100,dna_r10.4.1_e8.2_400bps_fast@v5.0.0,6336,1.28113e+08,15634003456
Quadro GV100,dna_r10.4.1_e8.2_400bps_fast@v5.0.0,6400,1.28561e+08,15780807168
Quadro GV100,dna_r10.4.1_e8.2_400bps_fast@v5.0.0,6464,1.30164e+08,15925513728
Quadro GV100,dna_r10.4.1_e8.2_400bps_fast@v5.0.0,6528,1.2767e+08,16072317440
Quadro GV100,dna_r10.4.1_e8.2_400bps_fast@v5.0.0,6592,1.32367e+08,16217024000
Quadro GV100,dna_r10.4.1_e8.2_400bps_fast@v5.0.0,6656,1.32032e+08,16365924864
Quadro GV100,dna_r10.4.1_e8.2_400bps_fast@v5.0.0,6720,1.23475e+08,16516922880
Quadro GV100,dna_r10.4.1_e8.2_400bps_fast@v5.0.0,6784,1.23899e+08,16659532288
Quadro GV100,dna_r10.4.1_e8.2_400bps_fast@v5.0.0,6848,1.24725e+08,16808433152
Quadro GV100,dna_r10.4.1_e8.2_400bps_fast@v5.0.0,6912,1.24838e+08,16951042560
Quadro GV100,dna_r10.4.1_e8.2_400bps_fast@v5.0.0,6976,1.28229e+08,17102040576
Quadro GV100,dna_r10.4.1_e8.2_400bps_fast@v5.0.0,7040,1.2762e+08,17246747136
Quadro GV100,dna_r10.4.1_e8.2_400bps_fast@v5.0.0,7104,1.27787e+08,17391453696
Quadro GV100,dna_r10.4.1_e8.2_400bps_fast@v5.0.0,7168,1.25987e+08,17542451712
Quadro GV100,dna_r10.4.1_e8.2_400bps_fast@v5.0.0,7232,1.27839e+08,17687158272
Quadro GV100,dna_r10.4.1_e8.2_400bps_fast@v5.0.0,7296,1.26535e+08,17838156288
Quadro GV100,dna_r10.4.1_e8.2_400bps_fast@v5.0.0,7360,1.29105e+08,17982862848
Quadro GV100,dna_r10.4.1_e8.2_400bps_fast@v5.0.0,7424,1.32815e+08,18127569408
Quadro GV100,dna_r10.4.1_e8.2_400bps_fast@v5.0.0,7488,1.30512e+08,18274373120
Quadro GV100,dna_r10.4.1_e8.2_400bps_fast@v5.0.0,7552,1.25333e+08,18421176832
Quadro GV100,dna_r10.4.1_e8.2_400bps_fast@v5.0.0,7616,1.30859e+08,18572174848
Quadro GV100,dna_r10.4.1_e8.2_400bps_fast@v5.0.0,7680,1.29602e+08,18721075712
Quadro GV100,dna_r10.4.1_e8.2_400bps_fast@v5.0.0,7744,1.28958e+08,18861587968
Quadro GV100,dna_r10.4.1_e8.2_400bps_fast@v5.0.0,7808,1.32514e+08,19010488832
Quadro GV100,dna_r10.4.1_e8.2_400bps_fast@v5.0.0,7872,1.31341e+08,19159389696
Quadro GV100,dna_r10.4.1_e8.2_400bps_fast@v5.0.0,7936,1.23996e+08,19304096256
Quadro GV100,dna_r10.4.1_e8.2_400bps_fast@v5.0.0,8000,1.29511e+08,19455094272
Quadro GV100,dna_r10.4.1_e8.2_400bps_fast@v5.0.0,8064,1.23161e+08,19597703680
Quadro GV100,dna_r10.4.1_e8.2_400bps_fast@v5.0.0,8128,1.3012e+08,19744507392
Quadro GV100,dna_r10.4.1_e8.2_400bps_fast@v5.0.0,8192,1.27336e+08,19895505408
Quadro GV100,dna_r10.4.1_e8.2_400bps_fast@v5.0.0,8256,1.34056e+08,20040211968
Quadro GV100,dna_r10.4.1_e8.2_400bps_fast@v5.0.0,8320,1.30991e+08,20153461248
Quadro GV100,dna_r10.4.1_e8.2_400bps_fast@v5.0.0,8384,1.33212e+08,20262516224
Quadro GV100,dna_r10.4.1_e8.2_400bps_fast@v5.0.0,8448,1.28472e+08,20379959808
Quadro GV100,dna_r10.4.1_e8.2_400bps_fast@v5.0.0,8512,1.33106e+08,20497403392
Quadro GV100,dna_r10.4.1_e8.2_400bps_fast@v5.0.0,8576,1.32228e+08,20606458368
Quadro GV100,dna_r10.4.1_e8.2_400bps_fast@v5.0.0,8640,1.33334e+08,20721804800
Quadro GV100,dna_r10.4.1_e8.2_400bps_fast@v5.0.0,8704,1.29736e+08,20828762624
Quadro GV100,dna_r10.4.1_e8.2_400bps_fast@v5.0.0,8768,1.34128e+08,20944109056
Quadro GV100,dna_r10.4.1_e8.2_400bps_fast@v5.0.0,8832,1.30736e+08,21063649792
Quadro GV100,dna_r10.4.1_e8.2_400bps_fast@v5.0.0,8896,1.33911e+08,21174801920
Quadro GV100,dna_r10.4.1_e8.2_400bps_fast@v5.0.0,8960,1.3321e+08,21288051200
Quadro GV100,dna_r10.4.1_e8.2_400bps_fast@v5.0.0,9024,1.22881e+08,21403397632
Quadro GV100,dna_r10.4.1_e8.2_400bps_fast@v5.0.0,9088,1.28071e+08,21510355456
Quadro GV100,dna_r10.4.1_e8.2_400bps_fast@v5.0.0,9152,1.3495e+08,21627799040
Quadro GV100,dna_r10.4.1_e8.2_400bps_fast@v5.0.0,9216,1.27179e+08,21738951168
Quadro GV100,dna_r10.4.1_e8.2_400bps_fast@v5.0.0,9280,1.29071e+08,21856394752
Quadro GV100,dna_r10.4.1_e8.2_400bps_fast@v5.0.0,9344,1.25114e+08,21971741184
Quadro GV100,dna_r10.4.1_e8.2_400bps_fast@v5.0.0,9408,1.30095e+08,22078699008
Quadro GV100,dna_r10.4.1_e8.2_400bps_fast@v5.0.0,9472,1.2501e+08,22196142592
Quadro GV100,dna_r10.4.1_e8.2_400bps_fast@v5.0.0,9536,1.28986e+08,22305197568
Quadro GV100,dna_r10.4.1_e8.2_400bps_fast@v5.0.0,9600,1.24855e+08,22420544000
Quadro GV100,dna_r10.4.1_e8.2_400bps_fast@v5.0.0,9664,1.29689e+08,22537987584
Quadro GV100,dna_r10.4.1_e8.2_400bps_fast@v5.0.0,9728,1.29472e+08,22647042560
Quadro GV100,dna_r10.4.1_e8.2_400bps_fast@v5.0.0,9792,1.24107e+08,22762388992
Quadro GV100,dna_r10.4.1_e8.2_400bps_fast@v5.0.0,9856,1.26638e+08,22873541120
Quadro GV100,dna_r10.4.1_e8.2_400bps_fast@v5.0.0,9920,1.30613e+08,22986790400
Quadro GV100,dna_r10.4.1_e8.2_400bps_fast@v5.0.0,9984,1.27454e+08,23102136832
Quadro GV100,dna_r10.4.1_e8.2_400bps_fast@v5.0.0,10048,1.28359e+08,23211191808
Quadro GV100,dna_r10.4.1_e8.2_400bps_fast@v5.0.0,10112,1.32852e+08,23330732544
Quadro GV100,dna_r10.4.1_e8.2_400bps_fast@v5.0.0,10176,1.31376e+08,23446078976
Quadro GV100,dna_r10.4.1_e8.2_400bps_fast@v5.0.0,10240,1.33761e+08,23555133952
Quadro GV100,dna_r10.4.1_e8.2_400bps_fast@v5.2.0,64,2.10882e+07,1223282688
Quadro GV100,dna_r10.4.1_e8.2_400bps_fast@v5.2.0,128,3.83555e+07,1371934720
Quadro GV100,dna_r10.4.1_e8.2_400bps_fast@v5.2.0,192,5.20698e+07,1518170112
Quadro GV100,dna_r10.4.1_e8.2_400bps_fast@v5.2.0,256,6.53507e+07,1666501120
Quadro GV100,dna_r10.4.1_e8.2_400bps_fast@v5.2.0,320,7.78889e+07,1812736512
Quadro GV100,dna_r10.4.1_e8.2_400bps_fast@v5.2.0,384,7.95533e+07,1958971392
Quadro GV100,dna_r10.4.1_e8.2_400bps_fast@v5.2.0,448,8.93328e+07,2105206784
Quadro GV100,dna_r10.4.1_e8.2_400bps_fast@v5.2.0,512,9.60501e+07,2253537792
Quadro GV100,dna_r10.4.1_e8.2_400bps_fast@v5.2.0,576,1.03142e+08,2399773184
Quadro GV100,dna_r10.4.1_e8.2_400bps_fast@v5.2.0,640,1.09056e+08,2548105216
Quadro GV100,dna_r10.4.1_e8.2_400bps_fast@v5.2.0,704,1.02314e+08,2693454848
Quadro GV100,dna_r10.4.1_e8.2_400bps_fast@v5.2.0,768,1.05703e+08,2840574464
Quadro GV100,dna_r10.4.1_e8.2_400bps_fast@v5.2.0,832,1.06741e+08,2987097600
Quadro GV100,dna_r10.4.1_e8.2_400bps_fast@v5.2.0,896,1.09398e+08,3137064960
Quadro GV100,dna_r10.4.1_e8.2_400bps_fast@v5.2.0,960,1.15108e+08,3283474432
Quadro GV100,dna_r10.4.1_e8.2_400bps_fast@v5.2.0,1024,1.17089e+08,3428610560
Quadro GV100,dna_r10.4.1_e8.2_400bps_fast@v5.2.0,1088,1.22042e+08,3575943680
Quadro GV100,dna_r10.4.1_e8.2_400bps_fast@v5.2.0,1152,1.22823e+08,3722254336
Quadro GV100,dna_r10.4.1_e8.2_400bps_fast@v5.2.0,1216,1.27348e+08,3872929280
Quadro GV100,dna_r10.4.1_e8.2_400bps_fast@v5.2.0,1280,1.29129e+08,4016744960
Quadro GV100,dna_r10.4.1_e8.2_400bps_fast@v5.2.0,1344,1.20105e+08,4163767808
Quadro GV100,dna_r10.4.1_e8.2_400bps_fast@v5.2.0,1408,1.22706e+08,4311638016
Quadro GV100,dna_r10.4.1_e8.2_400bps_fast@v5.2.0,1472,1.22945e+08,4461605888
Quadro GV100,dna_r10.4.1_e8.2_400bps_fast@v5.2.0,1536,1.22268e+08,4605280768
Quadro GV100,dna_r10.4.1_e8.2_400bps_fast@v5.2.0,1600,1.27408e+08,4755248640
Quadro GV100,dna_r10.4.1_e8.2_400bps_fast@v5.2.0,1664,1.25955e+08,4898924544
Quadro GV100,dna_r10.4.1_e8.2_400bps_fast@v5.2.0,1728,1.17672e+08,5047607296
Quadro GV100,dna_r10.4.1_e8.2_400bps_fast@v5.2.0,1792,1.30817e+08,5194730496
Quadro GV100,dna_r10.4.1_e8.2_400bps_fast@v5.2.0,1856,1.33408e+08,5340644864
Quadro GV100,dna_r10.4.1_e8.2_400bps_fast@v5.2.0,1920,1.34196e+08,5490405376
Quadro GV100,dna_r10.4.1_e8.2_400bps_fast@v5.2.0,1984,1.27621e+08,5634081792
Quadro GV100,dna_r10.4.1_e8.2_400bps_fast@v5.2.0,2048,1.24167e+08,5783474688
Quadro GV100,dna_r10.4.1_e8.2_400bps_fast@v5.2.0,2112,1.23662e+08,5930418688
Quadro GV100,dna_r10.4.1_e8.2_400bps_fast@v5.2.0,2176,1.13239e+08,6075765248
Quadro GV100,dna_r10.4.1_e8.2_400bps_fast@v5.2.0,2240,1.26754e+08,6224142336
Quadro GV100,dna_r10.4.1_e8.2_400bps_fast@v5.2.0,2304,1.25806e+08,6369275392
Quadro GV100,dna_r10.4.1_e8.2_400bps_fast@v5.2.0,2368,1.29364e+08,6516745728
Quadro GV100,dna_r10.4.1_e8.2_400bps_fast@v5.2.0,2432,1.2825e+08,6665966592
Quadro GV100,dna_r10.4.1_e8.2_400bps_fast@v5.2.0,2496,1.30387e+08,6808896000
Quadro GV100,dna_r10.4.1_e8.2_400bps_fast@v5.2.0,2560,1.30198e+08,6958621184
Quadro GV100,dna_r10.4.1_e8.2_400bps_fast@v5.2.0,2624,1.23149e+08,7106491904
Quadro GV100,dna_r10.4.1_e8.2_400bps_fast@v5.2.0,2688,1.26144e+08,7251118592
Quadro GV100,dna_r10.4.1_e8.2_400bps_fast@v5.2.0,2752,1.24018e+08,7402509824
Quadro GV100,dna_r10.4.1_e8.2_400bps_fast@v5.2.0,2816,1.26149e+08,7545119232
Quadro GV100,dna_r10.4.1_e8.2_400bps_fast@v5.2.0,2880,1.24445e+08,7694349824
Quadro GV100,dna_r10.4.1_e8.2_400bps_fast@v5.2.0,2944,1.2713e+08,7841648640
Quadro GV100,dna_r10.4.1_e8.2_400bps_fast@v5.2.0,3008,1.29762e+08,7988336128
Quadro GV100,dna_r10.4.1_e8.2_400bps_fast@v5.2.0,3072,1.26671e+08,8133681664
Quadro GV100,dna_r10.4.1_e8.2_400bps_fast@v5.2.0,3136,1.29318e+08,8279028224
Quadro GV100,dna_r10.4.1_e8.2_400bps_fast@v5.2.0,3200,1.31963e+08,8428404736
Quadro GV100,dna_r10.4.1_e8.2_400bps_fast@v5.2.0,3264,1.28314e+08,8577732608
Quadro GV100,dna_r10.4.1_e8.2_400bps_fast@v5.2.0,3328,1.31004e+08,8721646080
Quadro GV100,dna_r10.4.1_e8.2_400bps_fast@v5.2.0,3392,1.26613e+08,8868802048
Quadro GV100,dna_r10.4.1_e8.2_400bps_fast@v5.2.0,3456,1.28899e+08,9012051456
Quadro GV100,dna_r10.4.1_e8.2_400bps_fast@v5.2.0,3520,1.31318e+08,9161995264
Quadro GV100,dna_r10.4.1_e8.2_400bps_fast@v5.2.0,3584,1.27011e+08,9311787520
Quadro GV100,dna_r10.4.1_e8.2_400bps_fast@v5.2.0,3648,1.29343e+08,9457761792
Quadro GV100,dna_r10.4.1_e8.2_400bps_fast@v5.2.0,3712,1.31893e+08,9604565504
Quadro GV100,dna_r10.4.1_e8.2_400bps_fast@v5.2.0,3776,1.33446e+08,9747186176
Quadro GV100,dna_r10.4.1_e8.2_400bps_fast@v5.2.0,3840,1.3563e+08,9897150976
Quadro GV100,dna_r10.4.1_e8.2_400bps_fast@v5.2.0,3904,1.31108e+08,10045021696
Quadro GV100,dna_r10.4.1_e8.2_400bps_fast@v5.2.0,3968,1.32786e+08,10191599104
Quadro GV100,dna_r10.4.1_e8.2_400bps_fast@v5.2.0,4032,1.27838e+08,10338584064
Quadro GV100,dna_r10.4.1_e8.2_400bps_fast@v5.2.0,4096,1.29412e+08,10489582080
Quadro GV100,dna_r10.4.1_e8.2_400bps_fast@v5.2.0,4160,1.31807e+08,10632191488
Quadro GV100,dna_r10.4.1_e8.2_400bps_fast@v5.2.0,4224,1.25233e+08,10781372928
Quadro GV100,dna_r10.4.1_e8.2_400bps_fast@v5.2.0,4288,1.27757e+08,10924622336
Quadro GV100,dna_r10.4.1_e8.2_400bps_fast@v5.2.0,4352,1.2968e+08,11072065024
Quadro GV100,dna_r10.4.1_e8.2_400bps_fast@v5.2.0,4416,1.31435e+08,11223600640
Quadro GV100,dna_r10.4.1_e8.2_400bps_fast@v5.2.0,4480,1.32828e+08,11368307200
Quadro GV100,dna_r10.4.1_e8.2_400bps_fast@v5.2.0,4544,1.26343e+08,11515110912
Quadro GV100,dna_r10.4.1_e8.2_400bps_fast@v5.2.0,4608,1.28208e+08,11659817472
Quadro GV100,dna_r10.4.1_e8.2_400bps_fast@v5.2.0,4672,1.29037e+08,11809282560
Quadro GV100,dna_r10.4.1_e8.2_400bps_fast@v5.2.0,4736,1.31817e+08,11956726272
Quadro GV100,dna_r10.4.1_e8.2_400bps_fast@v5.2.0,4800,1.33391e+08,12102072832
Quadro GV100,dna_r10.4.1_e8.2_400bps_fast@v5.2.0,4864,1.26555e+08,12251226624
Quadro GV100,dna_r10.4.1_e8.2_400bps_fast@v5.2.0,4928,1.27352e+08,12395933184
Quadro GV100,dna_r10.4.1_e8.2_400bps_fast@v5.2.0,4992,1.29399e+08,12542736896
Quadro GV100,dna_r10.4.1_e8.2_400bps_fast@v5.2.0,5056,1.30136e+08,12691846656
Quadro GV100,dna_r10.4.1_e8.2_400bps_fast@v5.2.0,5120,1.32178e+08,12835095040
Quadro GV100,dna_r10.4.1_e8.2_400bps_fast@v5.2.0,5184,1.24469e+08,12984635904
Quadro GV100,dna_r10.4.1_e8.2_400bps_fast@v5.2.0,5248,1.26021e+08,13134146048
Quadro GV100,dna_r10.4.1_e8.2_400bps_fast@v5.2.0,5312,1.27073e+08,13278852608
Quadro GV100,dna_r10.4.1_e8.2_400bps_fast@v5.2.0,5376,1.28925e+08,13425656320
Quadro GV100,dna_r10.4.1_e8.2_400bps_fast@v5.2.0,5440,1.2953e+08,13570362880
Quadro GV100,dna_r10.4.1_e8.2_400bps_fast@v5.2.0,5504,1.31498e+08,13723458048
Quadro GV100,dna_r10.4.1_e8.2_400bps_fast@v5.2.0,5568,1.32981e+08,13870261760
Quadro GV100,dna_r10.4.1_e8.2_400bps_fast@v5.2.0,5632,1.24557e+08,14014968320
Quadro GV100,dna_r10.4.1_e8.2_400bps_fast@v5.2.0,5696,1.25575e+08,14161772032
Quadro GV100,dna_r10.4.1_e8.2_400bps_fast@v5.2.0,5760,1.27765e+08,14306478592
Quadro GV100,dna_r10.4.1_e8.2_400bps_fast@v5.2.0,5824,1.28449e+08,14453282304
Quadro GV100,dna_r10.4.1_e8.2_400bps_fast@v5.2.0,5888,1.29973e+08,14606377472
Quadro GV100,dna_r10.4.1_e8.2_400bps_fast@v5.2.0,5952,1.30622e+08,14748986880
Quadro GV100,dna_r10.4.1_e8.2_400bps_fast@v5.2.0,6016,1.3258e+08,14899984896
Quadro GV100,dna_r10.4.1_e8.2_400bps_fast@v5.2.0,6080,1.22781e+08,15040497152
Quadro GV100,dna_r10.4.1_e8.2_400bps_fast@v5.2.0,6144,1.24489e+08,15189398016
Quadro GV100,dna_r10.4.1_e8.2_400bps_fast@v5.2.0,6208,1.25093e+08,15336201728
Quadro GV100,dna_r10.4.1_e8.2_400bps_fast@v5.2.0,6272,1.27235e+08,15480908288
Quadro GV100,dna_r10.4.1_e8.2_400bps_fast@v5.2.0,6336,1.27526e+08,15634003456
Quadro GV100,dna_r10.4.1_e8.2_400bps_fast@v5.2.0,6400,1.28465e+08,15780807168
Quadro GV100,dna_r10.4.1_e8.2_400bps_fast@v5.2.0,6464,1.30014e+08,15925513728
Quadro GV100,dna_r10.4.1_e8.2_400bps_fast@v5.2.0,6528,1.314e+08,16072317440
Quadro GV100,dna_r10.4.1_e8.2_400bps_fast@v5.2.0,6592,1.32156e+08,16217024000
Quadro GV100,dna_r10.4.1_e8.2_400bps_fast@v5.2.0,6656,1.22767e+08,16365924864
Quadro GV100,dna_r10.4.1_e8.2_400bps_fast@v5.2.0,6720,1.23174e+08,16516922880
Quadro GV100,dna_r10.4.1_e8.2_400bps_fast@v5.2.0,6784,1.24551e+08,16659532288
Quadro GV100,dna_r10.4.1_e8.2_400bps_fast@v5.2.0,6848,1.32179e+08,16808433152
Quadro GV100,dna_r10.4.1_e8.2_400bps_fast@v5.2.0,6912,1.26871e+08,16951042560
Quadro GV100,dna_r10.4.1_e8.2_400bps_fast@v5.2.0,6976,1.23797e+08,17102040576
Quadro GV100,dna_r10.4.1_e8.2_400bps_fast@v5.2.0,7040,1.28586e+08,17246747136
Quadro GV100,dna_r10.4.1_e8.2_400bps_fast@v5.2.0,7104,1.25762e+08,17391453696
Quadro GV100,dna_r10.4.1_e8.2_400bps_fast@v5.2.0,7168,1.27886e+08,17542451712
Quadro GV100,dna_r10.4.1_e8.2_400bps_fast@v5.2.0,7232,1.25539e+08,17687158272
Quadro GV100,dna_r10.4.1_e8.2_400bps_fast@v5.2.0,7296,1.29167e+08,17838156288
Quadro GV100,dna_r10.4.1_e8.2_400bps_fast@v5.2.0,7360,1.32691e+08,17982862848
Quadro GV100,dna_r10.4.1_e8.2_400bps_fast@v5.2.0,7424,1.28398e+08,18127569408
Quadro GV100,dna_r10.4.1_e8.2_400bps_fast@v5.2.0,7488,1.30091e+08,18274373120
Quadro GV100,dna_r10.4.1_e8.2_400bps_fast@v5.2.0,7552,1.32023e+08,18421176832
Quadro GV100,dna_r10.4.1_e8.2_400bps_fast@v5.2.0,7616,1.34332e+08,18572174848
Quadro GV100,dna_r10.4.1_e8.2_400bps_fast@v5.2.0,7680,1.31715e+08,18721075712
Quadro GV100,dna_r10.4.1_e8.2_400bps_fast@v5.2.0,7744,1.32221e+08,18861587968
Quadro GV100,dna_r10.4.1_e8.2_400bps_fast@v5.2.0,7808,1.29967e+08,19010488832
Quadro GV100,dna_r10.4.1_e8.2_400bps_fast@v5.2.0,7872,1.25253e+08,19159389696
Quadro GV100,dna_r10.4.1_e8.2_400bps_fast@v5.2.0,7936,1.308e+08,19304096256
Quadro GV100,dna_r10.4.1_e8.2_400bps_fast@v5.2.0,8000,1.24548e+08,19455094272
Quadro GV100,dna_r10.4.1_e8.2_400bps_fast@v5.2.0,8064,1.30857e+08,19597703680
Quadro GV100,dna_r10.4.1_e8.2_400bps_fast@v5.2.0,8128,1.30131e+08,19744507392
Quadro GV100,dna_r10.4.1_e8.2_400bps_fast@v5.2.0,8192,1.32863e+08,19895505408
Quadro GV100,dna_r10.4.1_e8.2_400bps_fast@v5.2.0,8256,1.24521e+08,20040211968
Quadro GV100,dna_r10.4.1_e8.2_400bps_fast@v5.2.0,8320,1.30846e+08,20153461248
Quadro GV100,dna_r10.4.1_e8.2_400bps_fast@v5.2.0,8384,1.22759e+08,20262516224
Quadro GV100,dna_r10.4.1_e8.2_400bps_fast@v5.2.0,8448,1.32527e+08,20379959808
Quadro GV100,dna_r10.4.1_e8.2_400bps_fast@v5.2.0,8512,1.28618e+08,20497403392
Quadro GV100,dna_r10.4.1_e8.2_400bps_fast@v5.2.0,8576,1.33443e+08,20606458368
Quadro GV100,dna_r10.4.1_e8.2_400bps_fast@v5.2.0,8640,1.26627e+08,20721804800
Quadro GV100,dna_r10.4.1_e8.2_400bps_fast@v5.2.0,8704,1.31823e+08,20828762624
Quadro GV100,dna_r10.4.1_e8.2_400bps_fast@v5.2.0,8768,1.286e+08,20944109056
Quadro GV100,dna_r10.4.1_e8.2_400bps_fast@v5.2.0,8832,1.34027e+08,21063649792
Quadro GV100,dna_r10.4.1_e8.2_400bps_fast@v5.2.0,8896,1.34153e+08,21174801920
Quadro GV100,dna_r10.4.1_e8.2_400bps_fast@v5.2.0,8960,1.3433e+08,21288051200
Quadro GV100,dna_r10.4.1_e8.2_400bps_fast@v5.2.0,9024,1.23659e+08,21403397632
Quadro GV100,dna_r10.4.1_e8.2_400bps_fast@v5.2.0,9088,1.32614e+08,21510355456
Quadro GV100,dna_r10.4.1_e8.2_400bps_fast@v5.2.0,9152,1.32746e+08,21627799040
Quadro GV100,dna_r10.4.1_e8.2_400bps_fast@v5.2.0,9216,1.24636e+08,21738951168
Quadro GV100,dna_r10.4.1_e8.2_400bps_fast@v5.2.0,9280,1.29487e+08,21856394752
Quadro GV100,dna_r10.4.1_e8.2_400bps_fast@v5.2.0,9344,1.34932e+08,21971741184
Quadro GV100,dna_r10.4.1_e8.2_400bps_fast@v5.2.0,9408,1.30919e+08,22078699008
Quadro GV100,dna_r10.4.1_e8.2_400bps_fast@v5.2.0,9472,1.36096e+08,22196142592
Quadro GV100,dna_r10.4.1_e8.2_400bps_fast@v5.2.0,9536,1.3293e+08,22305197568
Quadro GV100,dna_r10.4.1_e8.2_400bps_fast@v5.2.0,9600,1.24323e+08,22420544000
Quadro GV100,dna_r10.4.1_e8.2_400bps_fast@v5.2.0,9664,1.29285e+08,22537987584
Quadro GV100,dna_r10.4.1_e8.2_400bps_fast@v5.2.0,9728,1.30262e+08,22647042560
Quadro GV100,dna_r10.4.1_e8.2_400bps_fast@v5.2.0,9792,1.25193e+08,22762388992
Quadro GV100,dna_r10.4.1_e8.2_400bps_fast@v5.2.0,9856,1.32467e+08,22873541120
Quadro GV100,dna_r10.4.1_e8.2_400bps_fast@v5.2.0,9920,1.26497e+08,22986790400
Quadro GV100,dna_r10.4.1_e8.2_400bps_fast@v5.2.0,9984,1.28756e+08,23102136832
Quadro GV100,dna_r10.4.1_e8.2_400bps_fast@v5.2.0,10048,1.30477e+08,23211191808
Quadro GV100,dna_r10.4.1_e8.2_400bps_fast@v5.2.0,10112,1.2577e+08,23330732544
Quadro GV100,dna_r10.4.1_e8.2_400bps_fast@v5.2.0,10176,1.28835e+08,23446078976
Quadro GV100,dna_r10.4.1_e8.2_400bps_fast@v5.2.0,10240,1.32799e+08,23555133952
Quadro GV100,dna_r10.4.1_e8.2_400bps_hac@v4.3.0,64,1.0641e+06,1528444416
Quadro GV100,dna_r10.4.1_e8.2_400bps_hac@v4.3.0,128,2.1291e+06,1955377664
Quadro GV100,dna_r10.4.1_e8.2_400bps_hac@v4.3.0,192,3.19521e+06,2380214272
Quadro GV100,dna_r10.4.1_e8.2_400bps_hac@v4.3.0,256,4.25756e+06,2807565312
Quadro GV100,dna_r10.4.1_e8.2_400bps_hac@v4.3.0,320,5.30941e+06,3234499072
Quadro GV100,dna_r10.4.1_e8.2_400bps_hac@v4.3.0,384,6.3679e+06,3661014016
Quadro GV100,dna_r10.4.1_e8.2_400bps_hac@v4.3.0,448,7.4376e+06,4088166400
Quadro GV100,dna_r10.4.1_e8.2_400bps_hac@v4.3.0,512,8.47764e+06,4512783360
Quadro GV100,dna_r10.4.1_e8.2_400bps_hac@v4.3.0,576,9.52243e+06,4939812864
Quadro GV100,dna_r10.4.1_e8.2_400bps_hac@v4.3.0,640,9.99316e+06,5366650368
Quadro GV100,dna_r10.4.1_e8.2_400bps_hac@v4.3.0,704,1.09842e+07,5792698368
Quadro GV100,dna_r10.4.1_e8.2_400bps_hac@v4.3.0,768,1.19977e+07,6220516864
Quadro GV100,dna_r10.4.1_e8.2_400bps_hac@v4.3.0,832,1.29826e+07,6645641216
Quadro GV100,dna_r10.4.1_e8.2_400bps_hac@v4.3.0,896,1.39439e+07,7075051008
Quadro GV100,dna_r10.4.1_e8.2_400bps_hac@v4.3.0,960,1.49439e+07,7499634688
Quadro GV100,dna_r10.4.1_e8.2_400bps_hac@v4.3.0,1024,1.59477e+07,7925055488
Quadro GV100,dna_r10.4.1_e8.2_400bps_hac@v4.3.0,1088,1.69133e+07,8350989824
Quadro GV100,dna_r10.4.1_e8.2_400bps_hac@v4.3.0,1152,1.79163e+07,8777998848
Quadro GV100,dna_r10.4.1_e8.2_400bps_hac@v4.3.0,1216,1.88496e+07,9207305728
Quadro GV100,dna_r10.4.1_e8.2_400bps_hac@v4.3.0,1280,1.86953e+07,9632207872
Quadro GV100,dna_r10.4.1_e8.2_400bps_hac@v4.3.0,1344,1.95877e+07,10057511936
Quadro GV100,dna_r10.4.1_e8.2_400bps_hac@v4.3.0,1408,2.05003e+07,10485982208
Quadro GV100,dna_r10.4.1_e8.2_400bps_hac@v4.3.0,1472,2.14128e+07,10912454144
Quadro GV100,dna_r10.4.1_e8.2_400bps_hac@v4.3.0,1536,2.23638e+07,11338925056
Quadro GV100,dna_r10.4.1_e8.2_400bps_hac@v4.3.0,1600,2.32168e+07,11767494144
Quadro GV100,dna_r10.4.1_e8.2_400bps_hac@v4.3.0,1664,2.41609e+07,12189771264
Quadro GV100,dna_r10.4.1_e8.2_400bps_hac@v4.3.0,1728,1.85918e+07,12618340352
Quadro GV100,dna_r10.4.1_e8.2_400bps_hac@v4.3.0,1792,1.92253e+07,13045445120
Quadro GV100,dna_r10.4.1_e8.2_400bps_hac@v4.3.0,1856,1.98732e+07,13469392896
Quadro GV100,dna_r10.4.1_e8.2_400bps_hac@v4.3.0,1920,2.05235e+07,13899851776
Quadro GV100,dna_r10.4.1_e8.2_400bps_hac@v4.3.0,1984,1.92687e+07,14322129408
Quadro GV100,dna_r10.4.1_e8.2_400bps_hac@v4.3.0,2048,1.80511e+07,14751721472
Quadro GV100,dna_r10.4.1_e8.2_400bps_hac@v4.3.0,2112,1.8576e+07,15177766400
Quadro GV100,dna_r10.4.1_e8.2_400bps_hac@v4.3.0,2176,1.91143e+07,15601714176
Quadro GV100,dna_r10.4.1_e8.2_400bps_hac@v4.3.0,2240,1.96514e+07,16032209920
Quadro GV100,dna_r10.4.1_e8.2_400bps_hac@v4.3.0,2304,2.01211e+07,16454486528
Quadro GV100,dna_r10.4.1_e8.2_400bps_hac@v4.3.0,2368,1.85747e+07,16884790272
Quadro GV100,dna_r10.4.1_e8.2_400bps_hac@v4.3.0,2432,1.90181e+07,17312612352
Quadro GV100,dna_r10.4.1_e8.2_400bps_hac@v4.3.0,2496,1.94585e+07,17734142976
Quadro GV100,dna_r10.4.1_e8.2_400bps_hac@v4.3.0,2560,1.99381e+07,18162469888
Quadro GV100,dna_r10.4.1_e8.2_400bps_hac@v4.3.0,2624,2.0418e+07,18591038976
Quadro GV100,dna_r10.4.1_e8.2_400bps_hac@v4.3.0,2688,2.09025e+07,19016364032
Quadro GV100,dna_r10.4.1_e8.2_400bps_hac@v4.3.0,2752,2.13593e+07,19445431296
Quadro GV100,dna_r10.4.1_e8.2_400bps_hac@v4.3.0,2816,2.18195e+07,19866961920
Quadro GV100,dna_r10.4.1_e8.2_400bps_hac@v4.3.0,2880,2.23518e+07,20295113728
Quadro GV100,dna_r10.4.1_e8.2_400bps_hac@v4.3.0,2944,2.2781e+07,20721299456
Quadro GV100,dna_r10.4.1_e8.2_400bps_hac@v4.3.0,3008,2.3249e+07,21115130880
Quadro GV100,dna_r10.4.1_e8.2_400bps_hac@v4.3.0,3072,2.10794e+07,21509718016
Quadro GV100,dna_r10.4.1_e8.2_400bps_hac@v4.3.0,3136,2.15017e+07,21898014208
Quadro GV100,dna_r10.4.1_e8.2_400bps_hac@v4.3.0,3200,2.19142e+07,22293751296
Quadro GV100,dna_r10.4.1_e8.2_400bps_hac@v4.3.0,3264,2.22897e+07,22686348800
Quadro GV100,dna_r10.4.1_e8.2_400bps_hac@v4.3.0,3328,2.22481e+07,23077726208
Quadro GV100,dna_r10.4.1_e8.2_400bps_hac@v4.3.0,3392,2.20294e+07,23474267136
Quadro GV100,dna_r10.4.1_e8.2_400bps_hac@v4.3.0,3456,2.0345e+07,23862563328
Quadro GV100,dna_r10.4.1_e8.2_400bps_hac@v4.3.0,3520,2.02889e+07,24257553920
Quadro GV100,dna_r10.4.1_e8.2_400bps_hac@v4.3.0,3584,2.03914e+07,24651431936
Quadro GV100,dna_r10.4.1_e8.2_400bps_hac@v4.3.0,3648,2.05603e+07,25042772992
Quadro GV100,dna_r10.4.1_e8.2_400bps_hac@v4.3.0,3712,1.84619e+07,25437040640
Quadro GV100,dna_r10.4.1_e8.2_400bps_hac@v4.3.0,3776,1.85744e+07,25827126784
Quadro GV100,dna_r10.4.1_e8.2_400bps_hac@v4.3.0,3840,2.06747e+07,26222138880
Quadro GV100,dna_r10.4.1_e8.2_400bps_hac@v4.3.0,3904,2.06286e+07,26615056384
Quadro GV100,dna_r10.4.1_e8.2_400bps_hac@v4.3.0,3968,1.85278e+07,27006680576
Quadro GV100,dna_r10.4.1_e8.2_400bps_hac@v4.3.0,4032,1.85993e+07,27402087424
Quadro GV100,dna_r10.4.1_e8.2_400bps_hac@v4.3.0,4096,1.85783e+07,27796355072
Quadro GV100,dna_r10.4.1_e8.2_400bps_hac@v4.3.0,4160,2.09971e+07,28188525568
Quadro GV100,dna_r10.4.1_e8.2_400bps_hac@v4.3.0,4224,1.88614e+07,28580836352
Quadro GV100,dna_r10.4.1_e8.2_400bps_hac@v4.3.0,4288,2.14942e+07,28971229696
Quadro GV100,dna_r10.4.1_e8.2_400bps_hac@v4.3.0,4352,2.16014e+07,29365816832
Quadro GV100,dna_r10.4.1_e8.2_400bps_hac@v4.3.0,4416,2.14297e+07,29761401856
Quadro GV100,dna_r10.4.1_e8.2_400bps_hac@v4.3.0,4480,2.18749e+07,30153572352
Quadro GV100,dna_r10.4.1_e8.2_400bps_hac@v4.3.0,4544,2.18132e+07,30545742848
Quadro GV100,dna_r10.4.1_e8.2_400bps_hac@v4.3.0,4608,2.19362e+07,30935816192
Quadro GV100,dna_r10.4.1_e8.2_400bps_hac@v4.3.0,4672,2.1967e+07,31330365952
Quadro GV100,dna_r10.4.1_e8.2_400bps_hac@v4.3.0,4736,2.20055e+07,31724953600
Quadro GV100,dna_r10.4.1_e8.2_400bps_hac@v4.3.0,4800,2.21064e+07,32115346944
Quadro GV100,dna_r10.4.1_e8.2_400bps_hac@v4.3.0,4864,2.23196e+07,32512886784
Quadro GV100,dna_r10.4.1_e8.2_400bps_hac@v4.3.0,4928,2.21665e+07,32479332352
Quadro GV100,dna_r10.4.1_e8.2_400bps_hac@v5.0.0,64,1.06666e+06,1528444416
Quadro GV100,dna_r10.4.1_e8.2_400bps_hac@v5.0.0,128,2.12746e+06,1955377664
Quadro GV100,dna_r10.4.1_e8.2_400bps_hac@v5.0.0,192,3.18693e+06,2380214272
Quadro GV100,dna_r10.4.1_e8.2_400bps_hac@v5.0.0,256,4.25466e+06,2807565312
Quadro GV100,dna_r10.4.1_e8.2_400bps_hac@v5.0.0,320,5.30982e+06,3234499072
Quadro GV100,dna_r10.4.1_e8.2_400bps_hac@v5.0.0,384,6.38034e+06,3661014016
Quadro GV100,dna_r10.4.1_e8.2_400bps_hac@v5.0.0,448,7.4208e+06,4088166400
Quadro GV100,dna_r10.4.1_e8.2_400bps_hac@v5.0.0,512,8.50041e+06,4512783360
Quadro GV100,dna_r10.4.1_e8.2_400bps_hac@v5.0.0,576,8.99485e+06,4939812864
Quadro GV100,dna_r10.4.1_e8.2_400bps_hac@v5.0.0,640,9.9846e+06,5366650368
Quadro GV100,dna_r10.4.1_e8.2_400bps_hac@v5.0.0,704,1.09729e+07,5792698368
Quadro GV100,dna_r10.4.1_e8.2_400bps_hac@v5.0.0,768,1.19347e+07,6220516864
Quadro GV100,dna_r10.4.1_e8.2_400bps_hac@v5.0.0,832,1.29579e+07,6645641216
Quadro GV100,dna_r10.4.1_e8.2_400bps_hac@v5.0.0,896,1.39835e+07,7075051008
Quadro GV100,dna_r10.4.1_e8.2_400bps_hac@v5.0.0,960,1.49055e+07,7499634688
Quadro GV100,dna_r10.4.1_e8.2_400bps_hac@v5.0.0,1024,1.59424e+07,7925055488
Quadro GV100,dna_r10.4.1_e8.2_400bps_hac@v5.0.0,1088,1.6885e+07,8350989824
Quadro GV100,dna_r10.4.1_e8.2_400bps_hac@v5.0.0,1152,1.78855e+07,8777998848
Quadro GV100,dna_r10.4.1_e8.2_400bps_hac@v5.0.0,1216,1.77516e+07,9207305728
Quadro GV100,dna_r10.4.1_e8.2_400bps_hac@v5.0.0,1280,1.86802e+07,9632207872
Quadro GV100,dna_r10.4.1_e8.2_400bps_hac@v5.0.0,1344,1.95509e+07,10057511936
Quadro GV100,dna_r10.4.1_e8.2_400bps_hac@v5.0.0,1408,2.04985e+07,10485982208
Quadro GV100,dna_r10.4.1_e8.2_400bps_hac@v5.0.0,1472,2.14411e+07,10912454144
Quadro GV100,dna_r10.4.1_e8.2_400bps_hac@v5.0.0,1536,2.23361e+07,11338925056
Quadro GV100,dna_r10.4.1_e8.2_400bps_hac@v5.0.0,1600,2.31843e+07,11767494144
Quadro GV100,dna_r10.4.1_e8.2_400bps_hac@v5.0.0,1664,2.41763e+07,12189771264
Quadro GV100,dna_r10.4.1_e8.2_400bps_hac@v5.0.0,1728,1.85786e+07,12618340352
Quadro GV100,dna_r10.4.1_e8.2_400bps_hac@v5.0.0,1792,1.92177e+07,13045445120
Quadro GV100,dna_r10.4.1_e8.2_400bps_hac@v5.0.0,1856,1.98985e+07,13469392896
Quadro GV100,dna_r10.4.1_e8.2_400bps_hac@v5.0.0,1920,2.05075e+07,13899851776
Quadro GV100,dna_r10.4.1_e8.2_400bps_hac@v5.0.0,1984,1.92503e+07,14322129408
Quadro GV100,dna_r10.4.1_e8.2_400bps_hac@v5.0.0,2048,1.80343e+07,14751721472
Quadro GV100,dna_r10.4.1_e8.2_400bps_hac@v5.0.0,2112,1.85644e+07,15177766400
Quadro GV100,dna_r10.4.1_e8.2_400bps_hac@v5.0.0,2176,1.90664e+07,15601714176
Quadro GV100,dna_r10.4.1_e8.2_400bps_hac@v5.0.0,2240,1.96147e+07,16032209920
Quadro GV100,dna_r10.4.1_e8.2_400bps_hac@v5.0.0,2304,2.00868e+07,16454486528
Quadro GV100,dna_r10.4.1_e8.2_400bps_hac@v5.0.0,2368,1.85385e+07,16884790272
Quadro GV100,dna_r10.4.1_e8.2_400bps_hac@v5.0.0,2432,1.89748e+07,17312612352
Quadro GV100,dna_r10.4.1_e8.2_400bps_hac@v5.0.0,2496,1.94595e+07,17734142976
Quadro GV100,dna_r10.4.1_e8.2_400bps_hac@v5.0.0,2560,1.99014e+07,18162469888
Quadro GV100,dna_r10.4.1_e8.2_400bps_hac@v5.0.0,2624,2.04041e+07,18591038976
Quadro GV100,dna_r10.4.1_e8.2_400bps_hac@v5.0.0,2688,2.0884e+07,19016364032
Quadro GV100,dna_r10.4.1_e8.2_400bps_hac@v5.0.0,2752,2.13426e+07,19445431296
Quadro GV100,dna_r10.4.1_e8.2_400bps_hac@v5.0.0,2816,2.1824e+07,19866961920
Quadro GV100,dna_r10.4.1_e8.2_400bps_hac@v5.0.0,2880,2.23002e+07,20295113728
Quadro GV100,dna_r10.4.1_e8.2_400bps_hac@v5.0.0,2944,2.01906e+07,20721299456
Quadro GV100,dna_r10.4.1_e8.2_400bps_hac@v5.0.0,3008,2.06869e+07,21115130880
Quadro GV100,dna_r10.4.1_e8.2_400bps_hac@v5.0.0,3072,2.10761e+07,21509718016
Quadro GV100,dna_r10.4.1_e8.2_400bps_hac@v5.0.0,3136,2.14729e+07,21898014208
Quadro GV100,dna_r10.4.1_e8.2_400bps_hac@v5.0.0,3200,2.18704e+07,22293751296
Quadro GV100,dna_r10.4.1_e8.2_400bps_hac@v5.0.0,3264,2.22442e+07,22686348800
Quadro GV100,dna_r10.4.1_e8.2_400bps_hac@v5.0.0,3328,2.22376e+07,23077726208
Quadro GV100,dna_r10.4.1_e8.2_400bps_hac@v5.0.0,3392,2.17042e+07,23474267136
Quadro GV100,dna_r10.4.1_e8.2_400bps_hac@v5.0.0,3456,2.03389e+07,23862563328
Quadro GV100,dna_r10.4.1_e8.2_400bps_hac@v5.0.0,3520,2.02326e+07,24257553920
Quadro GV100,dna_r10.4.1_e8.2_400bps_hac@v5.0.0,3584,2.00676e+07,24651431936
Quadro GV100,dna_r10.4.1_e8.2_400bps_hac@v5.0.0,3648,2.08159e+07,25042772992
Quadro GV100,dna_r10.4.1_e8.2_400bps_hac@v5.0.0,3712,2.02088e+07,25437040640
Quadro GV100,dna_r10.4.1_e8.2_400bps_hac@v5.0.0,3776,1.85417e+07,25827126784
Quadro GV100,dna_r10.4.1_e8.2_400bps_hac@v5.0.0,3840,1.84504e+07,26222138880
Quadro GV100,dna_r10.4.1_e8.2_400bps_hac@v5.0.0,3904,1.84148e+07,26615056384
Quadro GV100,dna_r10.4.1_e8.2_400bps_hac@v5.0.0,3968,1.84686e+07,27006680576
Quadro GV100,dna_r10.4.1_e8.2_400bps_hac@v5.0.0,4032,2.06407e+07,27402087424
Quadro GV100,dna_r10.4.1_e8.2_400bps_hac@v5.0.0,4096,1.85274e+07,27796355072
Quadro GV100,dna_r10.4.1_e8.2_400bps_hac@v5.0.0,4160,1.86771e+07,28188525568
Quadro GV100,dna_r10.4.1_e8.2_400bps_hac@v5.0.0,4224,1.87854e+07,28580836352
Quadro GV100,dna_r10.4.1_e8.2_400bps_hac@v5.0.0,4288,2.1274e+07,28971229696
Quadro GV100,dna_r10.4.1_e8.2_400bps_hac@v5.0.0,4352,2.1462e+07,29365816832
Quadro GV100,dna_r10.4.1_e8.2_400bps_hac@v5.0.0,4416,2.16083e+07,29761401856
Quadro GV100,dna_r10.4.1_e8.2_400bps_hac@v5.0.0,4480,2.17221e+07,30153572352
Quadro GV100,dna_r10.4.1_e8.2_400bps_hac@v5.0.0,4544,2.18178e+07,30545742848
Quadro GV100,dna_r10.4.1_e8.2_400bps_hac@v5.0.0,4608,2.20115e+07,30935816192
Quadro GV100,dna_r10.4.1_e8.2_400bps_hac@v5.0.0,4672,2.16639e+07,31330365952
Quadro GV100,dna_r10.4.1_e8.2_400bps_hac@v5.0.0,4736,2.19285e+07,31724953600
Quadro GV100,dna_r10.4.1_e8.2_400bps_hac@v5.0.0,4800,2.21375e+07,32115346944
Quadro GV100,dna_r10.4.1_e8.2_400bps_hac@v5.0.0,4864,2.22765e+07,32512886784
Quadro GV100,dna_r10.4.1_e8.2_400bps_hac@v5.0.0,4928,2.19466e+07,32479332352
Quadro GV100,dna_r10.4.1_e8.2_400bps_hac@v5.2.0,64,753860,1538711552
Quadro GV100,dna_r10.4.1_e8.2_400bps_hac@v5.2.0,128,1.50066e+06,1964827136
Quadro GV100,dna_r10.4.1_e8.2_400bps_hac@v5.2.0,192,2.25623e+06,2390281728
Quadro GV100,dna_r10.4.1_e8.2_400bps_hac@v5.2.0,256,3.00638e+06,2817014784
Quadro GV100,dna_r10.4.1_e8.2_400bps_hac@v5.2.0,320,3.75837e+06,3243948544
Quadro GV100,dna_r10.4.1_e8.2_400bps_hac@v5.2.0,384,4.50615e+06,3670463488
Quadro GV100,dna_r10.4.1_e8.2_400bps_hac@v5.2.0,448,5.25433e+06,4097615872
Quadro GV100,dna_r10.4.1_e8.2_400bps_hac@v5.2.0,512,5.99032e+06,4522232832
Quadro GV100,dna_r10.4.1_e8.2_400bps_hac@v5.2.0,576,6.7386e+06,4949166592
Quadro GV100,dna_r10.4.1_e8.2_400bps_hac@v5.2.0,640,7.50161e+06,5376099840
Quadro GV100,dna_r10.4.1_e8.2_400bps_hac@v5.2.0,704,8.22663e+06,5802147840
Quadro GV100,dna_r10.4.1_e8.2_400bps_hac@v5.2.0,768,8.96897e+06,6229966336
Quadro GV100,dna_r10.4.1_e8.2_400bps_hac@v5.2.0,832,8.93253e+06,6655090688
Quadro GV100,dna_r10.4.1_e8.2_400bps_hac@v5.2.0,896,1.04585e+07,7083659264
Quadro GV100,dna_r10.4.1_e8.2_400bps_hac@v5.2.0,960,1.11987e+07,7508669952
Quadro GV100,dna_r10.4.1_e8.2_400bps_hac@v5.2.0,1024,1.08108e+07,7934504960
Quadro GV100,dna_r10.4.1_e8.2_400bps_hac@v5.2.0,1088,1.1657e+07,8360439296
Quadro GV100,dna_r10.4.1_e8.2_400bps_hac@v5.2.0,1152,1.23731e+07,8787448320
Quadro GV100,dna_r10.4.1_e8.2_400bps_hac@v5.2.0,1216,1.30321e+07,9216017408
Quadro GV100,dna_r10.4.1_e8.2_400bps_hac@v5.2.0,1280,1.37426e+07,9641239040
Quadro GV100,dna_r10.4.1_e8.2_400bps_hac@v5.2.0,1344,1.43945e+07,10066863104
Quadro GV100,dna_r10.4.1_e8.2_400bps_hac@v5.2.0,1408,1.50609e+07,10495431680
Quadro GV100,dna_r10.4.1_e8.2_400bps_hac@v5.2.0,1472,1.5752e+07,10921903616
Quadro GV100,dna_r10.4.1_e8.2_400bps_hac@v5.2.0,1536,1.64394e+07,11349067776
Quadro GV100,dna_r10.4.1_e8.2_400bps_hac@v5.2.0,1600,1.70312e+07,11776943616
Quadro GV100,dna_r10.4.1_e8.2_400bps_hac@v5.2.0,1664,1.77807e+07,12199220736
Quadro GV100,dna_r10.4.1_e8.2_400bps_hac@v5.2.0,1728,1.33244e+07,12627789824
Quadro GV100,dna_r10.4.1_e8.2_400bps_hac@v5.2.0,1792,1.40733e+07,13054260736
Quadro GV100,dna_r10.4.1_e8.2_400bps_hac@v5.2.0,1856,1.45317e+07,13478635520
Quadro GV100,dna_r10.4.1_e8.2_400bps_hac@v5.2.0,1920,1.49808e+07,13909301248
Quadro GV100,dna_r10.4.1_e8.2_400bps_hac@v5.2.0,1984,1.36234e+07,14331578880
Quadro GV100,dna_r10.4.1_e8.2_400bps_hac@v5.2.0,2048,1.40367e+07,14760146944
Quadro GV100,dna_r10.4.1_e8.2_400bps_hac@v5.2.0,2112,1.44163e+07,15186618880
Quadro GV100,dna_r10.4.1_e8.2_400bps_hac@v5.2.0,2176,1.4842e+07,15610993152
Quadro GV100,dna_r10.4.1_e8.2_400bps_hac@v5.2.0,2240,1.52524e+07,16041659392
Quadro GV100,dna_r10.4.1_e8.2_400bps_hac@v5.2.0,2304,1.36498e+07,16463936000
Quadro GV100,dna_r10.4.1_e8.2_400bps_hac@v5.2.0,2368,1.40013e+07,16893252608
Quadro GV100,dna_r10.4.1_e8.2_400bps_hac@v5.2.0,2432,1.43088e+07,17321501184
Quadro GV100,dna_r10.4.1_e8.2_400bps_hac@v5.2.0,2496,1.46424e+07,17743458816
Quadro GV100,dna_r10.4.1_e8.2_400bps_hac@v5.2.0,2560,1.49895e+07,18171919360
Quadro GV100,dna_r10.4.1_e8.2_400bps_hac@v5.2.0,2624,1.53505e+07,18600488448
Quadro GV100,dna_r10.4.1_e8.2_400bps_hac@v5.2.0,2688,1.57158e+07,19025551360
Quadro GV100,dna_r10.4.1_e8.2_400bps_hac@v5.2.0,2752,1.60874e+07,19454618624
Quadro GV100,dna_r10.4.1_e8.2_400bps_hac@v5.2.0,2816,1.63395e+07,19875805696
Quadro GV100,dna_r10.4.1_e8.2_400bps_hac@v5.2.0,2880,1.65335e+07,20304277504
Quadro GV100,dna_r10.4.1_e8.2_400bps_hac@v5.2.0,2944,1.68954e+07,20730748928
Quadro GV100,dna_r10.4.1_e8.2_400bps_hac@v5.2.0,3008,1.71143e+07,21124580352
Quadro GV100,dna_r10.4.1_e8.2_400bps_hac@v5.2.0,3072,1.73555e+07,21519167488
Quadro GV100,dna_r10.4.1_e8.2_400bps_hac@v5.2.0,3136,1.75942e+07,21907512832
Quadro GV100,dna_r10.4.1_e8.2_400bps_hac@v5.2.0,3200,1.76367e+07,22302515712
Quadro GV100,dna_r10.4.1_e8.2_400bps_hac@v5.2.0,3264,1.76915e+07,22695482368
Quadro GV100,dna_r10.4.1_e8.2_400bps_hac@v5.2.0,3328,1.62834e+07,23087228416
Quadro GV100,dna_r10.4.1_e8.2_400bps_hac@v5.2.0,3392,1.58462e+07,23483962368
Quadro GV100,dna_r10.4.1_e8.2_400bps_hac@v5.2.0,3456,1.44088e+07,23872307712
Quadro GV100,dna_r10.4.1_e8.2_400bps_hac@v5.2.0,3520,1.45336e+07,24268366336
Quadro GV100,dna_r10.4.1_e8.2_400bps_hac@v5.2.0,3584,1.44483e+07,24661012480
Quadro GV100,dna_r10.4.1_e8.2_400bps_hac@v5.2.0,3648,1.46336e+07,25052402688
Quadro GV100,dna_r10.4.1_e8.2_400bps_hac@v5.2.0,3712,1.52005e+07,25446719488
Quadro GV100,dna_r10.4.1_e8.2_400bps_hac@v5.2.0,3776,1.53722e+07,25837116928
Quadro GV100,dna_r10.4.1_e8.2_400bps_hac@v5.2.0,3840,1.52663e+07,26232178176
Quadro GV100,dna_r10.4.1_e8.2_400bps_hac@v5.2.0,3904,1.53101e+07,26625144832
Quadro GV100,dna_r10.4.1_e8.2_400bps_hac@v5.2.0,3968,1.53048e+07,27016818176
Quadro GV100,dna_r10.4.1_e8.2_400bps_hac@v5.2.0,4032,1.53834e+07,27412274176
Quadro GV100,dna_r10.4.1_e8.2_400bps_hac@v5.2.0,4096,1.53081e+07,27806590976
Quadro GV100,dna_r10.4.1_e8.2_400bps_hac@v5.2.0,4160,1.54535e+07,28198810624
Quadro GV100,dna_r10.4.1_e8.2_400bps_hac@v5.2.0,4224,1.54244e+07,28591170560
Quadro GV100,dna_r10.4.1_e8.2_400bps_hac@v5.2.0,4288,1.58467e+07,28981613056
Quadro GV100,dna_r10.4.1_e8.2_400bps_hac@v5.2.0,4352,1.59242e+07,29376249344
Quadro GV100,dna_r10.4.1_e8.2_400bps_hac@v5.2.0,4416,1.59239e+07,29771883520
Quadro GV100,dna_r10.4.1_e8.2_400bps_hac@v5.2.0,4480,1.60741e+07,30163021824
Quadro GV100,dna_r10.4.1_e8.2_400bps_hac@v5.2.0,4544,1.61715e+07,30555192320
Quadro GV100,dna_r10.4.1_e8.2_400bps_hac@v5.2.0,4608,1.62447e+07,30945265664
Quadro GV100,dna_r10.4.1_e8.2_400bps_hac@v5.2.0,4672,1.60276e+07,31339815424
Quadro GV100,dna_r10.4.1_e8.2_400bps_hac@v5.2.0,4736,1.62892e+07,31734403072
Quadro GV100,dna_r10.4.1_e8.2_400bps_hac@v5.2.0,4800,1.62681e+07,32124796416
Quadro GV100,dna_r10.4.1_e8.2_400bps_hac@v5.2.0,4864,1.65132e+07,32522336256
Quadro GV100,dna_r10.4.1_e8.2_400bps_hac@v5.2.0,4928,1.64031e+07,32488781824
Quadro GV100,dna_r10.4.1_e8.2_400bps_hac@v6.0.0,64,275956,1810559488
Quadro GV100,dna_r10.4.1_e8.2_400bps_hac@v6.0.0,128,546243,2505113088
Quadro GV100,dna_r10.4.1_e8.2_400bps_hac@v6.0.0,192,819545,3197963264
Quadro GV100,dna_r10.4.1_e8.2_400bps_hac@v6.0.0,256,1.0665e+06,3891075072
Quadro GV100,dna_r10.4.1_e8.2_400bps_hac@v6.0.0,320,1.34064e+06,4585104896
Quadro GV100,dna_r10.4.1_e8.2_400bps_hac@v6.0.0,384,1.6093e+06,5281231360
Quadro GV100,dna_r10.4.1_e8.2_400bps_hac@v6.0.0,448,1.87743e+06,5974210560
Quadro GV100,dna_r10.4.1_e8.2_400bps_hac@v6.0.0,512,2.02592e+06,6668241920
Quadro GV100,dna_r10.4.1_e8.2_400bps_hac@v6.0.0,576,2.24654e+06,7361747456
Quadro GV100,dna_r10.4.1_e8.2_400bps_hac@v6.0.0,640,2.51211e+06,8056301056
Quadro GV100,dna_r10.4.1_e8.2_400bps_hac@v6.0.0,704,2.68813e+06,8749806592
Quadro GV100,dna_r10.4.1_e8.2_400bps_hac@v6.0.0,768,3.15603e+06,9443311616
Quadro GV100,dna_r10.4.1_e8.2_400bps_hac@v6.0.0,832,3.35063e+06,10137865728
Quadro GV100,dna_r10.4.1_e8.2_400bps_hac@v6.0.0,896,3.54654e+06,10821409280
Quadro GV100,dna_r10.4.1_e8.2_400bps_hac@v6.0.0,960,3.81272e+06,11525400576
Quadro GV100,dna_r10.4.1_e8.2_400bps_hac@v6.0.0,1024,4.04283e+06,12217332736
Quadro GV100,dna_r10.4.1_e8.2_400bps_hac@v6.0.0,1088,3.90818e+06,12867191296
Quadro GV100,dna_r10.4.1_e8.2_400bps_hac@v6.0.0,1152,3.83492e+06,13528059392
Quadro GV100,dna_r10.4.1_e8.2_400bps_hac@v6.0.0,1216,4.53953e+06,14202821632
Quadro GV100,dna_r10.4.1_e8.2_400bps_hac@v6.0.0,1280,4.52259e+06,14861854720
Quadro GV100,dna_r10.4.1_e8.2_400bps_hac@v6.0.0,1344,4.60051e+06,15521412608
Quadro GV100,dna_r10.4.1_e8.2_400bps_hac@v6.0.0,1408,5.56154e+06,16185158656
Quadro GV100,dna_r10.4.1_e8.2_400bps_hac@v6.0.0,1472,5.66047e+06,16847337472
Quadro GV100,dna_r10.4.1_e8.2_400bps_hac@v6.0.0,1536,5.92288e+06,17502182400
Quadro GV100,dna_r10.4.1_e8.2_400bps_hac@v6.0.0,1600,6.09547e+06,18162133504
Quadro GV100,dna_r10.4.1_e8.2_400bps_hac@v6.0.0,1664,6.21882e+06,18824181248
Quadro GV100,dna_r10.4.1_e8.2_400bps_hac@v6.0.0,1728,6.08221e+06,19486229504
Quadro GV100,dna_r10.4.1_e8.2_400bps_hac@v6.0.0,1792,6.63761e+06,20145131520
Quadro GV100,dna_r10.4.1_e8.2_400bps_hac@v6.0.0,1856,6.83245e+06,20806655488
Quadro GV100,dna_r10.4.1_e8.2_400bps_hac@v6.0.0,1920,6.80382e+06,21467916800
Quadro GV100,dna_r10.4.1_e8.2_400bps_hac@v6.0.0,1984,6.98363e+06,22130096128
Quadro GV100,dna_r10.4.1_e8.2_400bps_hac@v6.0.0,2048,7.43405e+06,22784934912
Quadro GV100,dna_r10.4.1_e8.2_400bps_hac@v6.0.0,2112,7.65756e+06,23448162816
Quadro GV100,dna_r10.4.1_e8.2_400bps_hac@v6.0.0,2176,7.90725e+06,24111381504
Quadro GV100,dna_r10.4.1_e8.2_400bps_hac@v6.0.0,2240,7.43898e+06,24771856384
Quadro GV100,dna_r10.4.1_e8.2_400bps_hac@v6.0.0,2304,7.69808e+06,25429456896
Quadro GV100,dna_r10.4.1_e8.2_400bps_hac@v6.0.0,2368,7.75972e+06,26089014784
Quadro GV100,dna_r10.4.1_e8.2_400bps_hac@v6.0.0,2432,7.92555e+06,26755902464
Quadro GV100,dna_r10.4.1_e8.2_400bps_hac@v6.0.0,2496,7.92217e+06,27414935552
Quadro GV100,dna_r10.4.1_e8.2_400bps_hac@v6.0.0,2560,7.95963e+06,28069784576
Quadro GV100,dna_r10.4.1_e8.2_400bps_hac@v6.0.0,2624,7.48393e+06,28733012480
Quadro GV100,dna_r10.4.1_e8.2_400bps_hac@v6.0.0,2688,7.67005e+06,29393083392
Quadro GV100,dna_r10.4.1_e8.2_400bps_hac@v6.0.0,2752,7.64687e+06,30058014720
Quadro GV100,dna_r10.4.1_e8.2_400bps_hac@v6.0.0,2816,7.74307e+06,30712733696
Quadro GV100,dna_r10.4.1_e8.2_400bps_hac@v6.0.0,2880,7.85594e+06,31372160512
Quadro GV100,dna_r10.4.1_e8.2_400bps_hac@v6.0.0,2944,7.90467e+06,32037604352
Quadro GV100,dna_r10.4.1_e8.2_400bps_hac@v6.0.0,3008,8.47955e+06,32696113152
Quadro GV100,dna_r10.4.1_e8.2_400bps_sup@v4.3.0,64,1.00298e+06,2437341696
Quadro GV100,dna_r10.4.1_e8.2_400bps_sup@v4.3.0,128,1.99572e+06,3950599680
Quadro GV100,dna_r10.4.1_e8.2_400bps_sup@v4.3.0,192,2.26978e+06,5461761024
Quadro GV100,dna_r10.4.1_e8.2_400bps_sup@v4.3.0,256,3.01612e+06,6975018496
Quadro GV100,dna_r10.4.1_e8.2_400bps_sup@v4.3.0,320,3.7806e+06,8488276992
Quadro GV100,dna_r10.4.1_e8.2_400bps_sup@v4.3.0,384,3.76775e+06,9999863808
Quadro GV100,dna_r10.4.1_e8.2_400bps_sup@v4.3.0,448,3.55497e+06,11513335296
Quadro GV100,dna_r10.4.1_e8.2_400bps_sup@v4.3.0,512,4.02977e+06,13023856640
Quadro GV100,dna_r10.4.1_e8.2_400bps_sup@v4.3.0,576,4.01184e+06,14535017984
Quadro GV100,dna_r10.4.1_e8.2_400bps_sup@v4.3.0,640,4.436e+06,16049198080
Quadro GV100,dna_r10.4.1_e8.2_400bps_sup@v4.3.0,704,3.17433e+06,17560648704
Quadro GV100,dna_r10.4.1_e8.2_400bps_sup@v4.3.0,768,3.374e+06,19072694784
Quadro GV100,dna_r10.4.1_e8.2_400bps_sup@v4.3.0,832,3.51485e+06,20586241024
Quadro GV100,dna_r10.4.1_e8.2_400bps_sup@v4.3.0,896,3.82204e+06,22099037184
Quadro GV100,dna_r10.4.1_e8.2_400bps_sup@v4.3.0,960,3.95919e+06,23610372608
Quadro GV100,dna_r10.4.1_e8.2_400bps_sup@v4.3.0,1024,3.70359e+06,25123169280
Quadro GV100,dna_r10.4.1_e8.2_400bps_sup@v4.3.0,1088,3.78469e+06,26634791424
Quadro GV100,dna_r10.4.1_e8.2_400bps_sup@v4.3.0,1152,3.88108e+06,28146028032
Quadro GV100,dna_r10.4.1_e8.2_400bps_sup@v4.3.0,1216,4.01678e+06,29658824704
Quadro GV100,dna_r10.4.1_e8.2_400bps_sup@v4.3.0,1280,4.11898e+06,31170371072
Quadro GV100,dna_r10.4.1_e8.2_400bps_sup@v4.3.0,1344,3.64742e+06,32684417024
Quadro GV100,dna_r10.4.1_e8.2_400bps_sup@v5.0.0,32,3.19527e+06,1565621248
Quadro GV100,dna_r10.4.1_e8.2_400bps_sup@v5.0.0,64,3.62106e+06,2348319232
Quadro GV100,dna_r10.4.1_e8.2_400bps_sup@v5.0.0,96,3.81818e+06,3131082752
Quadro GV100,dna_r10.4.1_e8.2_400bps_sup@v5.0.0,128,3.85808e+06,3897200128
Quadro GV100,dna_r10.4.1_e8.2_400bps_sup@v5.0.0,160,3.85874e+06,4678784512
Quadro GV100,dna_r10.4.1_e8.2_400bps_sup@v5.0.0,192,3.70849e+06,5462726656
Quadro GV100,dna_r10.4.1_e8.2_400bps_sup@v5.0.0,224,3.78519e+06,6245031424
Quadro GV100,dna_r10.4.1_e8.2_400bps_sup@v5.0.0,256,3.71722e+06,7028253696
Quadro GV100,dna_r10.4.1_e8.2_400bps_sup@v5.0.0,288,3.80092e+06,7809378816
Quadro GV100,dna_r10.4.1_e8.2_400bps_sup@v5.0.0,320,3.86538e+06,8591160832
Quadro GV100,dna_r10.4.1_e8.2_400bps_sup@v5.0.0,352,3.82626e+06,9374514176
Quadro GV100,dna_r10.4.1_e8.2_400bps_sup@v5.0.0,384,3.72099e+06,10156948480
Quadro GV100,dna_r10.4.1_e8.2_400bps_sup@v5.2.0,32,3.19829e+06,1565621248
Quadro GV100,dna_r10.4.1_e8.2_400bps_sup@v5.2.0,64,3.62453e+06,2348319232
Quadro GV100,dna_r10.4.1_e8.2_400bps_sup@v5.2.0,96,3.81486e+06,3131082752
Quadro GV100,dna_r10.4.1_e8.2_400bps_sup@v5.2.0,128,3.85589e+06,3897200128
Quadro GV100,dna_r10.4.1_e8.2_400bps_sup@v5.2.0,160,3.86167e+06,4678784512
Quadro GV100,dna_r10.4.1_e8.2_400bps_sup@v5.2.0,192,3.71303e+06,5462726656
Quadro GV100,dna_r10.4.1_e8.2_400bps_sup@v5.2.0,224,3.78318e+06,6245031424
Quadro GV100,dna_r10.4.1_e8.2_400bps_sup@v5.2.0,256,3.71908e+06,7028253696
Quadro GV100,dna_r10.4.1_e8.2_400bps_sup@v5.2.0,288,3.82771e+06,7809378816
Quadro GV100,dna_r10.4.1_e8.2_400bps_sup@v5.2.0,320,3.86719e+06,8591160832
Quadro GV100,dna_r10.4.1_e8.2_400bps_sup@v5.2.0,352,3.83172e+06,9374514176
Quadro GV100,dna_r10.4.1_e8.2_400bps_sup@v5.2.0,384,3.72813e+06,10156948480
Quadro GV100,rna004_130bps_fast@v5.1.0,64,1.85966e+07,1253174784
Quadro GV100,rna004_130bps_fast@v5.1.0,128,3.42298e+07,1428984320
Quadro GV100,rna004_130bps_fast@v5.1.0,192,4.799e+07,1604794368
Quadro GV100,rna004_130bps_fast@v5.1.0,256,5.95159e+07,1780603904
Quadro GV100,rna004_130bps_fast@v5.1.0,320,6.99766e+07,1956413952
Quadro GV100,rna004_130bps_fast@v5.1.0,384,7.222e+07,2132223488
Quadro GV100,rna004_130bps_fast@v5.1.0,448,7.99567e+07,2310130688
Quadro GV100,rna004_130bps_fast@v5.1.0,512,8.73752e+07,2483843072
Quadro GV100,rna004_130bps_fast@v5.1.0,576,9.38543e+07,2661750272
Quadro GV100,rna004_130bps_fast@v5.1.0,640,1.00486e+08,2835462656
Quadro GV100,rna004_130bps_fast@v5.1.0,704,9.13908e+07,3013069824
Quadro GV100,rna004_130bps_fast@v5.1.0,768,9.54371e+07,3189179392
Quadro GV100,rna004_130bps_fast@v5.1.0,832,9.54639e+07,3363300352
Quadro GV100,rna004_130bps_fast@v5.1.0,896,9.92778e+07,3543658496
Quadro GV100,rna004_130bps_fast@v5.1.0,960,1.02444e+08,3714511872
Quadro GV100,rna004_130bps_fast@v5.1.0,1024,1.05667e+08,3893889024
Quadro GV100,rna004_130bps_fast@v5.1.0,1088,1.07991e+08,4068228608
Quadro GV100,rna004_130bps_fast@v5.1.0,1152,1.11332e+08,4244119552
Quadro GV100,rna004_130bps_fast@v5.1.0,1216,1.13151e+08,4422380544
Quadro GV100,rna004_130bps_fast@v5.1.0,1280,1.16957e+08,4593560576
Quadro GV100,rna004_130bps_fast@v5.1.0,1344,1.07472e+08,4772233728
Quadro GV100,rna004_130bps_fast@v5.1.0,1408,1.09607e+08,4949677568
Quadro GV100,rna004_130bps_fast@v5.1.0,1472,1.08987e+08,5127479296
Quadro GV100,rna004_130bps_fast@v5.1.0,1536,1.10824e+08,5300660224
Quadro GV100,rna004_130bps_fast@v5.1.0,1600,1.1199e+08,5477815808
Quadro GV100,rna004_130bps_fast@v5.1.0,1664,1.13525e+08,5652068864
Quadro GV100,rna004_130bps_fast@v5.1.0,1728,1.14666e+08,5831691264
Quadro GV100,rna004_130bps_fast@v5.1.0,1792,1.18417e+08,6006290432
Quadro GV100,rna004_130bps_fast@v5.1.0,1856,1.19484e+08,6181300736
Quadro GV100,rna004_130bps_fast@v5.1.0,1920,1.19939e+08,6356647424
Quadro GV100,rna004_130bps_fast@v5.1.0,1984,1.16422e+08,6531473408
Quadro GV100,rna004_130bps_fast@v5.1.0,2048,1.12122e+08,6708021248
Quadro GV100,rna004_130bps_fast@v5.1.0,2112,1.11276e+08,6884785664
Quadro GV100,rna004_130bps_fast@v5.1.0,2176,1.10891e+08,7060132352
Quadro GV100,rna004_130bps_fast@v5.1.0,2240,1.13866e+08,7236424704
Quadro GV100,rna004_130bps_fast@v5.1.0,2304,1.1663e+08,7412115456
Quadro GV100,rna004_130bps_fast@v5.1.0,2368,1.16209e+08,7586645504
Quadro GV100,rna004_130bps_fast@v5.1.0,2432,1.18843e+08,7765802496
Quadro GV100,rna004_130bps_fast@v5.1.0,2496,1.17339e+08,7939957760
Quadro GV100,rna004_130bps_fast@v5.1.0,2560,1.20248e+08,8114792448
Quadro GV100,rna004_130bps_fast@v5.1.0,2624,1.13333e+08,8295919104
Quadro GV100,rna004_130bps_fast@v5.1.0,2688,1.1113e+08,8466303488
Quadro GV100,rna004_130bps_fast@v5.1.0,2752,1.08594e+08,8646118400
Quadro GV100,rna004_130bps_fast@v5.1.0,2816,1.11421e+08,8818325504
Quadro GV100,rna004_130bps_fast@v5.1.0,2880,1.13736e+08,8995257344
Quadro GV100,rna004_130bps_fast@v5.1.0,2944,1.15838e+08,9172684288
Quadro GV100,rna004_130bps_fast@v5.1.0,3008,1.12319e+08,9347587072
Quadro GV100,rna004_130bps_fast@v5.1.0,3072,1.1527e+08,9524840448
Quadro GV100,rna004_130bps_fast@v5.1.0,3136,1.17434e+08,9698907136
Quadro GV100,rna004_130bps_fast@v5.1.0,3200,1.19825e+08,9874072064
Quadro GV100,rna004_130bps_fast@v5.1.0,3264,1.15966e+08,10051516416
Quadro GV100,rna004_130bps_fast@v5.1.0,3328,1.11538e+08,10227398656
Quadro GV100,rna004_130bps_fast@v5.1.0,3392,1.14628e+08,10403562496
Quadro GV100,rna004_130bps_fast@v5.1.0,3456,1.16266e+08,10579726336
Quadro GV100,rna004_130bps_fast@v5.1.0,3520,1.18531e+08,10754089984
Quadro GV100,rna004_130bps_fast@v5.1.0,3584,1.13801e+08,10933118976
Quadro GV100,rna004_130bps_fast@v5.1.0,3648,1.16255e+08,11103759360
Quadro GV100,rna004_130bps_fast@v5.1.0,3712,1.17815e+08,11286478848
Quadro GV100,rna004_130bps_fast@v5.1.0,3776,1.19665e+08,11462642688
Quadro GV100,rna004_130bps_fast@v5.1.0,3840,1.21527e+08,11632515072
Quadro GV100,rna004_130bps_fast@v5.1.0,3904,1.16384e+08,11811486720
Quadro GV100,rna004_130bps_fast@v5.1.0,3968,1.18332e+08,11984224256
Quadro GV100,rna004_130bps_fast@v5.1.0,4032,1.13058e+08,12165200896
Quadro GV100,rna004_130bps_fast@v5.1.0,4096,1.14234e+08,12339267584
Quadro GV100,rna004_130bps_fast@v5.1.0,4160,1.1632e+08,12513334272
Quadro GV100,rna004_130bps_fast@v5.1.0,4224,1.1762e+08,12691951616
Quadro GV100,rna004_130bps_fast@v5.1.0,4288,1.19592e+08,12864689152
Quadro GV100,rna004_130bps_fast@v5.1.0,4352,1.2171e+08,13041620992
Quadro GV100,rna004_130bps_fast@v5.1.0,4416,1.14381e+08,13236864000
Quadro GV100,rna004_130bps_fast@v5.1.0,4480,1.16114e+08,13413027840
Quadro GV100,rna004_130bps_fast@v5.1.0,4544,1.18167e+08,13591288832
Quadro GV100,rna004_130bps_fast@v5.1.0,4608,1.1942e+08,13763258368
Quadro GV100,rna004_130bps_fast@v5.1.0,4672,1.12907e+08,13941519360
Quadro GV100,rna004_130bps_fast@v5.1.0,4736,1.14582e+08,14119780352
Quadro GV100,rna004_130bps_fast@v5.1.0,4800,1.15872e+08,14291749888
Quadro GV100,rna004_130bps_fast@v5.1.0,4864,1.17068e+08,14451136512
Quadro GV100,rna004_130bps_fast@v5.1.0,4928,1.18804e+08,14644077568
Quadro GV100,rna004_130bps_fast@v5.1.0,4992,1.20556e+08,14824435712
Quadro GV100,rna004_130bps_fast@v5.1.0,5056,1.21517e+08,14979628032
Quadro GV100,rna004_130bps_fast@v5.1.0,5120,1.23075e+08,15151597568
Quadro GV100,rna004_130bps_fast@v5.1.0,5184,1.15121e+08,15329858560
Quadro GV100,rna004_130bps_fast@v5.1.0,5248,1.16515e+08,15510216704
Quadro GV100,rna004_130bps_fast@v5.1.0,5312,1.17506e+08,15684283392
Quadro GV100,rna004_130bps_fast@v5.1.0,5376,1.09764e+08,15858350080
Quadro GV100,rna004_130bps_fast@v5.1.0,5440,1.11299e+08,16032416768
Quadro GV100,rna004_130bps_fast@v5.1.0,5504,1.12201e+08,16210677760
Quadro GV100,rna004_130bps_fast@v5.1.0,5568,1.13357e+08,16386841600
Quadro GV100,rna004_130bps_fast@v5.1.0,5632,1.14559e+08,16563005440
Quadro GV100,rna004_130bps_fast@v5.1.0,5696,1.15884e+08,16737072128
Quadro GV100,rna004_130bps_fast@v5.1.0,5760,1.17004e+08,16911138816
Quadro GV100,rna004_130bps_fast@v5.1.0,5824,1.18127e+08,17089399808
Quadro GV100,rna004_130bps_fast@v5.1.0,5888,1.19067e+08,17265563648
Quadro GV100,rna004_130bps_fast@v5.1.0,5952,1.10003e+08,17441727488
Quadro GV100,rna004_130bps_fast@v5.1.0,6016,1.11044e+08,17617891328
Quadro GV100,rna004_130bps_fast@v5.1.0,6080,1.12181e+08,17791958016
Quadro GV100,rna004_130bps_fast@v5.1.0,6144,1.13587e+08,17968121856
Quadro GV100,rna004_130bps_fast@v5.1.0,6208,1.14585e+08,18144285696
Quadro GV100,rna004_130bps_fast@v5.1.0,6272,1.14698e+08,18318352384
Quadro GV100,rna004_130bps_fast@v5.1.0,6336,1.14132e+08,18498710528
Quadro GV100,rna004_130bps_fast@v5.1.0,6400,1.17348e+08,18674874368
Quadro GV100,rna004_130bps_fast@v5.1.0,6464,1.17201e+08,18846843904
Quadro GV100,rna004_130bps_fast@v5.1.0,6528,1.19253e+08,19023007744
Quadro GV100,rna004_130bps_fast@v5.1.0,6592,1.1485e+08,19199171584
Quadro GV100,rna004_130bps_fast@v5.1.0,6656,1.18809e+08,19377432576
Quadro GV100,rna004_130bps_fast@v5.1.0,6720,1.20091e+08,19555693568
Quadro GV100,rna004_130bps_fast@v5.1.0,6784,1.19091e+08,19725565952
Quadro GV100,rna004_130bps_fast@v5.1.0,6848,1.13349e+08,19905924096
Quadro GV100,rna004_130bps_fast@v5.1.0,6912,1.10881e+08,20077893632
Quadro GV100,rna004_130bps_fast@v5.1.0,6976,1.2072e+08,20251960320
Quadro GV100,rna004_130bps_fast@v5.1.0,7040,1.20843e+08,20434415616
Quadro GV100,rna004_130bps_fast@v5.1.0,7104,1.17072e+08,20606385152
Quadro GV100,rna004_130bps_fast@v5.1.0,7168,1.10616e+08,20784646144
Quadro GV100,rna004_130bps_fast@v5.1.0,7232,1.15664e+08,20956615680
Quadro GV100,rna004_130bps_fast@v5.1.0,7296,1.10907e+08,21132779520
Quadro GV100,rna004_130bps_fast@v5.1.0,7360,1.20778e+08,21315234816
Quadro GV100,rna004_130bps_fast@v5.1.0,7424,1.20443e+08,21487204352
Quadro GV100,rna004_130bps_fast@v5.1.0,7488,1.2163e+08,21663368192
Quadro GV100,rna004_130bps_fast@v5.1.0,7552,1.1186e+08,21841629184
Quadro GV100,rna004_130bps_fast@v5.1.0,7616,1.17936e+08,22013598720
Quadro GV100,rna004_130bps_fast@v5.1.0,7680,1.12496e+08,22189762560
Quadro GV100,rna004_130bps_fast@v5.1.0,7744,1.16516e+08,22365926400
Quadro GV100,rna004_130bps_fast@v5.1.0,7808,1.11469e+08,22542090240
Quadro GV100,rna004_130bps_fast@v5.1.0,7872,1.1095e+08,22722448384
Quadro GV100,rna004_130bps_fast@v5.1.0,7936,1.11487e+08,22892320768
Quadro GV100,rna004_130bps_fast@v5.1.0,8000,1.15539e+08,23070581760
Quadro GV100,rna004_130bps_fast@v5.1.0,8064,1.1417e+08,23244648448
Quadro GV100,rna004_130bps_fast@v5.1.0,8128,1.1472e+08,23425006592
Quadro GV100,rna004_130bps_fast@v5.1.0,8192,1.15201e+08,23599073280
Quadro GV100,rna004_130bps_fast@v5.1.0,8256,1.15627e+08,23771042816
Quadro GV100,rna004_130bps_fast@v5.1.0,8320,1.17591e+08,23915749376
Quadro GV100,rna004_130bps_fast@v5.1.0,8384,1.16897e+08,24052067328
Quadro GV100,rna004_130bps_fast@v5.1.0,8448,1.15013e+08,24203065344
Quadro GV100,rna004_130bps_fast@v5.1.0,8512,1.1197e+08,24343577600
Quadro GV100,rna004_130bps_fast@v5.1.0,8576,1.12836e+08,24484089856
Quadro GV100,rna004_130bps_fast@v5.1.0,8640,1.13536e+08,24626699264
Quadro GV100,rna004_130bps_fast@v5.1.0,8704,1.1517e+08,24771405824
Quadro GV100,rna004_130bps_fast@v5.1.0,8768,1.14781e+08,24914015232
Quadro GV100,rna004_130bps_fast@v5.1.0,8832,1.13211e+08,25054527488
Quadro GV100,rna004_130bps_fast@v5.1.0,8896,1.17626e+08,25195039744
Quadro GV100,rna004_130bps_fast@v5.1.0,8960,1.16945e+08,25339746304
Quadro GV100,rna004_130bps_fast@v5.1.0,9024,1.17175e+08,25482355712
Quadro GV100,rna004_130bps_fast@v5.1.0,9088,1.15063e+08,25624965120
Quadro GV100,rna004_130bps_fast@v5.1.0,9152,1.12368e+08,25767574528
Quadro GV100,rna004_130bps_fast@v5.1.0,9216,1.17297e+08,25908086784
Quadro GV100,rna004_130bps_fast@v5.1.0,9280,1.11404e+08,26052793344
Quadro GV100,rna004_130bps_fast@v5.1.0,9344,1.12577e+08,26193305600
Quadro GV100,rna004_130bps_fast@v5.1.0,9408,1.17088e+08,26333817856
Quadro GV100,rna004_130bps_fast@v5.1.0,9472,1.13063e+08,26480621568
Quadro GV100,rna004_130bps_fast@v5.1.0,9536,1.1937e+08,26619036672
Quadro GV100,rna004_130bps_fast@v5.1.0,9600,1.16509e+08,26763743232
Quadro GV100,rna004_130bps_fast@v5.1.0,9664,1.16978e+08,26904255488
Quadro GV100,rna004_130bps_fast@v5.1.0,9728,1.1538e+08,27046864896
Quadro GV100,rna004_130bps_fast@v5.1.0,9792,1.17084e+08,27191571456
Quadro GV100,rna004_130bps_fast@v5.1.0,9856,1.15878e+08,27332083712
Quadro GV100,rna004_130bps_fast@v5.1.0,9920,1.15811e+08,27474693120
Quadro GV100,rna004_130bps_fast@v5.1.0,9984,1.16781e+08,27619399680
Quadro GV100,rna004_130bps_fast@v5.1.0,10048,1.18668e+08,27757814784
Quadro GV100,rna004_130bps_fast@v5.1.0,10112,1.19637e+08,27898327040
Quadro GV100,rna004_130bps_fast@v5.1.0,10176,1.14567e+08,28047227904
Quadro GV100,rna004_130bps_fast@v5.1.0,10240,1.15634e+08,28185643008
Quadro GV100,rna004_130bps_fast@v5.2.0,64,1.73392e+07,1274210304
Quadro GV100,rna004_130bps_fast@v5.2.0,128,3.19212e+07,1468894208
Quadro GV100,rna004_130bps_fast@v5.2.0,192,4.34765e+07,1667772928
Quadro GV100,rna004_130bps_fast@v5.2.0,256,5.4912e+07,1862456832
Quadro GV100,rna004_130bps_fast@v5.2.0,320,6.48975e+07,2059238400
Quadro GV100,rna004_130bps_fast@v5.2.0,384,6.61196e+07,2256019456
Quadro GV100,rna004_130bps_fast@v5.2.0,448,7.38398e+07,2452801024
Quadro GV100,rna004_130bps_fast@v5.2.0,512,8.03131e+07,2647484928
Quadro GV100,rna004_130bps_fast@v5.2.0,576,8.5948e+07,2846363648
Quadro GV100,rna004_130bps_fast@v5.2.0,640,9.19102e+07,3041047552
Quadro GV100,rna004_130bps_fast@v5.2.0,704,8.44362e+07,3237529088
Quadro GV100,rna004_130bps_fast@v5.2.0,768,8.81266e+07,3434610176
Quadro GV100,rna004_130bps_fast@v5.2.0,832,8.7396e+07,3629702656
Quadro GV100,rna004_130bps_fast@v5.2.0,896,9.06056e+07,3831032320
Quadro GV100,rna004_130bps_fast@v5.2.0,960,9.49698e+07,4022857216
Quadro GV100,rna004_130bps_fast@v5.2.0,1024,9.73627e+07,4221108736
Quadro GV100,rna004_130bps_fast@v5.2.0,1088,9.92918e+07,4416419840
Quadro GV100,rna004_130bps_fast@v5.2.0,1152,1.00296e+08,4613282304
Quadro GV100,rna004_130bps_fast@v5.2.0,1216,1.04263e+08,4810417664
Quadro GV100,rna004_130bps_fast@v5.2.0,1280,1.06889e+08,5004666368
Quadro GV100,rna004_130bps_fast@v5.2.0,1344,9.94616e+07,5202213888
Quadro GV100,rna004_130bps_fast@v5.2.0,1408,1.01533e+08,5398532096
Quadro GV100,rna004_130bps_fast@v5.2.0,1472,1.00213e+08,5599402496
Quadro GV100,rna004_130bps_fast@v5.2.0,1536,1.0207e+08,5791457792
Quadro GV100,rna004_130bps_fast@v5.2.0,1600,1.02949e+08,5989584896
Quadro GV100,rna004_130bps_fast@v5.2.0,1664,1.03828e+08,6184809472
Quadro GV100,rna004_130bps_fast@v5.2.0,1728,1.07805e+08,6383306240
Quadro GV100,rna004_130bps_fast@v5.2.0,1792,1.08083e+08,6580974080
Quadro GV100,rna004_130bps_fast@v5.2.0,1856,1.08828e+08,6774858752
Quadro GV100,rna004_130bps_fast@v5.2.0,1920,1.12294e+08,6971176960
Quadro GV100,rna004_130bps_fast@v5.2.0,1984,1.04297e+08,7166974464
Quadro GV100,rna004_130bps_fast@v5.2.0,2048,1.00412e+08,7364493824
Quadro GV100,rna004_130bps_fast@v5.2.0,2112,9.93899e+07,7560132608
Quadro GV100,rna004_130bps_fast@v5.2.0,2176,1.0268e+08,7756450816
Quadro GV100,rna004_130bps_fast@v5.2.0,2240,1.01124e+08,7953714688
Quadro GV100,rna004_130bps_fast@v5.2.0,2304,1.04108e+08,8148279808
Quadro GV100,rna004_130bps_fast@v5.2.0,2368,1.06972e+08,8345878528
Quadro GV100,rna004_130bps_fast@v5.2.0,2432,1.05214e+08,8543909888
Quadro GV100,rna004_130bps_fast@v5.2.0,2496,1.04247e+08,8739036672
Quadro GV100,rna004_130bps_fast@v5.2.0,2560,1.05424e+08,8934842880
Quadro GV100,rna004_130bps_fast@v5.2.0,2624,9.86814e+07,9134843904
Quadro GV100,rna004_130bps_fast@v5.2.0,2688,1.00871e+08,9328296960
Quadro GV100,rna004_130bps_fast@v5.2.0,2752,9.82648e+07,9526986240
Quadro GV100,rna004_130bps_fast@v5.2.0,2816,1.00511e+08,9718067712
Quadro GV100,rna004_130bps_fast@v5.2.0,2880,1.02433e+08,9918068224
Quadro GV100,rna004_130bps_fast@v5.2.0,2944,1.04823e+08,10114369536
Quadro GV100,rna004_130bps_fast@v5.2.0,3008,1.01632e+08,10310243840
Quadro GV100,rna004_130bps_fast@v5.2.0,3072,1.03058e+08,10508468736
Quadro GV100,rna004_130bps_fast@v5.2.0,3136,1.05946e+08,10701409792
Quadro GV100,rna004_130bps_fast@v5.2.0,3200,1.07585e+08,10897546240
Quadro GV100,rna004_130bps_fast@v5.2.0,3264,1.03594e+08,11095962112
Quadro GV100,rna004_130bps_fast@v5.2.0,3328,1.05557e+08,11292815872
Quadro GV100,rna004_130bps_fast@v5.2.0,3392,1.01706e+08,11489951232
Quadro GV100,rna004_130bps_fast@v5.2.0,3456,1.03436e+08,11684989440
Quadro GV100,rna004_130bps_fast@v5.2.0,3520,1.05319e+08,11880324608
Quadro GV100,rna004_130bps_fast@v5.2.0,3584,1.06961e+08,12080325120
Quadro GV100,rna004_130bps_fast@v5.2.0,3648,1.08952e+08,12271937024
Quadro GV100,rna004_130bps_fast@v5.2.0,3712,1.04386e+08,12473530880
Quadro GV100,rna004_130bps_fast@v5.2.0,3776,1.05999e+08,12670666240
Quadro GV100,rna004_130bps_fast@v5.2.0,3840,1.0712e+08,12861510144
Quadro GV100,rna004_130bps_fast@v5.2.0,3904,1.02154e+08,13059356160
Quadro GV100,rna004_130bps_fast@v5.2.0,3968,1.03862e+08,13255162368
Quadro GV100,rna004_130bps_fast@v5.2.0,4032,1.04926e+08,13455013376
Quadro GV100,rna004_130bps_fast@v5.2.0,4096,1.06472e+08,13650051584
Quadro GV100,rna004_130bps_fast@v5.2.0,4160,1.00923e+08,13845089792
Quadro GV100,rna004_130bps_fast@v5.2.0,4224,1.02633e+08,14042581504
Quadro GV100,rna004_130bps_fast@v5.2.0,4288,1.03985e+08,14238387712
Quadro GV100,rna004_130bps_fast@v5.2.0,4352,1.05303e+08,14434193920
Quadro GV100,rna004_130bps_fast@v5.2.0,4416,1.07018e+08,14650408448
Quadro GV100,rna004_130bps_fast@v5.2.0,4480,1.07257e+08,14847543808
Quadro GV100,rna004_130bps_fast@v5.2.0,4544,1.01728e+08,15044679168
Quadro GV100,rna004_130bps_fast@v5.2.0,4608,1.02883e+08,15237620224
Quadro GV100,rna004_130bps_fast@v5.2.0,4672,1.04202e+08,15436852736
Quadro GV100,rna004_130bps_fast@v5.2.0,4736,1.05595e+08,15636085248
Quadro GV100,rna004_130bps_fast@v5.2.0,4800,1.06764e+08,15826929152
Quadro GV100,rna004_130bps_fast@v5.2.0,4864,1.07705e+08,16007287296
Quadro GV100,rna004_130bps_fast@v5.2.0,4928,1.08779e+08,16221199872
Quadro GV100,rna004_130bps_fast@v5.2.0,4992,1.09938e+08,16422529536
Quadro GV100,rna004_130bps_fast@v5.2.0,5056,1.03102e+08,16598693376
Quadro GV100,rna004_130bps_fast@v5.2.0,5120,1.04678e+08,16789537280
Quadro GV100,rna004_130bps_fast@v5.2.0,5184,1.05595e+08,16988769792
Quadro GV100,rna004_130bps_fast@v5.2.0,5248,1.06415e+08,17190099456
Quadro GV100,rna004_130bps_fast@v5.2.0,5312,1.07809e+08,17383040512
Quadro GV100,rna004_130bps_fast@v5.2.0,5376,9.96103e+07,17580175872
Quadro GV100,rna004_130bps_fast@v5.2.0,5440,1.00687e+08,17773116928
Quadro GV100,rna004_130bps_fast@v5.2.0,5504,1.02136e+08,17970252288
Quadro GV100,rna004_130bps_fast@v5.2.0,5568,1.0267e+08,18169484800
Quadro GV100,rna004_130bps_fast@v5.2.0,5632,1.03599e+08,18364523008
Quadro GV100,rna004_130bps_fast@v5.2.0,5696,1.04549e+08,18559561216
Quadro GV100,rna004_130bps_fast@v5.2.0,5760,1.06106e+08,18754599424
Quadro GV100,rna004_130bps_fast@v5.2.0,5824,1.06972e+08,18951734784
Quadro GV100,rna004_130bps_fast@v5.2.0,5888,1.07936e+08,19150967296
Quadro GV100,rna004_130bps_fast@v5.2.0,5952,9.93494e+07,19346005504
Quadro GV100,rna004_130bps_fast@v5.2.0,6016,9.95721e+07,19543140864
Quadro GV100,rna004_130bps_fast@v5.2.0,6080,1.0722e+08,19738179072
Quadro GV100,rna004_130bps_fast@v5.2.0,6144,9.94993e+07,19935314432
Quadro GV100,rna004_130bps_fast@v5.2.0,6208,9.97817e+07,20130352640
Quadro GV100,rna004_130bps_fast@v5.2.0,6272,1.0201e+08,20325390848
Quadro GV100,rna004_130bps_fast@v5.2.0,6336,1.00844e+08,20526720512
Quadro GV100,rna004_130bps_fast@v5.2.0,6400,1.0212e+08,20721758720
Quadro GV100,rna004_130bps_fast@v5.2.0,6464,1.07067e+08,20916796928
Quadro GV100,rna004_130bps_fast@v5.2.0,6528,1.0293e+08,21111835136
Quadro GV100,rna004_130bps_fast@v5.2.0,6592,1.08494e+08,21308970496
Quadro GV100,rna004_130bps_fast@v5.2.0,6656,1.01422e+08,21508203008
Quadro GV100,rna004_130bps_fast@v5.2.0,6720,1.00911e+08,21705338368
Quadro GV100,rna004_130bps_fast@v5.2.0,6784,1.05958e+08,21898279424
Quadro GV100,rna004_130bps_fast@v5.2.0,6848,1.00983e+08,22097511936
Quadro GV100,rna004_130bps_fast@v5.2.0,6912,1.0377e+08,22288355840
Quadro GV100,rna004_130bps_fast@v5.2.0,6976,1.04153e+08,22485491200
Quadro GV100,rna004_130bps_fast@v5.2.0,7040,1.05397e+08,22686820864
Quadro GV100,rna004_130bps_fast@v5.2.0,7104,1.02978e+08,22879761920
Quadro GV100,rna004_130bps_fast@v5.2.0,7168,1.04329e+08,23078994432
Quadro GV100,rna004_130bps_fast@v5.2.0,7232,1.03143e+08,23269838336
Quadro GV100,rna004_130bps_fast@v5.2.0,7296,1.00159e+08,23466973696
Quadro GV100,rna004_130bps_fast@v5.2.0,7360,1.03892e+08,23670400512
Quadro GV100,rna004_130bps_fast@v5.2.0,7424,1.02718e+08,23863341568
Quadro GV100,rna004_130bps_fast@v5.2.0,7488,1.06111e+08,24060476928
Quadro GV100,rna004_130bps_fast@v5.2.0,7552,1.05962e+08,24257612288
Quadro GV100,rna004_130bps_fast@v5.2.0,7616,1.04528e+08,24450553344
Quadro GV100,rna004_130bps_fast@v5.2.0,7680,1.03008e+08,24647688704
Quadro GV100,rna004_130bps_fast@v5.2.0,7744,1.0513e+08,24844824064
Quadro GV100,rna004_130bps_fast@v5.2.0,7808,1.03421e+08,25039862272
Quadro GV100,rna004_130bps_fast@v5.2.0,7872,1.02204e+08,25241191936
Quadro GV100,rna004_130bps_fast@v5.2.0,7936,1.02217e+08,25432035840
Quadro GV100,rna004_130bps_fast@v5.2.0,8000,1.03458e+08,25629171200
Quadro GV100,rna004_130bps_fast@v5.2.0,8064,1.03513e+08,25826306560
Quadro GV100,rna004_130bps_fast@v5.2.0,8128,1.02373e+08,26025539072
Quadro GV100,rna004_130bps_fast@v5.2.0,8192,9.99144e+07,26220577280
Quadro GV100,rna004_130bps_fast@v5.2.0,8256,1.00888e+08,26413518336
Quadro GV100,rna004_130bps_fast@v5.2.0,8320,1.03991e+08,26577099264
Quadro GV100,rna004_130bps_fast@v5.2.0,8384,1.01001e+08,26736485888
Quadro GV100,rna004_130bps_fast@v5.2.0,8448,1.02715e+08,26906358272
Quadro GV100,rna004_130bps_fast@v5.2.0,8512,1.00842e+08,27067842048
Quadro GV100,rna004_130bps_fast@v5.2.0,8576,1.01381e+08,27229325824
Quadro GV100,rna004_130bps_fast@v5.2.0,8640,1.01725e+08,27390809600
Quadro GV100,rna004_130bps_fast@v5.2.0,8704,1.03518e+08,27556487680
Quadro GV100,rna004_130bps_fast@v5.2.0,8768,1.03285e+08,27720068608
Quadro GV100,rna004_130bps_fast@v5.2.0,8832,1.03625e+08,27881552384
Quadro GV100,rna004_130bps_fast@v5.2.0,8896,1.05385e+08,28040939008
Quadro GV100,rna004_130bps_fast@v5.2.0,8960,1.0147e+08,28206617088
Quadro GV100,rna004_130bps_fast@v5.2.0,9024,1.06643e+08,28370198016
Quadro GV100,rna004_130bps_fast@v5.2.0,9088,1.00484e+08,28533778944
Quadro GV100,rna004_130bps_fast@v5.2.0,9152,1.02155e+08,28697359872
Quadro GV100,rna004_130bps_fast@v5.2.0,9216,1.01972e+08,28856746496
Quadro GV100,rna004_130bps_fast@v5.2.0,9280,1.03882e+08,29022424576
Quadro GV100,rna004_130bps_fast@v5.2.0,9344,1.06068e+08,29183908352
Quadro GV100,rna004_130bps_fast@v5.2.0,9408,1.05998e+08,29343294976
Quadro GV100,rna004_130bps_fast@v5.2.0,9472,1.01095e+08,29513167360
Quadro GV100,rna004_130bps_fast@v5.2.0,9536,1.04031e+08,29670456832
Quadro GV100,rna004_130bps_fast@v5.2.0,9600,1.04453e+08,29834037760
Quadro GV100,rna004_130bps_fast@v5.2.0,9664,1.04911e+08,29997618688
Quadro GV100,rna004_130bps_fast@v5.2.0,9728,1.03976e+08,30159102464
Quadro GV100,rna004_130bps_fast@v5.2.0,9792,1.04504e+08,30324780544
Quadro GV100,rna004_130bps_fast@v5.2.0,9856,1.07167e+08,30486264320
Quadro GV100,rna004_130bps_fast@v5.2.0,9920,1.04431e+08,30647748096
Quadro GV100,rna004_130bps_fast@v5.2.0,9984,1.05833e+08,30815523328
Quadro GV100,rna004_130bps_fast@v5.2.0,10048,1.04915e+08,30972812800
Quadro GV100,rna004_130bps_fast@v5.2.0,10112,1.06505e+08,31134296576
Quadro GV100,rna004_130bps_fast@v5.2.0,10176,1.07364e+08,31304168960
Quadro GV100,rna004_130bps_fast@v5.2.0,10240,1.06595e+08,31463555584
Quadro GV100,rna004_130bps_fast@v5.3.0,64,1.79826e+07,1274210304
Quadro GV100,rna004_130bps_fast@v5.3.0,128,3.31325e+07,1471454208
Quadro GV100,rna004_130bps_fast@v5.3.0,192,4.5251e+07,1671612928
Quadro GV100,rna004_130bps_fast@v5.3.0,256,5.6767e+07,1867576832
Quadro GV100,rna004_130bps_fast@v5.3.0,320,6.731e+07,2065638400
Quadro GV100,rna004_130bps_fast@v5.3.0,384,6.85555e+07,2264084992
Quadro GV100,rna004_130bps_fast@v5.3.0,448,7.66584e+07,2462659072
Quadro GV100,rna004_130bps_fast@v5.3.0,512,8.25566e+07,2657724928
Quadro GV100,rna004_130bps_fast@v5.3.0,576,8.87279e+07,2856155648
Quadro GV100,rna004_130bps_fast@v5.3.0,640,9.48367e+07,3051927552
Quadro GV100,rna004_130bps_fast@v5.3.0,704,8.67696e+07,3243972096
Quadro GV100,rna004_130bps_fast@v5.3.0,768,9.15583e+07,3442290176
Quadro GV100,rna004_130bps_fast@v5.3.0,832,9.11099e+07,3644545024
Quadro GV100,rna004_130bps_fast@v5.3.0,896,9.42531e+07,3846209536
Quadro GV100,rna004_130bps_fast@v5.3.0,960,9.80539e+07,4032457216
Quadro GV100,rna004_130bps_fast@v5.3.0,1024,1.00724e+08,4238029312
Quadro GV100,rna004_130bps_fast@v5.3.0,1088,1.02568e+08,4435210752
Quadro GV100,rna004_130bps_fast@v5.3.0,1152,1.06217e+08,4632842240
Quadro GV100,rna004_130bps_fast@v5.3.0,1216,1.08881e+08,4831094784
Quadro GV100,rna004_130bps_fast@v5.3.0,1280,1.1014e+08,5026426368
Quadro GV100,rna004_130bps_fast@v5.3.0,1344,1.02506e+08,5225873408
Quadro GV100,rna004_130bps_fast@v5.3.0,1408,1.03244e+08,5406587904
Quadro GV100,rna004_130bps_fast@v5.3.0,1472,1.01918e+08,5610149888
Quadro GV100,rna004_130bps_fast@v5.3.0,1536,1.03524e+08,5801921024
Quadro GV100,rna004_130bps_fast@v5.3.0,1600,1.06001e+08,5989584896
Quadro GV100,rna004_130bps_fast@v5.3.0,1664,1.06918e+08,6184809472
Quadro GV100,rna004_130bps_fast@v5.3.0,1728,1.10983e+08,6383306240
Quadro GV100,rna004_130bps_fast@v5.3.0,1792,1.11365e+08,6580974080
Quadro GV100,rna004_130bps_fast@v5.3.0,1856,1.11405e+08,6774858752
Quadro GV100,rna004_130bps_fast@v5.3.0,1920,1.15538e+08,6971176960
Quadro GV100,rna004_130bps_fast@v5.3.0,1984,1.07853e+08,7167653376
Quadro GV100,rna004_130bps_fast@v5.3.0,2048,1.03101e+08,7364788736
Quadro GV100,rna004_130bps_fast@v5.3.0,2112,1.02339e+08,7560132608
Quadro GV100,rna004_130bps_fast@v5.3.0,2176,1.04944e+08,7756450816
Quadro GV100,rna004_130bps_fast@v5.3.0,2240,1.04031e+08,7953714688
Quadro GV100,rna004_130bps_fast@v5.3.0,2304,1.06628e+08,8149135872
Quadro GV100,rna004_130bps_fast@v5.3.0,2368,1.05455e+08,8346350592
Quadro GV100,rna004_130bps_fast@v5.3.0,2432,1.07469e+08,8543997952
Quadro GV100,rna004_130bps_fast@v5.3.0,2496,1.10391e+08,8739036672
Quadro GV100,rna004_130bps_fast@v5.3.0,2560,1.0858e+08,8934842880
Quadro GV100,rna004_130bps_fast@v5.3.0,2624,1.01686e+08,9134843904
Quadro GV100,rna004_130bps_fast@v5.3.0,2688,1.0345e+08,9328296960
Quadro GV100,rna004_130bps_fast@v5.3.0,2752,1.00657e+08,9526986240
Quadro GV100,rna004_130bps_fast@v5.3.0,2816,1.02736e+08,9718067712
Quadro GV100,rna004_130bps_fast@v5.3.0,2880,1.05133e+08,9918068224
Quadro GV100,rna004_130bps_fast@v5.3.0,2944,1.07198e+08,10114369536
Quadro GV100,rna004_130bps_fast@v5.3.0,3008,1.04199e+08,10310243840
Quadro GV100,rna004_130bps_fast@v5.3.0,3072,1.06185e+08,10508468736
Quadro GV100,rna004_130bps_fast@v5.3.0,3136,1.08381e+08,10701409792
Quadro GV100,rna004_130bps_fast@v5.3.0,3200,1.10216e+08,10897546240
Quadro GV100,rna004_130bps_fast@v5.3.0,3264,1.0633e+08,11095962112
Quadro GV100,rna004_130bps_fast@v5.3.0,3328,1.08618e+08,11292815872
Quadro GV100,rna004_130bps_fast@v5.3.0,3392,1.03669e+08,11489951232
Quadro GV100,rna004_130bps_fast@v5.3.0,3456,1.0549e+08,11683291136
Quadro GV100,rna004_130bps_fast@v5.3.0,3520,1.07863e+08,11879138816
Quadro GV100,rna004_130bps_fast@v5.3.0,3584,1.09601e+08,12080325120
Quadro GV100,rna004_130bps_fast@v5.3.0,3648,1.11028e+08,12271937024
Quadro GV100,rna004_130bps_fast@v5.3.0,3712,1.05866e+08,12473530880
Quadro GV100,rna004_130bps_fast@v5.3.0,3776,1.07962e+08,12670666240
Quadro GV100,rna004_130bps_fast@v5.3.0,3840,1.08436e+08,12861510144
Quadro GV100,rna004_130bps_fast@v5.3.0,3904,1.10853e+08,13059356160
Quadro GV100,rna004_130bps_fast@v5.3.0,3968,1.05866e+08,13255162368
Quadro GV100,rna004_130bps_fast@v5.3.0,4032,1.0697e+08,13455013376
Quadro GV100,rna004_130bps_fast@v5.3.0,4096,1.08741e+08,13650051584
Quadro GV100,rna004_130bps_fast@v5.3.0,4160,1.01764e+08,13845089792
Quadro GV100,rna004_130bps_fast@v5.3.0,4224,1.04336e+08,14042581504
Quadro GV100,rna004_130bps_fast@v5.3.0,4288,1.05639e+08,14238387712
Quadro GV100,rna004_130bps_fast@v5.3.0,4352,1.0717e+08,14434193920
Quadro GV100,rna004_130bps_fast@v5.3.0,4416,1.08744e+08,14631534080
Quadro GV100,rna004_130bps_fast@v5.3.0,4480,1.05002e+08,14828669440
Quadro GV100,rna004_130bps_fast@v5.3.0,4544,1.02861e+08,15023709696
Quadro GV100,rna004_130bps_fast@v5.3.0,4608,1.04562e+08,15217418752
Quadro GV100,rna004_130bps_fast@v5.3.0,4672,1.00298e+08,15415322112
Quadro GV100,rna004_130bps_fast@v5.3.0,4736,1.00983e+08,15617210880
Quadro GV100,rna004_130bps_fast@v5.3.0,4800,1.0104e+08,15808054784
Quadro GV100,rna004_130bps_fast@v5.3.0,4864,1.00001e+08,16007287296
Quadro GV100,rna004_130bps_fast@v5.3.0,4928,1.0224e+08,16202325504
Quadro GV100,rna004_130bps_fast@v5.3.0,4992,1.06927e+08,16403655168
Quadro GV100,rna004_130bps_fast@v5.3.0,5056,1.01066e+08,16598693376
Quadro GV100,rna004_130bps_fast@v5.3.0,5120,1.02785e+08,16789537280
Quadro GV100,rna004_130bps_fast@v5.3.0,5184,1.00484e+08,16988769792
Quadro GV100,rna004_130bps_fast@v5.3.0,5248,1.00361e+08,17190099456
Quadro GV100,rna004_130bps_fast@v5.3.0,5312,1.00626e+08,17383040512
Quadro GV100,rna004_130bps_fast@v5.3.0,5376,9.9611e+07,17580175872
Quadro GV100,rna004_130bps_fast@v5.3.0,5440,1.00042e+08,17773116928
Quadro GV100,rna004_130bps_fast@v5.3.0,5504,1.00069e+08,17970252288
Quadro GV100,rna004_130bps_fast@v5.3.0,5568,1.00966e+08,18169484800
Quadro GV100,rna004_130bps_fast@v5.3.0,5632,1.00878e+08,18364523008
Quadro GV100,rna004_130bps_fast@v5.3.0,5696,1.0103e+08,18559561216
Quadro GV100,rna004_130bps_fast@v5.3.0,5760,1.00309e+08,18754599424
Quadro GV100,rna004_130bps_fast@v5.3.0,5824,1.0157e+08,18951734784
Quadro GV100,rna004_130bps_fast@v5.3.0,5888,9.98559e+07,19150967296
Quadro GV100,rna004_130bps_fast@v5.3.0,5952,9.92219e+07,19346005504
Quadro GV100,rna004_130bps_fast@v5.3.0,6016,9.95754e+07,19543140864
Quadro GV100,rna004_130bps_fast@v5.3.0,6080,9.96773e+07,19738179072
Quadro GV100,rna004_130bps_fast@v5.3.0,6144,9.98584e+07,19935314432
Quadro GV100,rna004_130bps_fast@v5.3.0,6208,1.00383e+08,20130352640
Quadro GV100,rna004_130bps_fast@v5.3.0,6272,1.00914e+08,20325390848
Quadro GV100,rna004_130bps_fast@v5.3.0,6336,1.00743e+08,20526720512
Quadro GV100,rna004_130bps_fast@v5.3.0,6400,1.00568e+08,20721758720
Quadro GV100,rna004_130bps_fast@v5.3.0,6464,1.00355e+08,20916796928
Quadro GV100,rna004_130bps_fast@v5.3.0,6528,1.0012e+08,21111835136
Quadro GV100,rna004_130bps_fast@v5.3.0,6592,1.00256e+08,21308970496
Quadro GV100,rna004_130bps_fast@v5.3.0,6656,9.97547e+07,21508203008
Quadro GV100,rna004_130bps_fast@v5.3.0,6720,9.99549e+07,21705338368
Quadro GV100,rna004_130bps_fast@v5.3.0,6784,1.0051e+08,21898279424
Quadro GV100,rna004_130bps_fast@v5.3.0,6848,1.00803e+08,22097511936
Quadro GV100,rna004_130bps_fast@v5.3.0,6912,1.00149e+08,22288355840
Quadro GV100,rna004_130bps_fast@v5.3.0,6976,1.01487e+08,22485491200
Quadro GV100,rna004_130bps_fast@v5.3.0,7040,1.01527e+08,22686820864
Quadro GV100,rna004_130bps_fast@v5.3.0,7104,9.97426e+07,22879761920
Quadro GV100,rna004_130bps_fast@v5.3.0,7168,1.02284e+08,23078994432
Quadro GV100,rna004_130bps_fast@v5.3.0,7232,1.02506e+08,23269838336
Quadro GV100,rna004_130bps_fast@v5.3.0,7296,1.02149e+08,23466973696
Quadro GV100,rna004_130bps_fast@v5.3.0,7360,1.02449e+08,23670400512
Quadro GV100,rna004_130bps_fast@v5.3.0,7424,1.02744e+08,23863341568
Quadro GV100,rna004_130bps_fast@v5.3.0,7488,1.00927e+08,24060476928
Quadro GV100,rna004_130bps_fast@v5.3.0,7552,1.02796e+08,24257612288
Quadro GV100,rna004_130bps_fast@v5.3.0,7616,1.03326e+08,24450553344
Quadro GV100,rna004_130bps_fast@v5.3.0,7680,1.02905e+08,24647688704
Quadro GV100,rna004_130bps_fast@v5.3.0,7744,1.03144e+08,24844824064
Quadro GV100,rna004_130bps_fast@v5.3.0,7808,1.04024e+08,25039862272
Quadro GV100,rna004_130bps_fast@v5.3.0,7872,1.04584e+08,25241191936
Quadro GV100,rna004_130bps_fast@v5.3.0,7936,1.04868e+08,25432035840
Quadro GV100,rna004_130bps_fast@v5.3.0,8000,9.9883e+07,25629171200
Quadro GV100,rna004_130bps_fast@v5.3.0,8064,1.01893e+08,25826306560
Quadro GV100,rna004_130bps_fast@v5.3.0,8128,1.0481e+08,26025539072
Quadro GV100,rna004_130bps_fast@v5.3.0,8192,1.0715e+08,26220577280
Quadro GV100,rna004_130bps_fast@v5.3.0,8256,1.02734e+08,26413518336
Quadro GV100,rna004_130bps_fast@v5.3.0,8320,1.06656e+08,26577099264
Quadro GV100,rna004_130bps_fast@v5.3.0,8384,1.07434e+08,26736485888
Quadro GV100,rna004_130bps_fast@v5.3.0,8448,1.04414e+08,26906358272
Quadro GV100,rna004_130bps_fast@v5.3.0,8512,1.04379e+08,27067842048
Quadro GV100,rna004_130bps_fast@v5.3.0,8576,1.07327e+08,27229325824
Quadro GV100,rna004_130bps_fast@v5.3.0,8640,1.05668e+08,27390809600
Quadro GV100,rna004_130bps_fast@v5.3.0,8704,1.00991e+08,27556487680
Quadro GV100,rna004_130bps_fast@v5.3.0,8768,1.07512e+08,27720068608
Quadro GV100,rna004_130bps_fast@v5.3.0,8832,1.07213e+08,27881552384
Quadro GV100,rna004_130bps_fast@v5.3.0,8896,1.08685e+08,28040939008
Quadro GV100,rna004_130bps_fast@v5.3.0,8960,1.0244e+08,28206617088
Quadro GV100,rna004_130bps_fast@v5.3.0,9024,1.08546e+08,28370198016
Quadro GV100,rna004_130bps_fast@v5.3.0,9088,1.03316e+08,28533778944
Quadro GV100,rna004_130bps_fast@v5.3.0,9152,1.06108e+08,28697359872
Quadro GV100,rna004_130bps_fast@v5.3.0,9216,1.10527e+08,28856746496
Quadro GV100,rna004_130bps_fast@v5.3.0,9280,1.0815e+08,29022424576
Quadro GV100,rna004_130bps_fast@v5.3.0,9344,1.04562e+08,29183908352
Quadro GV100,rna004_130bps_fast@v5.3.0,9408,1.07138e+08,29343294976
Quadro GV100,rna004_130bps_fast@v5.3.0,9472,1.05754e+08,29513167360
Quadro GV100,rna004_130bps_fast@v5.3.0,9536,1.08349e+08,29670456832
Quadro GV100,rna004_130bps_fast@v5.3.0,9600,1.08198e+08,29834037760
Quadro GV100,rna004_130bps_fast@v5.3.0,9664,1.07344e+08,29997618688
Quadro GV100,rna004_130bps_fast@v5.3.0,9728,1.05621e+08,30159102464
Quadro GV100,rna004_130bps_fast@v5.3.0,9792,1.07844e+08,30324780544
Quadro GV100,rna004_130bps_fast@v5.3.0,9856,1.04329e+08,30486264320
Quadro GV100,rna004_130bps_fast@v5.3.0,9920,1.06333e+08,30647748096
Quadro GV100,rna004_130bps_fast@v5.3.0,9984,1.0922e+08,30815523328
Quadro GV100,rna004_130bps_fast@v5.3.0,10048,1.0859e+08,30972812800
Quadro GV100,rna004_130bps_fast@v5.3.0,10112,1.0709e+08,31134296576
Quadro GV100,rna004_130bps_fast@v5.3.0,10176,1.08474e+08,31304168960
Quadro GV100,rna004_130bps_fast@v5.3.0,10240,1.01962e+08,31463555584
Quadro GV100,rna004_130bps_hac@v5.1.0,64,939956,1612726784
Quadro GV100,rna004_130bps_hac@v5.1.0,128,1.7578e+06,2123696640
Quadro GV100,rna004_130bps_hac@v5.1.0,192,2.62638e+06,2637050880
Quadro GV100,rna004_130bps_hac@v5.1.0,256,3.50465e+06,3147893760
Quadro GV100,rna004_130bps_hac@v5.1.0,320,4.38769e+06,3659120128
Quadro GV100,rna004_130bps_hac@v5.1.0,384,5.26326e+06,4171771392
Quadro GV100,rna004_130bps_hac@v5.1.0,448,6.08606e+06,4682956800
Quadro GV100,rna004_130bps_hac@v5.1.0,512,6.98794e+06,5191614464
Quadro GV100,rna004_130bps_hac@v5.1.0,576,7.85841e+06,5704681984
Quadro GV100,rna004_130bps_hac@v5.1.0,640,8.72315e+06,6215651840
Quadro GV100,rna004_130bps_hac@v5.1.0,704,9.56897e+06,6727822336
Quadro GV100,rna004_130bps_hac@v5.1.0,768,9.75582e+06,7240357888
Quadro GV100,rna004_130bps_hac@v5.1.0,832,1.05491e+07,7751090176
Quadro GV100,rna004_130bps_hac@v5.1.0,896,1.1356e+07,8263538176
Quadro GV100,rna004_130bps_hac@v5.1.0,960,1.21468e+07,8774696960
Quadro GV100,rna004_130bps_hac@v5.1.0,1024,1.2965e+07,9285224448
Quadro GV100,rna004_130bps_hac@v5.1.0,1088,1.37848e+07,9794827776
Quadro GV100,rna004_130bps_hac@v5.1.0,1152,1.45621e+07,10307664384
Quadro GV100,rna004_130bps_hac@v5.1.0,1216,1.53463e+07,10820269056
Quadro GV100,rna004_130bps_hac@v5.1.0,1280,1.61768e+07,11329547264
Quadro GV100,rna004_130bps_hac@v5.1.0,1344,1.69199e+07,11843380736
Quadro GV100,rna004_130bps_hac@v5.1.0,1408,1.64308e+07,12355984896
Quadro GV100,rna004_130bps_hac@v5.1.0,1472,1.71908e+07,12869390336
Quadro GV100,rna004_130bps_hac@v5.1.0,1536,1.79286e+07,13377288192
Quadro GV100,rna004_130bps_hac@v5.1.0,1600,1.86651e+07,13889604096
Quadro GV100,rna004_130bps_hac@v5.1.0,1664,1.94072e+07,14400111104
Quadro GV100,rna004_130bps_hac@v5.1.0,1728,1.52111e+07,14913564672
Quadro GV100,rna004_130bps_hac@v5.1.0,1792,1.57345e+07,15425656832
Quadro GV100,rna004_130bps_hac@v5.1.0,1856,1.62602e+07,15935827456
Quadro GV100,rna004_130bps_hac@v5.1.0,1920,1.67897e+07,16448431616
Quadro GV100,rna004_130bps_hac@v5.1.0,1984,1.5475e+07,16958417920
Quadro GV100,rna004_130bps_hac@v5.1.0,2048,1.59311e+07,17470126080
Quadro GV100,rna004_130bps_hac@v5.1.0,2112,1.64098e+07,17982050816
Quadro GV100,rna004_130bps_hac@v5.1.0,2176,1.4963e+07,18456906240
Quadro GV100,rna004_130bps_hac@v5.1.0,2240,1.54054e+07,18938998784
Quadro GV100,rna004_130bps_hac@v5.1.0,2304,1.57913e+07,19414198272
Quadro GV100,rna004_130bps_hac@v5.1.0,2368,1.61467e+07,19892431360
Quadro GV100,rna004_130bps_hac@v5.1.0,2432,1.65352e+07,20373194240
Quadro GV100,rna004_130bps_hac@v5.1.0,2496,1.69478e+07,20848955392
Quadro GV100,rna004_130bps_hac@v5.1.0,2560,1.51657e+07,21325395968
Quadro GV100,rna004_130bps_hac@v5.1.0,2624,1.55426e+07,21807095296
Quadro GV100,rna004_130bps_hac@v5.1.0,2688,1.58808e+07,22281566720
Quadro GV100,rna004_130bps_hac@v5.1.0,2752,1.74748e+07,22761274368
Quadro GV100,rna004_130bps_hac@v5.1.0,2816,1.77554e+07,23237449728
Quadro GV100,rna004_130bps_hac@v5.1.0,2880,1.81397e+07,23715987456
Quadro GV100,rna004_130bps_hac@v5.1.0,2944,1.81116e+07,24195020288
Quadro GV100,rna004_130bps_hac@v5.1.0,3008,1.84489e+07,24672799744
Quadro GV100,rna004_130bps_hac@v5.1.0,3072,1.81764e+07,25149945856
Quadro GV100,rna004_130bps_hac@v5.1.0,3136,1.8367e+07,25626002432
Quadro GV100,rna004_130bps_hac@v5.1.0,3200,1.88184e+07,26104928768
Quadro GV100,rna004_130bps_hac@v5.1.0,3264,1.87588e+07,26583979008
Quadro GV100,rna004_130bps_hac@v5.1.0,3328,1.89933e+07,27062560768
Quadro GV100,rna004_130bps_hac@v5.1.0,3392,1.79215e+07,27540714496
Quadro GV100,rna004_130bps_hac@v5.1.0,3456,1.52046e+07,28016771072
Quadro GV100,rna004_130bps_hac@v5.1.0,3520,1.53788e+07,28497170432
Quadro GV100,rna004_130bps_hac@v5.1.0,3584,1.55548e+07,28973611008
Quadro GV100,rna004_130bps_hac@v5.1.0,3648,1.54984e+07,29447954432
Quadro GV100,rna004_130bps_hac@v5.1.0,3712,1.55257e+07,29931483136
Quadro GV100,rna004_130bps_hac@v5.1.0,3776,1.56605e+07,30409636864
Quadro GV100,rna004_130bps_hac@v5.1.0,3840,1.55698e+07,30883596288
Quadro GV100,rna004_130bps_hac@v5.1.0,3904,1.545e+07,31364202496
Quadro GV100,rna004_130bps_hac@v5.1.0,3968,1.57032e+07,31840643072
Quadro GV100,rna004_130bps_hac@v5.1.0,4032,1.58837e+07,32320154624
Quadro GV100,rna004_130bps_hac@v5.1.0,4096,1.56776e+07,32798308352
Quadro GV100,rna004_130bps_hac@v5.2.0,64,878976,1612726784
Quadro GV100,rna004_130bps_hac@v5.2.0,128,1.75232e+06,2123696640
Quadro GV100,rna004_130bps_hac@v5.2.0,192,2.61017e+06,2637050880
Quadro GV100,rna004_130bps_hac@v5.2.0,256,3.50756e+06,3147893760
Quadro GV100,rna004_130bps_hac@v5.2.0,320,4.34962e+06,3659120128
Quadro GV100,rna004_130bps_hac@v5.2.0,384,5.02583e+06,4171771392
Quadro GV100,rna004_130bps_hac@v5.2.0,448,6.07454e+06,4682956800
Quadro GV100,rna004_130bps_hac@v5.2.0,512,6.97522e+06,5191614464
Quadro GV100,rna004_130bps_hac@v5.2.0,576,7.85265e+06,5704681984
Quadro GV100,rna004_130bps_hac@v5.2.0,640,8.141e+06,6215651840
Quadro GV100,rna004_130bps_hac@v5.2.0,704,8.93565e+06,6727822336
Quadro GV100,rna004_130bps_hac@v5.2.0,768,9.72755e+06,7240357888
Quadro GV100,rna004_130bps_hac@v5.2.0,832,1.05117e+07,7751090176
Quadro GV100,rna004_130bps_hac@v5.2.0,896,1.13494e+07,8263538176
Quadro GV100,rna004_130bps_hac@v5.2.0,960,1.16378e+07,8774696960
Quadro GV100,rna004_130bps_hac@v5.2.0,1024,1.26212e+07,9285224448
Quadro GV100,rna004_130bps_hac@v5.2.0,1088,1.36682e+07,9794827776
Quadro GV100,rna004_130bps_hac@v5.2.0,1152,1.45247e+07,10307664384
Quadro GV100,rna004_130bps_hac@v5.2.0,1216,1.53365e+07,10820269056
Quadro GV100,rna004_130bps_hac@v5.2.0,1280,1.55509e+07,11329547264
Quadro GV100,rna004_130bps_hac@v5.2.0,1344,1.50281e+07,11843380736
Quadro GV100,rna004_130bps_hac@v5.2.0,1408,1.61067e+07,12355984896
Quadro GV100,rna004_130bps_hac@v5.2.0,1472,1.65074e+07,12869390336
Quadro GV100,rna004_130bps_hac@v5.2.0,1536,1.71809e+07,13377288192
Quadro GV100,rna004_130bps_hac@v5.2.0,1600,1.77741e+07,13889604096
Quadro GV100,rna004_130bps_hac@v5.2.0,1664,1.93865e+07,14400111104
Quadro GV100,rna004_130bps_hac@v5.2.0,1728,1.48251e+07,14913564672
Quadro GV100,rna004_130bps_hac@v5.2.0,1792,1.53179e+07,15425656832
Quadro GV100,rna004_130bps_hac@v5.2.0,1856,1.60552e+07,15935827456
Quadro GV100,rna004_130bps_hac@v5.2.0,1920,1.68146e+07,16448431616
Quadro GV100,rna004_130bps_hac@v5.2.0,1984,1.54238e+07,16958417920
Quadro GV100,rna004_130bps_hac@v5.2.0,2048,1.59291e+07,17470126080
Quadro GV100,rna004_130bps_hac@v5.2.0,2112,1.63789e+07,17982050816
Quadro GV100,rna004_130bps_hac@v5.2.0,2176,1.49038e+07,18456906240
Quadro GV100,rna004_130bps_hac@v5.2.0,2240,1.53706e+07,18938998784
Quadro GV100,rna004_130bps_hac@v5.2.0,2304,1.57684e+07,19414198272
Quadro GV100,rna004_130bps_hac@v5.2.0,2368,1.61547e+07,19892431360
Quadro GV100,rna004_130bps_hac@v5.2.0,2432,1.65626e+07,20373194240
Quadro GV100,rna004_130bps_hac@v5.2.0,2496,1.69736e+07,20848955392
Quadro GV100,rna004_130bps_hac@v5.2.0,2560,1.51631e+07,21325395968
Quadro GV100,rna004_130bps_hac@v5.2.0,2624,1.55291e+07,21807095296
Quadro GV100,rna004_130bps_hac@v5.2.0,2688,1.64025e+07,22281566720
Quadro GV100,rna004_130bps_hac@v5.2.0,2752,1.73427e+07,22761274368
Quadro GV100,rna004_130bps_hac@v5.2.0,2816,1.78181e+07,23237449728
Quadro GV100,rna004_130bps_hac@v5.2.0,2880,1.82577e+07,23715987456
Quadro GV100,rna004_130bps_hac@v5.2.0,2944,1.82672e+07,24195020288
Quadro GV100,rna004_130bps_hac@v5.2.0,3008,1.83882e+07,24672799744
Quadro GV100,rna004_130bps_hac@v5.2.0,3072,1.84598e+07,25149945856
Quadro GV100,rna004_130bps_hac@v5.2.0,3136,1.87999e+07,25626002432
Quadro GV100,rna004_130bps_hac@v5.2.0,3200,1.8738e+07,26104928768
Quadro GV100,rna004_130bps_hac@v5.2.0,3264,1.87489e+07,26583979008
Quadro GV100,rna004_130bps_hac@v5.2.0,3328,1.9e+07,27062560768
Quadro GV100,rna004_130bps_hac@v5.2.0,3392,1.87227e+07,27540714496
Quadro GV100,rna004_130bps_hac@v5.2.0,3456,1.5171e+07,28016771072
Quadro GV100,rna004_130bps_hac@v5.2.0,3520,1.54267e+07,28497170432
Quadro GV100,rna004_130bps_hac@v5.2.0,3584,1.53144e+07,28973611008
Quadro GV100,rna004_130bps_hac@v5.2.0,3648,1.54529e+07,29447954432
Quadro GV100,rna004_130bps_hac@v5.2.0,3712,1.56122e+07,29931483136
Quadro GV100,rna004_130bps_hac@v5.2.0,3776,1.57866e+07,30409636864
Quadro GV100,rna004_130bps_hac@v5.2.0,3840,1.54724e+07,30883596288
Quadro GV100,rna004_130bps_hac@v5.2.0,3904,1.57343e+07,31364202496
Quadro GV100,rna004_130bps_hac@v5.2.0,3968,1.57352e+07,31840643072
Quadro GV100,rna004_130bps_hac@v5.2.0,4032,1.58197e+07,32320154624
Quadro GV100,rna004_130bps_hac@v5.2.0,4096,1.58015e+07,32798308352
Quadro GV100,rna004_130bps_hac@v5.3.0,64,897338,1612726784
Quadro GV100,rna004_130bps_hac@v5.3.0,128,1.79206e+06,2123696640
Quadro GV100,rna004_130bps_hac@v5.3.0,192,2.67837e+06,2637050880
Quadro GV100,rna004_130bps_hac@v5.3.0,256,3.32336e+06,3147893760
Quadro GV100,rna004_130bps_hac@v5.3.0,320,4.1352e+06,3659120128
Quadro GV100,rna004_130bps_hac@v5.3.0,384,5.34868e+06,4171771392
Quadro GV100,rna004_130bps_hac@v5.3.0,448,5.80481e+06,4682956800
Quadro GV100,rna004_130bps_hac@v5.3.0,512,6.61543e+06,5201854464
Quadro GV100,rna004_130bps_hac@v5.3.0,576,7.74261e+06,5710441984
Quadro GV100,rna004_130bps_hac@v5.3.0,640,8.88436e+06,6222051840
Quadro GV100,rna004_130bps_hac@v5.3.0,704,9.42555e+06,6734862336
Quadro GV100,rna004_130bps_hac@v5.3.0,768,1.02828e+07,7248037888
Quadro GV100,rna004_130bps_hac@v5.3.0,832,1.03148e+07,7759410176
Quadro GV100,rna004_130bps_hac@v5.3.0,896,1.15672e+07,8281458176
Quadro GV100,rna004_130bps_hac@v5.3.0,960,1.1444e+07,8793896960
Quadro GV100,rna004_130bps_hac@v5.3.0,1024,1.35945e+07,9295464448
Quadro GV100,rna004_130bps_hac@v5.3.0,1088,1.29431e+07,9816587776
Quadro GV100,rna004_130bps_hac@v5.3.0,1152,1.48163e+07,10330704384
Quadro GV100,rna004_130bps_hac@v5.3.0,1216,1.52572e+07,10845434880
Quadro GV100,rna004_130bps_hac@v5.3.0,1280,1.485e+07,11355147264
Quadro GV100,rna004_130bps_hac@v5.3.0,1344,1.68004e+07,11870260736
Quadro GV100,rna004_130bps_hac@v5.3.0,1408,1.62361e+07,12382944768
Quadro GV100,rna004_130bps_hac@v5.3.0,1472,1.69603e+07,12898830336
Quadro GV100,rna004_130bps_hac@v5.3.0,1536,1.76679e+07,13408008192
Quadro GV100,rna004_130bps_hac@v5.3.0,1600,1.82863e+07,13923158528
Quadro GV100,rna004_130bps_hac@v5.3.0,1664,1.90931e+07,14433665536
Quadro GV100,rna004_130bps_hac@v5.3.0,1728,1.49144e+07,14948124672
Quadro GV100,rna004_130bps_hac@v5.3.0,1792,1.54495e+07,15463405568
Quadro GV100,rna004_130bps_hac@v5.3.0,1856,1.58981e+07,15973576192
Quadro GV100,rna004_130bps_hac@v5.3.0,1920,1.63686e+07,16486831616
Quadro GV100,rna004_130bps_hac@v5.3.0,1984,1.50642e+07,16998097920
Quadro GV100,rna004_130bps_hac@v5.3.0,2048,1.54721e+07,17512069120
Quadro GV100,rna004_130bps_hac@v5.3.0,2112,1.58967e+07,18024290816
Quadro GV100,rna004_130bps_hac@v5.3.0,2176,1.45208e+07,18500426240
Quadro GV100,rna004_130bps_hac@v5.3.0,2240,1.46659e+07,18985136128
Quadro GV100,rna004_130bps_hac@v5.3.0,2304,1.46564e+07,19460335616
Quadro GV100,rna004_130bps_hac@v5.3.0,2368,1.46831e+07,19939791360
Quadro GV100,rna004_130bps_hac@v5.3.0,2432,1.46616e+07,20423525888
Quadro GV100,rna004_130bps_hac@v5.3.0,2496,1.47233e+07,20899287040
Quadro GV100,rna004_130bps_hac@v5.3.0,2560,1.49064e+07,21376595968
Quadro GV100,rna004_130bps_hac@v5.3.0,2624,1.51167e+07,21861621248
Quadro GV100,rna004_130bps_hac@v5.3.0,2688,1.53726e+07,22336092672
Quadro GV100,rna004_130bps_hac@v5.3.0,2752,1.64668e+07,22816314368
Quadro GV100,rna004_130bps_hac@v5.3.0,2816,1.66801e+07,23293769728
Quadro GV100,rna004_130bps_hac@v5.3.0,2880,1.6884e+07,23774707712
Quadro GV100,rna004_130bps_hac@v5.3.0,2944,1.66255e+07,24257934848
Quadro GV100,rna004_130bps_hac@v5.3.0,3008,1.71001e+07,24735714304
Quadro GV100,rna004_130bps_hac@v5.3.0,3072,1.6812e+07,25212860416
Quadro GV100,rna004_130bps_hac@v5.3.0,3136,1.71116e+07,25688916992
Quadro GV100,rna004_130bps_hac@v5.3.0,3200,1.71602e+07,26172037632
Quadro GV100,rna004_130bps_hac@v5.3.0,3264,1.73136e+07,26651087872
Quadro GV100,rna004_130bps_hac@v5.3.0,3328,1.78348e+07,27129669632
Quadro GV100,rna004_130bps_hac@v5.3.0,3392,1.69961e+07,27612017664
Quadro GV100,rna004_130bps_hac@v5.3.0,3456,1.55358e+07,28086375936
Quadro GV100,rna004_130bps_hac@v5.3.0,3520,1.55819e+07,28567287808
Quadro GV100,rna004_130bps_hac@v5.3.0,3584,1.56464e+07,29049108480
Quadro GV100,rna004_130bps_hac@v5.3.0,3648,1.58056e+07,29523451904
Quadro GV100,rna004_130bps_hac@v5.3.0,3712,1.57416e+07,30006980608
Quadro GV100,rna004_130bps_hac@v5.3.0,3776,1.60068e+07,30489328640
Quadro GV100,rna004_130bps_hac@v5.3.0,3840,1.58558e+07,30963288064
Quadro GV100,rna004_130bps_hac@v5.3.0,3904,1.57941e+07,31443894272
Quadro GV100,rna004_130bps_hac@v5.3.0,3968,1.58545e+07,31920334848
Quadro GV100,rna004_130bps_hac@v5.3.0,4032,1.58873e+07,32404040704
Quadro GV100,rna004_130bps_hac@v5.3.0,4096,1.76869e+07,32882194432
Quadro GV100,rna004_130bps_sup@v5.1.0,32,3.23249e+06,1856961536
Quadro GV100,rna004_130bps_sup@v5.1.0,64,3.46005e+06,3030417920
Quadro GV100,rna004_130bps_sup@v5.1.0,96,3.64536e+06,4204103680
Quadro GV100,rna004_130bps_sup@v5.1.0,128,3.86783e+06,5395614720
Quadro GV100,rna004_130bps_sup@v5.1.0,160,3.77436e+06,6585913856
Quadro GV100,rna004_130bps_sup@v5.1.0,192,3.82233e+06,7775819776
Quadro GV100,rna004_130bps_sup@v5.1.0,224,3.51267e+06,8965857792
Quadro GV100,rna004_130bps_sup@v5.1.0,256,3.67725e+06,10156942336
Quadro GV100,rna004_130bps_sup@v5.2.0,32,3.16241e+06,1856961536
Quadro GV100,rna004_130bps_sup@v5.2.0,64,3.69245e+06,3030417920
Quadro GV100,rna004_130bps_sup@v5.2.0,96,3.80372e+06,4204103680
Quadro GV100,rna004_130bps_sup@v5.2.0,128,3.92988e+06,5395614720
Quadro GV100,rna004_130bps_sup@v5.2.0,160,3.70586e+06,6585913856
Quadro GV100,rna004_130bps_sup@v5.2.0,192,3.81828e+06,7775819776
Quadro GV100,rna004_130bps_sup@v5.2.0,224,3.6667e+06,8965857792
Quadro GV100,rna004_130bps_sup@v5.2.0,256,3.71034e+06,10156942336
Quadro GV100,rna004_130bps_sup@v5.3.0,32,3.29051e+06,1858141184
Quadro GV100,rna004_130bps_sup@v5.3.0,64,3.7539e+06,3032187392
Quadro GV100,rna004_130bps_sup@v5.3.0,96,3.79069e+06,4207642624
Quadro GV100,rna004_130bps_sup@v5.3.0,128,3.87673e+06,5400333312
Quadro GV100,rna004_130bps_sup@v5.3.0,160,3.95738e+06,6591812096
Quadro GV100,rna004_130bps_sup@v5.3.0,192,3.85936e+06,7782897664
Quadro GV100,rna004_130bps_sup@v5.3.0,224,3.71328e+06,8974115328
Quadro GV100,rna004_130bps_sup@v5.3.0,256,3.97368e+06,10166379520
Quadro GV100,rna004_fast@v6.0.0,64,2.17357e+07,1241561600
Quadro GV100,rna004_fast@v6.0.0,128,4.00011e+07,1408109568
Quadro GV100,rna004_fast@v6.0.0,192,5.44297e+07,1572402176
Quadro GV100,rna004_fast@v6.0.0,256,6.83896e+07,1738789376
Quadro GV100,rna004_fast@v6.0.0,320,7.84322e+07,1903081984
Quadro GV100,rna004_fast@v6.0.0,384,8.26383e+07,2069470208
Quadro GV100,rna004_fast@v6.0.0,448,9.18441e+07,2234510848
Quadro GV100,rna004_fast@v6.0.0,512,9.67567e+07,2399297024
Quadro GV100,rna004_fast@v6.0.0,576,1.07041e+08,2563003392
Quadro GV100,rna004_fast@v6.0.0,640,1.13702e+08,2729764352
Quadro GV100,rna004_fast@v6.0.0,704,1.03409e+08,2889297408
Quadro GV100,rna004_fast@v6.0.0,768,1.08132e+08,3051914752
Quadro GV100,rna004_fast@v6.0.0,832,1.07388e+08,3224011776
Quadro GV100,rna004_fast@v6.0.0,896,1.11055e+08,3382919168
Quadro GV100,rna004_fast@v6.0.0,960,1.16968e+08,3556182016
Quadro GV100,rna004_fast@v6.0.0,1024,1.18489e+08,3721311744
Quadro GV100,rna004_fast@v6.0.0,1088,1.21128e+08,3886663680
Quadro GV100,rna004_fast@v6.0.0,1152,1.24206e+08,4049461760
Quadro GV100,rna004_fast@v6.0.0,1216,1.25967e+08,4217372160
Quadro GV100,rna004_fast@v6.0.0,1280,1.30177e+08,4366849024
Quadro GV100,rna004_fast@v6.0.0,1344,1.20646e+08,4545953280
Quadro GV100,rna004_fast@v6.0.0,1408,1.20082e+08,4695828480
Quadro GV100,rna004_fast@v6.0.0,1472,1.22046e+08,4864870400
Quadro GV100,rna004_fast@v6.0.0,1536,1.23983e+08,5025802240
Quadro GV100,rna004_fast@v6.0.0,1600,1.27721e+08,5181031936
Quadro GV100,rna004_fast@v6.0.0,1664,1.26597e+08,5341485056
Quadro GV100,rna004_fast@v6.0.0,1728,1.30941e+08,5509042176
Quadro GV100,rna004_fast@v6.0.0,1792,1.31624e+08,5672942592
Quadro GV100,rna004_fast@v6.0.0,1856,1.33416e+08,5835634176
Quadro GV100,rna004_fast@v6.0.0,1920,1.34009e+08,6002171904
Quadro GV100,rna004_fast@v6.0.0,1984,1.30857e+08,6162625536
Quadro GV100,rna004_fast@v6.0.0,2048,1.22815e+08,6330892800
Quadro GV100,rna004_fast@v6.0.0,2112,1.20725e+08,6494614016
Quadro GV100,rna004_fast@v6.0.0,2176,1.22099e+08,6656737792
Quadro GV100,rna004_fast@v6.0.0,2240,1.2555e+08,6821215232
Quadro GV100,rna004_fast@v6.0.0,2304,1.24602e+08,6981667328
Quadro GV100,rna004_fast@v6.0.0,2368,1.28096e+08,7148797440
Quadro GV100,rna004_fast@v6.0.0,2432,1.2369e+08,7314475520
Quadro GV100,rna004_fast@v6.0.0,2496,1.29484e+08,7473862144
Quadro GV100,rna004_fast@v6.0.0,2560,1.33621e+08,7640257024
Quadro GV100,rna004_fast@v6.0.0,2624,1.21798e+08,7804904960
Quadro GV100,rna004_fast@v6.0.0,2688,1.24205e+08,7968406016
Quadro GV100,rna004_fast@v6.0.0,2752,1.21902e+08,8136574464
Quadro GV100,rna004_fast@v6.0.0,2816,1.23797e+08,8295961088
Quadro GV100,rna004_fast@v6.0.0,2880,1.26953e+08,8461968896
Quadro GV100,rna004_fast@v6.0.0,2944,1.24306e+08,8626044928
Quadro GV100,rna004_fast@v6.0.0,3008,1.26185e+08,8789509632
Quadro GV100,rna004_fast@v6.0.0,3072,1.29331e+08,8953729536
Quadro GV100,rna004_fast@v6.0.0,3136,1.26074e+08,9115853312
Quadro GV100,rna004_fast@v6.0.0,3200,1.28084e+08,9282007040
Quadro GV100,rna004_fast@v6.0.0,3264,1.24872e+08,9448112128
Quadro GV100,rna004_fast@v6.0.0,3328,1.26639e+08,9608802816
Quadro GV100,rna004_fast@v6.0.0,3392,1.29561e+08,9772736000
Quadro GV100,rna004_fast@v6.0.0,3456,1.25502e+08,9932762624
Quadro GV100,rna004_fast@v6.0.0,3520,1.27527e+08,10099483648
Quadro GV100,rna004_fast@v6.0.0,3584,1.29363e+08,10266053120
Quadro GV100,rna004_fast@v6.0.0,3648,1.3205e+08,10428804608
Quadro GV100,rna004_fast@v6.0.0,3712,1.27415e+08,10594482688
Quadro GV100,rna004_fast@v6.0.0,3776,1.30001e+08,10753882112
Quadro GV100,rna004_fast@v6.0.0,3840,1.30717e+08,10920622592
Quadro GV100,rna004_fast@v6.0.0,3904,1.26541e+08,11085270528
Quadro GV100,rna004_fast@v6.0.0,3968,1.27756e+08,11248625152
Quadro GV100,rna004_fast@v6.0.0,4032,1.22759e+08,11414484480
Quadro GV100,rna004_fast@v6.0.0,4096,1.23638e+08,11580211712
Quadro GV100,rna004_fast@v6.0.0,4160,1.26414e+08,11740025344
Quadro GV100,rna004_fast@v6.0.0,4224,1.27767e+08,11906410496
Quadro GV100,rna004_fast@v6.0.0,4288,1.29775e+08,12067631616
Quadro GV100,rna004_fast@v6.0.0,4352,1.22935e+08,12233948672
Quadro GV100,rna004_fast@v6.0.0,4416,1.25408e+08,12402261504
Quadro GV100,rna004_fast@v6.0.0,4480,1.26461e+08,12563745280
Quadro GV100,rna004_fast@v6.0.0,4544,1.28586e+08,12725229056
Quadro GV100,rna004_fast@v6.0.0,4608,1.29685e+08,12886712832
Quadro GV100,rna004_fast@v6.0.0,4672,1.23514e+08,13052955136
Quadro GV100,rna004_fast@v6.0.0,4736,1.24518e+08,13219273216
Quadro GV100,rna004_fast@v6.0.0,4800,1.26858e+08,13381396992
Quadro GV100,rna004_fast@v6.0.0,4864,1.27469e+08,13547328000
Quadro GV100,rna004_fast@v6.0.0,4928,1.30112e+08,13708811776
Quadro GV100,rna004_fast@v6.0.0,4992,1.31145e+08,13872392704
Quadro GV100,rna004_fast@v6.0.0,5056,1.32804e+08,14040376832
Quadro GV100,rna004_fast@v6.0.0,5120,1.24518e+08,14200402432
Quadro GV100,rna004_fast@v6.0.0,5184,1.25784e+08,14366720512
Quadro GV100,rna004_fast@v6.0.0,5248,1.27199e+08,14533007872
Quadro GV100,rna004_fast@v6.0.0,5312,1.20342e+08,14694491648
Quadro GV100,rna004_fast@v6.0.0,5376,1.19704e+08,14860169728
Quadro GV100,rna004_fast@v6.0.0,5440,1.22147e+08,15021653504
Quadro GV100,rna004_fast@v6.0.0,5504,1.22685e+08,15187824128
Quadro GV100,rna004_fast@v6.0.0,5568,1.24692e+08,15352045056
Quadro GV100,rna004_fast@v6.0.0,5632,1.25414e+08,15514167808
Quadro GV100,rna004_fast@v6.0.0,5696,1.27073e+08,15680171520
Quadro GV100,rna004_fast@v6.0.0,5760,1.27846e+08,15841655296
Quadro GV100,rna004_fast@v6.0.0,5824,1.29586e+08,16005236224
Quadro GV100,rna004_fast@v6.0.0,5888,1.20241e+08,16175108608
Quadro GV100,rna004_fast@v6.0.0,5952,1.21816e+08,16334495232
Quadro GV100,rna004_fast@v6.0.0,6016,1.21737e+08,16502270464
Quadro GV100,rna004_fast@v6.0.0,6080,1.24764e+08,16661657088
Quadro GV100,rna004_fast@v6.0.0,6144,1.24678e+08,16827335168
Quadro GV100,rna004_fast@v6.0.0,6208,1.26706e+08,16990916096
Quadro GV100,rna004_fast@v6.0.0,6272,1.26472e+08,17152399872
Quadro GV100,rna004_fast@v6.0.0,6336,1.29276e+08,17322272256
Quadro GV100,rna004_fast@v6.0.0,6400,1.29032e+08,17487950336
Quadro GV100,rna004_fast@v6.0.0,6464,1.20056e+08,17649434112
Quadro GV100,rna004_fast@v6.0.0,6528,1.20801e+08,17813015040
Quadro GV100,rna004_fast@v6.0.0,6592,1.21976e+08,17974498816
Quadro GV100,rna004_fast@v6.0.0,6656,1.22245e+08,18140176896
Quadro GV100,rna004_fast@v6.0.0,6720,1.2463e+08,18310049280
Quadro GV100,rna004_fast@v6.0.0,6784,1.18661e+08,18467338752
Quadro GV100,rna004_fast@v6.0.0,6848,1.26717e+08,18633016832
Quadro GV100,rna004_fast@v6.0.0,6912,1.21574e+08,18792403456
Quadro GV100,rna004_fast@v6.0.0,6976,1.28581e+08,18960178688
Quadro GV100,rna004_fast@v6.0.0,7040,1.26664e+08,19123759616
Quadro GV100,rna004_fast@v6.0.0,7104,1.29055e+08,19285243392
Quadro GV100,rna004_fast@v6.0.0,7168,1.22391e+08,19453018624
Quadro GV100,rna004_fast@v6.0.0,7232,1.17912e+08,19614502400
Quadro GV100,rna004_fast@v6.0.0,7296,1.25572e+08,19782277632
Quadro GV100,rna004_fast@v6.0.0,7360,1.18991e+08,19945858560
Quadro GV100,rna004_fast@v6.0.0,7424,1.18704e+08,20107342336
Quadro GV100,rna004_fast@v6.0.0,7488,1.19494e+08,20270923264
Quadro GV100,rna004_fast@v6.0.0,7552,1.30317e+08,20434504192
Quadro GV100,rna004_fast@v6.0.0,7616,1.20365e+08,20602279424
Quadro GV100,rna004_fast@v6.0.0,7680,1.2048e+08,20767957504
Quadro GV100,rna004_fast@v6.0.0,7744,1.25974e+08,20927344128
Quadro GV100,rna004_fast@v6.0.0,7808,1.19103e+08,21093022208
Quadro GV100,rna004_fast@v6.0.0,7872,1.19138e+08,21258700288
Quadro GV100,rna004_fast@v6.0.0,7936,1.22111e+08,21418086912
Quadro GV100,rna004_fast@v6.0.0,8000,1.1965e+08,21585862144
Quadro GV100,rna004_fast@v6.0.0,8064,1.20672e+08,21747345920
Quadro GV100,rna004_fast@v6.0.0,8128,1.19138e+08,21910926848
Quadro GV100,rna004_fast@v6.0.0,8192,1.19616e+08,22078702080
Quadro GV100,rna004_fast@v6.0.0,8256,1.18811e+08,22240185856
Quadro GV100,rna004_fast@v6.0.0,8320,1.1833e+08,22370212352
Quadro GV100,rna004_fast@v6.0.0,8384,1.19504e+08,22498141696
Quadro GV100,rna004_fast@v6.0.0,8448,1.17398e+08,22632362496
Quadro GV100,rna004_fast@v6.0.0,8512,1.18584e+08,22766583296
Quadro GV100,rna004_fast@v6.0.0,8576,1.18532e+08,22892415488
Quadro GV100,rna004_fast@v6.0.0,8640,1.19327e+08,23024539136
Quadro GV100,rna004_fast@v6.0.0,8704,1.2155e+08,23150371328
Quadro GV100,rna004_fast@v6.0.0,8768,1.20727e+08,23282494976
Quadro GV100,rna004_fast@v6.0.0,8832,1.21646e+08,23418812928
Quadro GV100,rna004_fast@v6.0.0,8896,1.23102e+08,23546742272
Quadro GV100,rna004_fast@v6.0.0,8960,1.22431e+08,23676768768
Quadro GV100,rna004_fast@v6.0.0,9024,1.24473e+08,23808892416
Quadro GV100,rna004_fast@v6.0.0,9088,1.21397e+08,23932627456
Quadro GV100,rna004_fast@v6.0.0,9152,1.21736e+08,24066848256
Quadro GV100,rna004_fast@v6.0.0,9216,1.21818e+08,24194777600
Quadro GV100,rna004_fast@v6.0.0,9280,1.2089e+08,24328998400
Quadro GV100,rna004_fast@v6.0.0,9344,1.22166e+08,24461122048
Quadro GV100,rna004_fast@v6.0.0,9408,1.21024e+08,24586954240
Quadro GV100,rna004_fast@v6.0.0,9472,1.21947e+08,24721175040
Quadro GV100,rna004_fast@v6.0.0,9536,1.2285e+08,24847007232
Quadro GV100,rna004_fast@v6.0.0,9600,1.27909e+08,24979130880
Quadro GV100,rna004_fast@v6.0.0,9664,1.22089e+08,25113351680
Quadro GV100,rna004_fast@v6.0.0,9728,1.29892e+08,25241281024
Quadro GV100,rna004_fast@v6.0.0,9792,1.28476e+08,25373404672
Quadro GV100,rna004_fast@v6.0.0,9856,1.2404e+08,25501334016
Quadro GV100,rna004_fast@v6.0.0,9920,1.23262e+08,25631360512
Quadro GV100,rna004_fast@v6.0.0,9984,1.30235e+08,25763484160
Quadro GV100,rna004_fast@v6.0.0,10048,1.28683e+08,25891413504
Quadro GV100,rna004_fast@v6.0.0,10112,1.23996e+08,26027731456
Quadro GV100,rna004_fast@v6.0.0,10176,1.22305e+08,26157757952
Quadro GV100,rna004_fast@v6.0.0,10240,1.20522e+08,26283590144
Quadro GV100,rna004_hac@v6.0.0,64,275691,1678860800
Quadro GV100,rna004_hac@v6.0.0,128,525802,2242108928
Quadro GV100,rna004_hac@v6.0.0,192,811947,2805713408
Quadro GV100,rna004_hac@v6.0.0,256,1.0835e+06,3368605184
Quadro GV100,rna004_hac@v6.0.0,320,1.35552e+06,3934342656
Quadro GV100,rna004_hac@v6.0.0,384,1.60051e+06,4495813632
Quadro GV100,rna004_hac@v6.0.0,448,1.8636e+06,5060447744
Quadro GV100,rna004_hac@v6.0.0,512,2.13465e+06,5621848064
Quadro GV100,rna004_hac@v6.0.0,576,2.39333e+06,6184982528
Quadro GV100,rna004_hac@v6.0.0,640,2.6444e+06,6751187456
Quadro GV100,rna004_hac@v6.0.0,704,2.84806e+06,7312574976
Quadro GV100,rna004_hac@v6.0.0,768,3.0052e+06,7876688384
Quadro GV100,rna004_hac@v6.0.0,832,3.14201e+06,8438127616
Quadro GV100,rna004_hac@v6.0.0,896,3.2556e+06,9014064640
Quadro GV100,rna004_hac@v6.0.0,960,3.47666e+06,9585626624
Quadro GV100,rna004_hac@v6.0.0,1024,4.00654e+06,10138819584
Quadro GV100,rna004_hac@v6.0.0,1088,3.8869e+06,10714812928
Quadro GV100,rna004_hac@v6.0.0,1152,4.06564e+06,11277449728
Quadro GV100,rna004_hac@v6.0.0,1216,4.25307e+06,11846696960
Quadro GV100,rna004_hac@v6.0.0,1280,5.1041e+06,12408788480
Quadro GV100,rna004_hac@v6.0.0,1344,4.65822e+06,12974235648
Quadro GV100,rna004_hac@v6.0.0,1408,4.75306e+06,13539317760
Quadro GV100,rna004_hac@v6.0.0,1472,5.76848e+06,14106824192
Quadro GV100,rna004_hac@v6.0.0,1536,5.9677e+06,14668922880
Quadro GV100,rna004_hac@v6.0.0,1600,5.75936e+06,15235813376
Quadro GV100,rna004_hac@v6.0.0,1664,6.37673e+06,15796294144
Quadro GV100,rna004_hac@v6.0.0,1728,6.44999e+06,16362170368
Quadro GV100,rna004_hac@v6.0.0,1792,6.68173e+06,16896700928
Quadro GV100,rna004_hac@v6.0.0,1856,6.8363e+06,17423836160
Quadro GV100,rna004_hac@v6.0.0,1920,7.05109e+06,17957898240
Quadro GV100,rna004_hac@v6.0.0,1984,7.03602e+06,18484216320
Quadro GV100,rna004_hac@v6.0.0,2048,7.25991e+06,19018847232
Quadro GV100,rna004_hac@v6.0.0,2112,7.40967e+06,19549564416
Quadro GV100,rna004_hac@v6.0.0,2176,7.57872e+06,20078109184
Quadro GV100,rna004_hac@v6.0.0,2240,7.73198e+06,20614301696
Quadro GV100,rna004_hac@v6.0.0,2304,7.84895e+06,21139469824
Quadro GV100,rna004_hac@v6.0.0,2368,7.98253e+06,21674979328
Quadro GV100,rna004_hac@v6.0.0,2432,8.08592e+06,22209109504
Quadro GV100,rna004_hac@v6.0.0,2496,7.8016e+06,22736055808
Quadro GV100,rna004_hac@v6.0.0,2560,8.3967e+06,23268255744
Quadro GV100,rna004_hac@v6.0.0,2624,7.97973e+06,23799785984
Quadro GV100,rna004_hac@v6.0.0,2688,7.98548e+06,24329968640
Quadro GV100,rna004_hac@v6.0.0,2752,7.59695e+06,24861363712
Quadro GV100,rna004_hac@v6.0.0,2816,7.69645e+06,25389350400
Quadro GV100,rna004_hac@v6.0.0,2880,7.72753e+06,25923005440
Quadro GV100,rna004_hac@v6.0.0,2944,7.89737e+06,26458528768
Quadro GV100,rna004_hac@v6.0.0,3008,8.00076e+06,26986577920
Quadro GV100,rna004_hac@v6.0.0,3072,8.02191e+06,27517479936
Quadro GV100,rna004_hac@v6.0.0,3136,8.05858e+06,28044319232
Quadro GV100,rna004_hac@v6.0.0,3200,8.12425e+06,28580696576
Quadro GV100,rna004_hac@v6.0.0,3264,7.78284e+06,29111837184
Quadro GV100,rna004_hac@v6.0.0,3328,7.70912e+06,29639660544
Quadro GV100,rna004_hac@v6.0.0,3392,7.64351e+06,30176841728
Quadro GV100,rna004_hac@v6.0.0,3456,7.70982e+06,30701583872
Quadro GV100,rna004_hac@v6.0.0,3520,7.75042e+06,31235117568
Quadro GV100,rna004_hac@v6.0.0,3584,7.84133e+06,31769635840
Quadro GV100,rna004_hac@v6.0.0,3648,7.921e+06,32296243200
Quadro GV100,rna004_hac@v6.0.0,3712,8.36496e+06,32828922880
Quadro GV100,rna004_sup@v6.0.0,32,2.85022e+06,1931555840
Quadro GV100,rna004_sup@v6.0.0,64,3.05709e+06,3105602048
Quadro GV100,rna004_sup@v6.0.0,96,3.2578e+06,4281057280
Quadro GV100,rna004_sup@v6.0.0,128,3.28203e+06,5473747968
Quadro GV100,rna004_sup@v6.0.0,160,3.36691e+06,6665226752
Quadro GV100,rna004_sup@v6.0.0,192,3.17476e+06,7856312320
Quadro GV100,rna004_sup@v6.0.0,224,3.10056e+06,9047497216
Quadro GV100,rna004_sup@v6.0.0,256,3.06901e+06,10240056320
